#ifdef __has_include
#if __has_include("lvgl.h")
#ifndef LV_LVGL_H_INCLUDE_SIMPLE
#define LV_LVGL_H_INCLUDE_SIMPLE
#endif
#endif
#endif

#if defined(LV_LVGL_H_INCLUDE_SIMPLE)
#include "lvgl.h"
#else
#include "lvgl/lvgl.h"
#endif

#ifndef LV_ATTRIBUTE_MEM_ALIGN
#define LV_ATTRIBUTE_MEM_ALIGN
#endif

#ifndef LV_ATTRIBUTE_IMAGE_ICON_XIAOZHI
#define LV_ATTRIBUTE_IMAGE_ICON_XIAOZHI
#endif

const LV_ATTRIBUTE_MEM_ALIGN LV_ATTRIBUTE_LARGE_CONST LV_ATTRIBUTE_IMAGE_ICON_XIAOZHI uint8_t icon_xiaozhi_map[] = {
    0x42, 0x00, 0x42, 0x00, 0x42, 0x00, 0x42, 0x00, 0x42, 0x00, 0x42, 0x00, 0x42, 0x00, 0x62, 0x00,
    0x62, 0x00, 0x62, 0x08, 0x63, 0x08, 0x63, 0x08, 0x63, 0x08, 0x63, 0x08, 0x63, 0x08, 0x83, 0x08,
    0x83, 0x08, 0x83, 0x08, 0x84, 0x08, 0x84, 0x08, 0xa4, 0x08, 0xa4, 0x08, 0xa4, 0x08, 0xa5, 0x08,
    0xa5, 0x08, 0xc5, 0x08, 0xc5, 0x08, 0xc5, 0x10, 0xc6, 0x10, 0xe6, 0x10, 0xe6, 0x10, 0xe6, 0x10,
    0xe7, 0x10, 0x07, 0x11, 0x07, 0x11, 0x28, 0x11, 0x28, 0x19, 0x28, 0x11, 0x07, 0x11, 0xe7, 0x10,
    0x07, 0x11, 0x6a, 0x19, 0xcc, 0x21, 0x70, 0x3a, 0x35, 0x4b, 0x76, 0x53, 0x3a, 0x64, 0x3b, 0x6c,
    0x9d, 0x74, 0xff, 0x7c, 0xdf, 0x7c, 0xdf, 0x7c, 0xdf, 0x7c, 0xdf, 0x7c, 0xdf, 0x7c, 0xdf, 0x7c,
    0xdf, 0x7c, 0xdf, 0x7c, 0xdf, 0x7c, 0xdf, 0x7c, 0xdf, 0x7c, 0xdf, 0x7c, 0xdf, 0x7c, 0xdf, 0x7c,
    0xdf, 0x7c, 0xdf, 0x7c, 0xdf, 0x7c, 0xdf, 0x7c, 0xdf, 0x7c, 0xdf, 0x7c, 0xdf, 0x7c, 0xdf, 0x7c,
    0xdf, 0x7c, 0xdf, 0x84, 0xdf, 0x84, 0xdf, 0x84, 0xdf, 0x84, 0xdf, 0x84, 0xdf, 0x84, 0xdf, 0x84,
    0xdf, 0x84, 0xdf, 0x84, 0xdf, 0x84, 0xdf, 0x84, 0xdf, 0x84, 0xdf, 0x84, 0xdf, 0x84, 0xdf, 0x84,
    0xdf, 0x84, 0xdf, 0x84, 0xdf, 0x84, 0xdf, 0x84, 0xdf, 0x84, 0xdf, 0x84, 0xdf, 0x84, 0xbf, 0x84,
    0xbf, 0x84, 0xbf, 0x84, 0xbf, 0x84, 0xbf, 0x84, 0xbf, 0x84, 0xbf, 0x84, 0xbf, 0x84, 0xbf, 0x84,
    0xbf, 0x84, 0xbf, 0x84, 0xbf, 0x84, 0xbf, 0x84, 0xbf, 0x84, 0xbf, 0x84, 0xbf, 0x84, 0xbf, 0x84,
    0xbf, 0x84, 0xbf, 0x84, 0xbf, 0x84, 0xbf, 0x84, 0xbf, 0x84, 0xbf, 0x84, 0xbf, 0x84, 0xbf, 0x84,
    0xbf, 0x84, 0xbf, 0x84, 0xbf, 0x84, 0xbf, 0x84, 0xbf, 0x84, 0xbf, 0x84, 0xbf, 0x84, 0xbf, 0x84,
    0xbf, 0x84, 0xbf, 0x84, 0xbf, 0x84, 0xbf, 0x8c, 0xbf, 0x8c, 0xbf, 0x8c, 0xbf, 0x8c, 0xbf, 0x8c,
    0xbf, 0x8c, 0xbf, 0x8c, 0xbf, 0x8c, 0xbf, 0x8c, 0xbf, 0x8c, 0xbf, 0x8c, 0x9f, 0x8c, 0x9f, 0x8c,
    0x9f, 0x8c, 0x9f, 0x8c, 0x9f, 0x8c, 0x9f, 0x8c, 0x9f, 0x8c, 0x9f, 0x8c, 0xbf, 0x8c, 0x5d, 0x84,
    0xfa, 0x73, 0xfa, 0x73, 0x36, 0x5b, 0x15, 0x53, 0x50, 0x3a, 0xcc, 0x29, 0x6a, 0x19, 0x07, 0x11,
    0xe7, 0x08, 0x07, 0x11, 0x28, 0x11, 0x28, 0x19, 0x28, 0x11, 0x07, 0x11, 0x07, 0x11, 0xe7, 0x10,
    0xe6, 0x10, 0xe6, 0x10, 0xe6, 0x10, 0xc6, 0x10, 0xc5, 0x10, 0xc5, 0x08, 0xc5, 0x08, 0xa5, 0x08,
    0xa5, 0x08, 0xa4, 0x08, 0xa4, 0x08, 0xa4, 0x08, 0x84, 0x08, 0x84, 0x08, 0x83, 0x08, 0x83, 0x08,
    0x83, 0x08, 0x63, 0x08, 0x63, 0x08, 0x63, 0x08, 0x63, 0x08, 0x63, 0x08, 0x62, 0x08, 0x62, 0x00,
    0x62, 0x00, 0x42, 0x00, 0x42, 0x00, 0x42, 0x00, 0x42, 0x00, 0x42, 0x00, 0x42, 0x00, 0x42, 0x00,
    0x42, 0x00, 0x42, 0x00, 0x42, 0x00, 0x42, 0x00, 0x42, 0x00, 0x42, 0x00, 0x42, 0x00, 0x62, 0x00,
    0x62, 0x08, 0x62, 0x08, 0x63, 0x08, 0x63, 0x08, 0x63, 0x08, 0x63, 0x08, 0x63, 0x08, 0x83, 0x08,
    0x83, 0x08, 0x84, 0x08, 0x84, 0x08, 0x84, 0x08, 0xa4, 0x08, 0xa4, 0x08, 0xa4, 0x08, 0xa5, 0x08,
    0xa5, 0x08, 0xc5, 0x08, 0xc5, 0x10, 0xc5, 0x10, 0xc6, 0x10, 0xe6, 0x10, 0xe6, 0x10, 0xe6, 0x10,
    0x07, 0x11, 0x07, 0x11, 0x07, 0x11, 0xe6, 0x10, 0xe6, 0x08, 0x28, 0x19, 0xed, 0x29, 0xd2, 0x42,
    0xd8, 0x5b, 0x7c, 0x74, 0xbe, 0x74, 0x1f, 0x7d, 0x1f, 0x85, 0x1f, 0x85, 0xff, 0x7c, 0xff, 0x7c,
    0xdf, 0x7c, 0xde, 0x7c, 0xde, 0x7c, 0xde, 0x7c, 0xde, 0x7c, 0xde, 0x7c, 0xde, 0x7c, 0xde, 0x7c,
    0xbe, 0x7c, 0xbe, 0x7c, 0xbe, 0x7c, 0xbe, 0x7c, 0xbe, 0x7c, 0xbe, 0x7c, 0xbe, 0x7c, 0xbe, 0x7c,
    0xbe, 0x7c, 0xbe, 0x7c, 0xbe, 0x7c, 0xbe, 0x7c, 0xbe, 0x7c, 0xbe, 0x7c, 0xbe, 0x7c, 0xbe, 0x7c,
    0xbe, 0x7c, 0xbe, 0x7c, 0xbe, 0x7c, 0xbe, 0x7c, 0xbe, 0x7c, 0xbe, 0x7c, 0xbe, 0x7c, 0xbe, 0x7c,
    0xbe, 0x7c, 0xbe, 0x7c, 0xbe, 0x7c, 0xbe, 0x7c, 0xbe, 0x7c, 0xbe, 0x7c, 0xbe, 0x7c, 0xbe, 0x7c,
    0xbe, 0x84, 0xbe, 0x84, 0xbe, 0x84, 0xbe, 0x84, 0xbe, 0x84, 0xbe, 0x84, 0xbe, 0x84, 0xbe, 0x84,
    0xbe, 0x84, 0xbe, 0x84, 0xbe, 0x84, 0xbe, 0x84, 0xbe, 0x84, 0xbe, 0x84, 0xbe, 0x84, 0xbe, 0x84,
    0x9e, 0x84, 0x9e, 0x84, 0x9e, 0x84, 0x9e, 0x84, 0x9e, 0x84, 0x9e, 0x84, 0x9e, 0x84, 0x9e, 0x84,
    0x9e, 0x84, 0x9e, 0x84, 0x9e, 0x84, 0x9e, 0x84, 0x9e, 0x84, 0x9e, 0x84, 0x9e, 0x84, 0x9e, 0x84,
    0x9e, 0x84, 0x9e, 0x84, 0x9e, 0x84, 0x9e, 0x84, 0x9e, 0x84, 0x9e, 0x84, 0x9e, 0x84, 0x9e, 0x84,
    0x9e, 0x84, 0x9e, 0x84, 0x9e, 0x84, 0x9e, 0x84, 0x9e, 0x84, 0x9e, 0x84, 0x9e, 0x84, 0x9e, 0x84,
    0x9e, 0x84, 0x9e, 0x84, 0x9e, 0x84, 0x9e, 0x84, 0x9e, 0x84, 0x9e, 0x8c, 0x9e, 0x84, 0x9e, 0x84,
    0x9e, 0x84, 0x9e, 0x8c, 0x9e, 0x8c, 0x9e, 0x8c, 0x9e, 0x8c, 0x9e, 0x8c, 0x9e, 0x8c, 0x9f, 0x8c,
    0xbf, 0x8c, 0xbf, 0x8c, 0xdf, 0x94, 0xdf, 0x94, 0xbf, 0x94, 0x7e, 0x8c, 0x3c, 0x7c, 0x97, 0x6b,
    0xb2, 0x4a, 0xed, 0x29, 0x28, 0x19, 0xe6, 0x08, 0xe6, 0x08, 0x07, 0x11, 0x07, 0x11, 0x07, 0x11,
    0xe6, 0x10, 0xe6, 0x10, 0xe6, 0x10, 0xc6, 0x10, 0xc5, 0x10, 0xc5, 0x10, 0xc5, 0x08, 0xa5, 0x08,
    0xa5, 0x08, 0xa4, 0x08, 0xa4, 0x08, 0xa4, 0x08, 0x84, 0x08, 0x84, 0x08, 0x84, 0x08, 0x83, 0x08,
    0x83, 0x08, 0x63, 0x08, 0x63, 0x08, 0x63, 0x08, 0x63, 0x08, 0x63, 0x08, 0x62, 0x08, 0x62, 0x08,
    0x62, 0x00, 0x42, 0x00, 0x42, 0x00, 0x42, 0x00, 0x42, 0x00, 0x42, 0x00, 0x42, 0x00, 0x42, 0x00,
    0x42, 0x00, 0x42, 0x00, 0x42, 0x00, 0x42, 0x00, 0x42, 0x00, 0x42, 0x00, 0x62, 0x00, 0x62, 0x08,
    0x62, 0x08, 0x63, 0x08, 0x63, 0x08, 0x63, 0x08, 0x63, 0x08, 0x63, 0x08, 0x83, 0x08, 0x83, 0x08,
    0x83, 0x08, 0x84, 0x08, 0x84, 0x08, 0x84, 0x08, 0xa4, 0x08, 0xa4, 0x08, 0xa5, 0x08, 0xa5, 0x08,
    0xc5, 0x08, 0xc5, 0x08, 0xc5, 0x10, 0xc6, 0x10, 0xe6, 0x10, 0xe6, 0x10, 0x07, 0x11, 0x07, 0x11,
    0xc6, 0x10, 0xc5, 0x08, 0x28, 0x19, 0x4f, 0x32, 0x96, 0x53, 0x7b, 0x6c, 0x1f, 0x85, 0x3f, 0x85,
    0x3f, 0x85, 0xff, 0x7c, 0xff, 0x7c, 0xde, 0x7c, 0xde, 0x74, 0xbe, 0x7c, 0xbe, 0x7c, 0xbd, 0x7c,
    0xbd, 0x7c, 0xbe, 0x7c, 0xbd, 0x7c, 0xbd, 0x7c, 0xbd, 0x7c, 0xbd, 0x7c, 0xbd, 0x7c, 0xbd, 0x7c,
    0xbd, 0x7c, 0xbd, 0x7c, 0xbd, 0x7c, 0xbd, 0x7c, 0xbd, 0x7c, 0xbd, 0x7c, 0xbd, 0x7c, 0xbd, 0x7c,
    0xbd, 0x7c, 0xbd, 0x7c, 0xbd, 0x7c, 0xbd, 0x7c, 0xbd, 0x7c, 0xbd, 0x7c, 0xbd, 0x7c, 0xbd, 0x7c,
    0xbd, 0x7c, 0xbd, 0x7c, 0xbd, 0x7c, 0xbd, 0x7c, 0xbd, 0x7c, 0xbd, 0x7c, 0xbd, 0x7c, 0xbd, 0x7c,
    0xbd, 0x7c, 0xbd, 0x7c, 0xbd, 0x7c, 0xbd, 0x7c, 0xbd, 0x7c, 0xbd, 0x7c, 0xbd, 0x7c, 0xbd, 0x84,
    0xbd, 0x84, 0xbd, 0x84, 0xbd, 0x84, 0xbd, 0x84, 0xbd, 0x84, 0x9d, 0x84, 0x9d, 0x84, 0x9d, 0x84,
    0x9d, 0x84, 0x9d, 0x84, 0x9d, 0x84, 0x9d, 0x84, 0x9d, 0x84, 0x9d, 0x84, 0x9d, 0x84, 0x9d, 0x84,
    0x9d, 0x84, 0x9d, 0x84, 0x9d, 0x84, 0x9d, 0x84, 0x9d, 0x84, 0x9d, 0x84, 0x9d, 0x84, 0x9d, 0x84,
    0x9d, 0x84, 0x9d, 0x84, 0x9d, 0x84, 0x9d, 0x84, 0x9d, 0x84, 0x9d, 0x84, 0x9d, 0x84, 0x9d, 0x84,
    0x9d, 0x84, 0x9d, 0x84, 0x9d, 0x84, 0x9d, 0x84, 0x9d, 0x84, 0x9d, 0x84, 0x9d, 0x84, 0x9d, 0x84,
    0x9d, 0x84, 0x9d, 0x84, 0x9d, 0x84, 0x9d, 0x84, 0x9d, 0x84, 0x9d, 0x84, 0x9d, 0x84, 0x9d, 0x84,
    0x9d, 0x84, 0x9d, 0x84, 0x9d, 0x84, 0x9d, 0x84, 0x9d, 0x84, 0x7d, 0x84, 0x7d, 0x84, 0x7d, 0x84,
    0x7d, 0x84, 0x7d, 0x84, 0x7d, 0x84, 0x7d, 0x84, 0x7d, 0x84, 0x7d, 0x84, 0x7d, 0x8c, 0x7d, 0x84,
    0x7d, 0x84, 0x7d, 0x84, 0x7d, 0x84, 0x7e, 0x8c, 0x9e, 0x8c, 0x9f, 0x8c, 0xbf, 0x8c, 0xdf, 0x94,
    0xdf, 0x94, 0xbf, 0x94, 0x3b, 0x7c, 0x56, 0x63, 0x2f, 0x3a, 0x28, 0x19, 0xc5, 0x08, 0xe6, 0x08,
    0x07, 0x11, 0xe7, 0x10, 0xe6, 0x10, 0xe6, 0x10, 0xc6, 0x10, 0xc5, 0x10, 0xc5, 0x08, 0xc5, 0x08,
    0xa5, 0x08, 0xa5, 0x08, 0xa4, 0x08, 0xa4, 0x08, 0x84, 0x08, 0x84, 0x08, 0x84, 0x08, 0x83, 0x08,
    0x83, 0x08, 0x83, 0x08, 0x63, 0x08, 0x63, 0x08, 0x63, 0x08, 0x63, 0x08, 0x63, 0x08, 0x62, 0x08,
    0x62, 0x08, 0x62, 0x00, 0x42, 0x00, 0x42, 0x00, 0x42, 0x00, 0x42, 0x00, 0x42, 0x00, 0x42, 0x00,
    0x42, 0x00, 0x42, 0x00, 0x42, 0x00, 0x42, 0x00, 0x42, 0x00, 0x62, 0x00, 0x62, 0x08, 0x62, 0x08,
    0x63, 0x08, 0x63, 0x08, 0x63, 0x08, 0x63, 0x08, 0x63, 0x08, 0x83, 0x08, 0x83, 0x08, 0x83, 0x08,
    0x84, 0x08, 0x84, 0x08, 0x84, 0x08, 0xa4, 0x08, 0xa4, 0x08, 0xa4, 0x08, 0xa5, 0x08, 0xa5, 0x08,
    0xc5, 0x08, 0xc5, 0x10, 0xc5, 0x10, 0xc6, 0x10, 0xe6, 0x10, 0xe6, 0x10, 0xa5, 0x08, 0xc6, 0x08,
    0xab, 0x21, 0x34, 0x4b, 0x9d, 0x74, 0x3f, 0x85, 0x3f, 0x85, 0x1f, 0x7d, 0xdf, 0x7c, 0xde, 0x74,
    0xde, 0x74, 0xbe, 0x7c, 0xde, 0x7c, 0xbe, 0x7c, 0xbd, 0x7c, 0xbd, 0x7c, 0xbd, 0x7c, 0xbd, 0x7c,
    0xbd, 0x7c, 0xbd, 0x7c, 0xbd, 0x7c, 0xdd, 0x7c, 0xdd, 0x7c, 0xdd, 0x7c, 0xbd, 0x7c, 0xbd, 0x7c,
    0xbd, 0x7c, 0xbd, 0x7c, 0xbd, 0x7c, 0xbd, 0x7c, 0xbd, 0x7c, 0xbd, 0x7c, 0xbd, 0x7c, 0xbd, 0x7c,
    0xbd, 0x7c, 0xbd, 0x7c, 0xbd, 0x7c, 0xbd, 0x7c, 0xbd, 0x7c, 0xbd, 0x7c, 0xbd, 0x84, 0xbd, 0x84,
    0xbd, 0x84, 0xbd, 0x84, 0xbd, 0x84, 0xbd, 0x84, 0xbd, 0x84, 0xbd, 0x84, 0xbd, 0x84, 0xbd, 0x84,
    0xbd, 0x84, 0xbd, 0x84, 0xbd, 0x84, 0xbd, 0x84, 0xbd, 0x84, 0xbd, 0x84, 0xbd, 0x84, 0xbd, 0x84,
    0xbd, 0x84, 0xbd, 0x84, 0xbd, 0x84, 0xbd, 0x84, 0xbd, 0x84, 0xbd, 0x84, 0xbd, 0x84, 0xbd, 0x84,
    0xbd, 0x84, 0xbd, 0x84, 0xbd, 0x84, 0xbd, 0x84, 0xbd, 0x84, 0xbd, 0x84, 0x9d, 0x84, 0xbd, 0x84,
    0xbd, 0x84, 0xbd, 0x84, 0xbd, 0x84, 0xbd, 0x84, 0xbd, 0x84, 0xbd, 0x84, 0xbd, 0x84, 0xbd, 0x84,
    0xbd, 0x84, 0xbd, 0x84, 0xbd, 0x84, 0xbd, 0x84, 0xbd, 0x84, 0xbd, 0x84, 0xbd, 0x84, 0xbd, 0x84,
    0x9d, 0x84, 0x9d, 0x84, 0x9d, 0x84, 0x9d, 0x84, 0x9d, 0x84, 0x9d, 0x84, 0x9d, 0x84, 0x9d, 0x84,
    0x9d, 0x84, 0x9d, 0x84, 0x9d, 0x84, 0x9d, 0x84, 0x9d, 0x84, 0x9d, 0x8c, 0x9d, 0x8c, 0x9d, 0x8c,
    0x9d, 0x8c, 0x9d, 0x8c, 0x9d, 0x8c, 0x9d, 0x8c, 0x9d, 0x8c, 0x9d, 0x8c, 0x9d, 0x8c, 0x9d, 0x8c,
    0x9d, 0x8c, 0x9d, 0x8c, 0x9d, 0x8c, 0x9d, 0x8c, 0x9d, 0x8c, 0x9d, 0x8c, 0x9d, 0x8c, 0x9d, 0x8c,
    0x7d, 0x8c, 0x7d, 0x8c, 0x7d, 0x8c, 0x7d, 0x8c, 0x7d, 0x8c, 0x7d, 0x8c, 0x7d, 0x84, 0x7d, 0x8c,
    0x7e, 0x8c, 0x9e, 0x8c, 0xbf, 0x94, 0xdf, 0x94, 0xdf, 0x94, 0x5c, 0x84, 0x14, 0x5b, 0xab, 0x29,
    0xc6, 0x08, 0xc5, 0x08, 0xe6, 0x10, 0xe6, 0x10, 0xc6, 0x10, 0xc5, 0x10, 0xc5, 0x10, 0xc5, 0x08,
    0xa5, 0x08, 0xa5, 0x08, 0xa4, 0x08, 0xa4, 0x08, 0xa4, 0x08, 0x84, 0x08, 0x84, 0x08, 0x84, 0x08,
    0x83, 0x08, 0x83, 0x08, 0x83, 0x08, 0x63, 0x08, 0x63, 0x08, 0x63, 0x08, 0x63, 0x08, 0x63, 0x08,
    0x62, 0x08, 0x62, 0x08, 0x62, 0x00, 0x42, 0x00, 0x42, 0x00, 0x42, 0x00, 0x42, 0x00, 0x42, 0x00,
    0x42, 0x00, 0x42, 0x00, 0x42, 0x00, 0x42, 0x00, 0x62, 0x00, 0x62, 0x08, 0x62, 0x08, 0x63, 0x08,
    0x63, 0x08, 0x63, 0x08, 0x63, 0x08, 0x63, 0x08, 0x63, 0x08, 0x83, 0x08, 0x83, 0x08, 0x84, 0x08,
    0x84, 0x08, 0x84, 0x08, 0x84, 0x08, 0xa4, 0x08, 0xa4, 0x08, 0xa5, 0x08, 0xa5, 0x08, 0xc5, 0x08,
    0xc5, 0x08, 0xc5, 0x10, 0xe6, 0x10, 0xe6, 0x10, 0xa4, 0x08, 0xe6, 0x10, 0x0d, 0x2a, 0xf8, 0x63,
    0xff, 0x7c, 0x3f, 0x85, 0xff, 0x7c, 0xde, 0x7c, 0xde, 0x74, 0xbe, 0x7c, 0xde, 0x7c, 0xbe, 0x7c,
    0xbd, 0x7c, 0xbd, 0x7c, 0xdd, 0x7c, 0xbd, 0x7c, 0xbd, 0x7c, 0xdd, 0x7c, 0xdd, 0x7c, 0xdd, 0x7c,
    0xdd, 0x7c, 0xdd, 0x7c, 0xdd, 0x7c, 0xdd, 0x7c, 0xdd, 0x7c, 0xbd, 0x7c, 0xbd, 0x7c, 0xbd, 0x7c,
    0xbd, 0x7c, 0xbd, 0x7c, 0xbd, 0x7c, 0xbd, 0x7c, 0xbd, 0x7c, 0xbd, 0x7c, 0xbd, 0x7c, 0xbd, 0x7c,
    0xbd, 0x7c, 0xbd, 0x7c, 0xbd, 0x7c, 0xbd, 0x7c, 0xbd, 0x7c, 0xbd, 0x84, 0xbd, 0x84, 0xbd, 0x84,
    0xbd, 0x84, 0xbd, 0x84, 0xbd, 0x84, 0xbd, 0x84, 0xbd, 0x84, 0xbd, 0x84, 0xbd, 0x84, 0xbd, 0x84,
    0xbd, 0x84, 0xbd, 0x84, 0xbd, 0x84, 0xbd, 0x84, 0xbd, 0x84, 0xbd, 0x84, 0xbd, 0x84, 0xbd, 0x84,
    0xbd, 0x84, 0xbd, 0x84, 0xbd, 0x84, 0xbd, 0x84, 0xbd, 0x84, 0xbd, 0x84, 0xbd, 0x84, 0xbd, 0x84,
    0xbd, 0x84, 0xbd, 0x84, 0xbd, 0x84, 0xbd, 0x84, 0xbd, 0x84, 0x9d, 0x84, 0xbd, 0x84, 0xbd, 0x84,
    0xbd, 0x84, 0xbd, 0x84, 0xbd, 0x84, 0xbd, 0x84, 0xbd, 0x84, 0xbd, 0x84, 0xbd, 0x84, 0xbd, 0x84,
    0xbd, 0x84, 0xbd, 0x84, 0xbd, 0x84, 0xbd, 0x84, 0xbd, 0x84, 0xbd, 0x84, 0xbd, 0x84, 0x9d, 0x84,
    0x9d, 0x84, 0x9d, 0x84, 0x9d, 0x84, 0x9d, 0x84, 0x9d, 0x84, 0x9d, 0x84, 0x9d, 0x84, 0x9d, 0x84,
    0x9d, 0x84, 0x9d, 0x84, 0x9d, 0x84, 0x9d, 0x84, 0x9d, 0x8c, 0x9d, 0x8c, 0x9d, 0x8c, 0x9d, 0x8c,
    0x9d, 0x8c, 0x9d, 0x8c, 0x9d, 0x8c, 0x9d, 0x8c, 0x9d, 0x8c, 0x9d, 0x8c, 0x9d, 0x8c, 0x9d, 0x8c,
    0x9d, 0x8c, 0x9d, 0x8c, 0x9d, 0x8c, 0x9d, 0x8c, 0x9d, 0x8c, 0x9d, 0x8c, 0x9d, 0x8c, 0x9d, 0x8c,
    0x9d, 0x8c, 0x9d, 0x8c, 0x9d, 0x8c, 0x9d, 0x8c, 0x9d, 0x8c, 0x7d, 0x8c, 0x7d, 0x8c, 0x7d, 0x8c,
    0x7d, 0x8c, 0x7d, 0x8c, 0x7d, 0x8c, 0x7e, 0x8c, 0x9e, 0x8c, 0xbf, 0x94, 0xdf, 0x94, 0xbf, 0x94,
    0xb8, 0x6b, 0xed, 0x31, 0xe6, 0x10, 0xa4, 0x08, 0xe6, 0x10, 0xe6, 0x10, 0xc5, 0x10, 0xc5, 0x08,
    0xc5, 0x08, 0xa5, 0x08, 0xa5, 0x08, 0xa4, 0x08, 0xa4, 0x08, 0x84, 0x08, 0x84, 0x08, 0x84, 0x08,
    0x84, 0x08, 0x83, 0x08, 0x83, 0x08, 0x63, 0x08, 0x63, 0x08, 0x63, 0x08, 0x63, 0x08, 0x63, 0x08,
    0x63, 0x08, 0x62, 0x08, 0x62, 0x08, 0x62, 0x00, 0x42, 0x00, 0x42, 0x00, 0x42, 0x00, 0x42, 0x00,
    0x42, 0x00, 0x42, 0x00, 0x42, 0x00, 0x62, 0x00, 0x62, 0x08, 0x62, 0x08, 0x63, 0x08, 0x63, 0x08,
    0x63, 0x08, 0x63, 0x08, 0x63, 0x08, 0x63, 0x08, 0x83, 0x08, 0x83, 0x08, 0x83, 0x08, 0x84, 0x08,
    0x84, 0x08, 0x84, 0x08, 0xa4, 0x08, 0xa4, 0x08, 0xa5, 0x08, 0xa5, 0x08, 0xa5, 0x08, 0xc5, 0x08,
    0xc6, 0x10, 0xe6, 0x10, 0xa4, 0x08, 0xc5, 0x08, 0x6f, 0x3a, 0x5b, 0x6c, 0x1f, 0x85, 0x3f, 0x85,
    0xff, 0x7c, 0xde, 0x7c, 0xde, 0x7c, 0xde, 0x7c, 0xbe, 0x7c, 0xbd, 0x7c, 0xdd, 0x7c, 0xdd, 0x7c,
    0xdd, 0x7c, 0xdd, 0x7c, 0xdd, 0x7c, 0xdd, 0x7c, 0xdd, 0x7c, 0xdd, 0x7c, 0xdd, 0x7c, 0xbd, 0x7c,
    0xbd, 0x7c, 0xbd, 0x7c, 0xbd, 0x7c, 0xbd, 0x7c, 0xbd, 0x7c, 0xbd, 0x7c, 0xbd, 0x7c, 0xbd, 0x7c,
    0xbd, 0x7c, 0xbd, 0x7c, 0xbd, 0x7c, 0xbd, 0x7c, 0xbd, 0x7c, 0xbd, 0x7c, 0xbd, 0x7c, 0xbd, 0x7c,
    0xbd, 0x7c, 0xbd, 0x7c, 0xbd, 0x7c, 0xbd, 0x7c, 0xbd, 0x7c, 0xbd, 0x7c, 0xbd, 0x7c, 0xbd, 0x7c,
    0xbd, 0x7c, 0xbd, 0x7c, 0xbd, 0x7c, 0xbd, 0x7c, 0xbd, 0x7c, 0xbd, 0x7c, 0xbd, 0x7c, 0xbd, 0x7c,
    0xbd, 0x7c, 0xbd, 0x7c, 0xbd, 0x7c, 0xbd, 0x7c, 0xbd, 0x84, 0xbd, 0x84, 0xbd, 0x84, 0xbd, 0x84,
    0xbd, 0x84, 0xbd, 0x84, 0x9d, 0x84, 0x9d, 0x84, 0x9d, 0x84, 0x9d, 0x84, 0x9d, 0x84, 0x9d, 0x84,
    0x9d, 0x84, 0x9d, 0x84, 0x9d, 0x84, 0x9d, 0x84, 0x9d, 0x84, 0x9d, 0x84, 0x9d, 0x84, 0x9d, 0x84,
    0x9d, 0x84, 0x9d, 0x84, 0x9d, 0x84, 0x9d, 0x84, 0x9d, 0x84, 0x9d, 0x84, 0x9d, 0x84, 0x9d, 0x84,
    0x9d, 0x84, 0x9d, 0x84, 0x9d, 0x84, 0x9d, 0x84, 0x9d, 0x84, 0x9d, 0x84, 0x9d, 0x84, 0x9d, 0x84,
    0x9d, 0x84, 0x9d, 0x84, 0x9d, 0x84, 0x9d, 0x84, 0x9d, 0x84, 0x9d, 0x84, 0x9d, 0x84, 0x9d, 0x84,
    0x9d, 0x84, 0x9d, 0x84, 0x9d, 0x84, 0x9d, 0x84, 0x9d, 0x84, 0x9d, 0x84, 0x9d, 0x84, 0x9d, 0x84,
    0x9d, 0x84, 0x9d, 0x84, 0x7d, 0x84, 0x7d, 0x84, 0x7d, 0x84, 0x7d, 0x84, 0x7d, 0x84, 0x7d, 0x84,
    0x7d, 0x84, 0x7d, 0x84, 0x7d, 0x84, 0x7d, 0x8c, 0x7d, 0x8c, 0x7d, 0x8c, 0x7d, 0x8c, 0x9d, 0x8c,
    0x9d, 0x8c, 0x9d, 0x8c, 0x9d, 0x8c, 0x9d, 0x8c, 0x9d, 0x8c, 0x9d, 0x8c, 0x9d, 0x8c, 0x9d, 0x8c,
    0x7d, 0x8c, 0x7d, 0x8c, 0x7d, 0x8c, 0x7d, 0x8c, 0x7e, 0x8c, 0x7e, 0x8c, 0x7e, 0x8c, 0x9f, 0x8c,
    0xdf, 0x94, 0xbf, 0x94, 0x1a, 0x7c, 0x4f, 0x42, 0xc5, 0x08, 0xa4, 0x08, 0xe6, 0x10, 0xc6, 0x10,
    0xc5, 0x08, 0xa5, 0x08, 0xa5, 0x08, 0xa5, 0x08, 0xa4, 0x08, 0xa4, 0x08, 0x84, 0x08, 0x84, 0x08,
    0x84, 0x08, 0x83, 0x08, 0x83, 0x08, 0x83, 0x08, 0x63, 0x08, 0x63, 0x08, 0x63, 0x08, 0x63, 0x08,
    0x63, 0x08, 0x63, 0x08, 0x62, 0x08, 0x62, 0x08, 0x62, 0x00, 0x42, 0x00, 0x42, 0x00, 0x42, 0x00,
    0x42, 0x00, 0x42, 0x00, 0x62, 0x00, 0x62, 0x08, 0x62, 0x08, 0x63, 0x08, 0x63, 0x08, 0x63, 0x08,
    0x63, 0x08, 0x63, 0x08, 0x63, 0x08, 0x83, 0x08, 0x83, 0x08, 0x83, 0x08, 0x84, 0x08, 0x84, 0x08,
    0x84, 0x08, 0xa4, 0x08, 0xa4, 0x08, 0xa4, 0x08, 0xa5, 0x08, 0xa5, 0x08, 0xa5, 0x08, 0xc6, 0x10,
    0xa4, 0x08, 0xa4, 0x08, 0xec, 0x29, 0xf9, 0x63, 0x3f, 0x85, 0x1f, 0x7d, 0xdf, 0x7c, 0xde, 0x7c,
    0xde, 0x7c, 0xde, 0x7c, 0xbe, 0x7c, 0xbd, 0x7c, 0xdd, 0x7c, 0xdd, 0x7c, 0xdd, 0x7c, 0xdd, 0x7c,
    0xdd, 0x7c, 0xdd, 0x7c, 0xbd, 0x7c, 0xbd, 0x7c, 0xbd, 0x7c, 0xbd, 0x7c, 0xbd, 0x7c, 0xbe, 0x7c,
    0xbe, 0x7c, 0xbe, 0x7c, 0xbe, 0x7c, 0xbe, 0x7c, 0xbe, 0x7c, 0xbe, 0x7c, 0xbe, 0x7c, 0xbe, 0x7c,
    0xbe, 0x7c, 0xbe, 0x7c, 0xbe, 0x7c, 0xbe, 0x7c, 0xbe, 0x7c, 0xbe, 0x7c, 0xbe, 0x7c, 0xbe, 0x7c,
    0xbe, 0x7c, 0xbe, 0x7c, 0xbe, 0x7c, 0xbe, 0x7c, 0xbe, 0x7c, 0xbe, 0x7c, 0xbe, 0x7c, 0xbe, 0x7c,
    0xbe, 0x7c, 0xbe, 0x7c, 0xbe, 0x7c, 0xbe, 0x7c, 0xbe, 0x7c, 0xbe, 0x7c, 0xbe, 0x7c, 0xbe, 0x7c,
    0xbe, 0x7c, 0xbe, 0x7c, 0xbe, 0x7c, 0xbe, 0x84, 0xbe, 0x84, 0xbe, 0x84, 0xbe, 0x84, 0xbe, 0x84,
    0xbe, 0x84, 0xbe, 0x84, 0xbe, 0x84, 0xbe, 0x84, 0xbe, 0x84, 0xbe, 0x84, 0xbe, 0x84, 0xbe, 0x84,
    0xbe, 0x84, 0xbe, 0x84, 0x9e, 0x84, 0x9e, 0x84, 0x9e, 0x84, 0x9e, 0x84, 0x9e, 0x84, 0x9e, 0x84,
    0x9e, 0x84, 0x9e, 0x84, 0x9e, 0x84, 0x9e, 0x84, 0x9e, 0x84, 0x9e, 0x84, 0x9e, 0x84, 0x9e, 0x84,
    0x9e, 0x84, 0x9e, 0x84, 0x9e, 0x84, 0x9e, 0x84, 0x9e, 0x84, 0x9e, 0x84, 0x9e, 0x84, 0x9e, 0x84,
    0x9e, 0x84, 0x9e, 0x84, 0x9e, 0x84, 0x9e, 0x84, 0x9e, 0x84, 0x9e, 0x84, 0x9e, 0x84, 0x9e, 0x84,
    0x9e, 0x84, 0x9e, 0x84, 0x9e, 0x84, 0x9e, 0x84, 0x9e, 0x84, 0x9e, 0x84, 0x9e, 0x84, 0x9e, 0x84,
    0x9e, 0x8c, 0x9e, 0x84, 0x9e, 0x84, 0x9e, 0x84, 0x9e, 0x84, 0x9e, 0x84, 0x9e, 0x84, 0x9e, 0x84,
    0x9e, 0x84, 0x9e, 0x8c, 0x9e, 0x8c, 0x9e, 0x8c, 0x9e, 0x8c, 0x9e, 0x8c, 0x7e, 0x8c, 0x7e, 0x8c,
    0x7d, 0x8c, 0x7d, 0x8c, 0x7d, 0x8c, 0x7d, 0x8c, 0x7d, 0x8c, 0x7d, 0x8c, 0x9d, 0x8c, 0x9d, 0x8c,
    0x9d, 0x8c, 0x9d, 0x8c, 0x9d, 0x8c, 0x7d, 0x8c, 0x7d, 0x8c, 0x7d, 0x8c, 0x7d, 0x8c, 0x7e, 0x8c,
    0x7e, 0x8c, 0x7e, 0x8c, 0xbf, 0x94, 0xdf, 0x9c, 0xb8, 0x73, 0xcc, 0x31, 0xa4, 0x08, 0xa5, 0x08,
    0xc6, 0x10, 0xa5, 0x08, 0xa5, 0x08, 0xa5, 0x08, 0xa4, 0x08, 0xa4, 0x08, 0xa4, 0x08, 0x84, 0x08,
    0x84, 0x08, 0x84, 0x08, 0x83, 0x08, 0x83, 0x08, 0x83, 0x08, 0x63, 0x08, 0x63, 0x08, 0x63, 0x08,
    0x63, 0x08, 0x63, 0x08, 0x63, 0x08, 0x62, 0x08, 0x62, 0x08, 0x62, 0x00, 0x42, 0x00, 0x42, 0x00,
    0x62, 0x00, 0x62, 0x00, 0x62, 0x08, 0x62, 0x08, 0x63, 0x08, 0x63, 0x08, 0x63, 0x08, 0x63, 0x08,
    0x63, 0x08, 0x63, 0x08, 0x83, 0x08, 0x83, 0x08, 0x83, 0x08, 0x84, 0x08, 0x84, 0x08, 0x84, 0x08,
    0x84, 0x08, 0xa4, 0x08, 0xa4, 0x08, 0xa5, 0x08, 0xa5, 0x08, 0xc5, 0x08, 0xc5, 0x10, 0x83, 0x08,
    0x49, 0x19, 0x96, 0x5b, 0x3f, 0x85, 0x1f, 0x85, 0xde, 0x7c, 0xde, 0x7c, 0xde, 0x7c, 0xde, 0x7c,
    0xbd, 0x7c, 0xbd, 0x7c, 0xdd, 0x7c, 0xdd, 0x7c, 0xdd, 0x7c, 0xdd, 0x7c, 0xdd, 0x7c, 0xdd, 0x7c,
    0xbd, 0x7c, 0xbd, 0x7c, 0xbe, 0x7c, 0xbe, 0x7c, 0xbe, 0x7c, 0xde, 0x7c, 0xde, 0x7c, 0xde, 0x7c,
    0xdf, 0x7c, 0xdf, 0x7c, 0xdf, 0x7c, 0xdf, 0x7c, 0xdf, 0x7c, 0xdf, 0x7c, 0xdf, 0x7c, 0xdf, 0x7c,
    0xdf, 0x7c, 0xdf, 0x7c, 0xdf, 0x7c, 0xdf, 0x7c, 0xdf, 0x7c, 0xdf, 0x7c, 0xdf, 0x7c, 0xdf, 0x7c,
    0xdf, 0x7c, 0xdf, 0x7c, 0xdf, 0x84, 0xdf, 0x84, 0xdf, 0x84, 0xdf, 0x84, 0xdf, 0x84, 0xdf, 0x84,
    0xdf, 0x84, 0xdf, 0x84, 0xdf, 0x84, 0xdf, 0x84, 0xdf, 0x84, 0xdf, 0x84, 0xdf, 0x84, 0xdf, 0x84,
    0xdf, 0x84, 0xdf, 0x84, 0xdf, 0x84, 0xdf, 0x84, 0xdf, 0x84, 0xdf, 0x84, 0xdf, 0x84, 0xdf, 0x84,
    0xbf, 0x84, 0xbf, 0x84, 0xbf, 0x84, 0xbf, 0x84, 0xbf, 0x84, 0xbf, 0x84, 0xbf, 0x84, 0xbf, 0x84,
    0xbf, 0x84, 0xbf, 0x84, 0xbf, 0x84, 0xbf, 0x84, 0xbf, 0x84, 0xbf, 0x84, 0xbf, 0x84, 0xbf, 0x84,
    0xbf, 0x84, 0xbf, 0x84, 0xbf, 0x84, 0xbf, 0x84, 0xbf, 0x84, 0xbf, 0x84, 0xbf, 0x84, 0xbf, 0x84,
    0xbf, 0x84, 0xbf, 0x84, 0xbf, 0x84, 0xbf, 0x84, 0xbf, 0x84, 0xbf, 0x84, 0xbf, 0x84, 0xbf, 0x84,
    0xbf, 0x84, 0xbf, 0x84, 0xbf, 0x84, 0xbf, 0x84, 0xbf, 0x8c, 0xbf, 0x8c, 0xbf, 0x8c, 0xbf, 0x8c,
    0xbf, 0x8c, 0xbf, 0x8c, 0xbf, 0x8c, 0xbf, 0x8c, 0xbf, 0x8c, 0xbf, 0x8c, 0xbf, 0x8c, 0xbf, 0x8c,
    0x9f, 0x8c, 0x9f, 0x8c, 0x9f, 0x8c, 0x9f, 0x8c, 0x9f, 0x8c, 0x9f, 0x8c, 0x9f, 0x8c, 0x9f, 0x8c,
    0x9f, 0x8c, 0x9f, 0x8c, 0x9f, 0x8c, 0x9f, 0x8c, 0x9f, 0x8c, 0x9e, 0x8c, 0x9e, 0x8c, 0x9e, 0x8c,
    0x9e, 0x8c, 0x9e, 0x8c, 0x9e, 0x8c, 0x7e, 0x8c, 0x7d, 0x8c, 0x7d, 0x8c, 0x7d, 0x8c, 0x7d, 0x8c,
    0x7d, 0x8c, 0x9d, 0x8c, 0x9d, 0x8c, 0x9d, 0x8c, 0x9d, 0x8c, 0x7d, 0x8c, 0x7d, 0x8c, 0x7d, 0x8c,
    0x7d, 0x8c, 0x7e, 0x8c, 0x7e, 0x8c, 0x7e, 0x8c, 0xdf, 0x94, 0xdf, 0x94, 0x56, 0x63, 0x49, 0x21,
    0x83, 0x00, 0xc5, 0x10, 0xc5, 0x08, 0xa5, 0x08, 0xa5, 0x08, 0xa4, 0x08, 0xa4, 0x08, 0x84, 0x08,
    0x84, 0x08, 0x84, 0x08, 0x84, 0x08, 0x83, 0x08, 0x83, 0x08, 0x83, 0x08, 0x63, 0x08, 0x63, 0x08,
    0x63, 0x08, 0x63, 0x08, 0x63, 0x08, 0x63, 0x08, 0x62, 0x08, 0x62, 0x08, 0x62, 0x00, 0x62, 0x00,
    0x62, 0x00, 0x62, 0x08, 0x62, 0x08, 0x63, 0x08, 0x63, 0x08, 0x63, 0x08, 0x63, 0x08, 0x63, 0x08,
    0x63, 0x08, 0x83, 0x08, 0x83, 0x08, 0x83, 0x08, 0x84, 0x08, 0x84, 0x08, 0x84, 0x08, 0xa4, 0x08,
    0xa4, 0x08, 0xa4, 0x08, 0xa4, 0x08, 0xa5, 0x08, 0xc5, 0x10, 0xa4, 0x08, 0x84, 0x08, 0x90, 0x3a,
    0xde, 0x7c, 0x3f, 0x85, 0xdf, 0x7c, 0xde, 0x74, 0xde, 0x7c, 0xde, 0x7c, 0xbd, 0x7c, 0xbd, 0x7c,
    0xdd, 0x7c, 0xdd, 0x7c, 0xdd, 0x7c, 0xdd, 0x7c, 0xdd, 0x7c, 0xbd, 0x7c, 0xbd, 0x7c, 0xbe, 0x7c,
    0xbe, 0x7c, 0xde, 0x7c, 0xde, 0x7c, 0xdf, 0x7c, 0xdf, 0x7c, 0xdf, 0x7c, 0xff, 0x7c, 0xff, 0x7c,
    0xff, 0x7c, 0xdf, 0x7c, 0xdf, 0x84, 0xff, 0x84, 0xff, 0x84, 0xff, 0x84, 0xff, 0x84, 0xff, 0x84,
    0xff, 0x84, 0xff, 0x84, 0xdf, 0x84, 0xdf, 0x84, 0xdf, 0x84, 0xdf, 0x84, 0xdf, 0x84, 0xdf, 0x84,
    0xdf, 0x84, 0xdf, 0x84, 0xdf, 0x84, 0xdf, 0x84, 0xdf, 0x84, 0xdf, 0x84, 0xdf, 0x84, 0xdf, 0x84,
    0xdf, 0x84, 0xdf, 0x84, 0xdf, 0x84, 0xdf, 0x84, 0xdf, 0x84, 0xdf, 0x84, 0xdf, 0x84, 0xdf, 0x84,
    0xdf, 0x84, 0xdf, 0x84, 0xdf, 0x84, 0xdf, 0x84, 0xdf, 0x84, 0xdf, 0x84, 0xdf, 0x84, 0xdf, 0x84,
    0xdf, 0x84, 0xdf, 0x84, 0xdf, 0x84, 0xdf, 0x84, 0xdf, 0x84, 0xdf, 0x84, 0xdf, 0x84, 0xdf, 0x84,
    0xdf, 0x84, 0xdf, 0x84, 0xdf, 0x84, 0xdf, 0x84, 0xdf, 0x84, 0xdf, 0x84, 0xdf, 0x84, 0xdf, 0x84,
    0xdf, 0x84, 0xdf, 0x84, 0xdf, 0x84, 0xdf, 0x84, 0xdf, 0x8c, 0xdf, 0x8c, 0xdf, 0x8c, 0xdf, 0x8c,
    0xdf, 0x8c, 0xdf, 0x8c, 0xdf, 0x8c, 0xbf, 0x8c, 0xbf, 0x8c, 0xbf, 0x8c, 0xbf, 0x8c, 0xbf, 0x8c,
    0xbf, 0x8c, 0xbf, 0x8c, 0xbf, 0x8c, 0xbf, 0x8c, 0xbf, 0x8c, 0xbf, 0x8c, 0xbf, 0x8c, 0xbf, 0x8c,
    0xbf, 0x8c, 0xbf, 0x8c, 0xbf, 0x8c, 0xbf, 0x8c, 0xbf, 0x8c, 0xbf, 0x8c, 0xbf, 0x8c, 0xbf, 0x8c,
    0xbf, 0x8c, 0xbf, 0x8c, 0xbf, 0x8c, 0xbf, 0x8c, 0xbf, 0x8c, 0xbf, 0x8c, 0xbf, 0x8c, 0xbf, 0x8c,
    0xbf, 0x8c, 0xbf, 0x8c, 0xbf, 0x8c, 0xbf, 0x8c, 0xbf, 0x8c, 0xbf, 0x8c, 0xbf, 0x8c, 0xbf, 0x8c,
    0xbf, 0x8c, 0x9f, 0x8c, 0x9f, 0x8c, 0x9e, 0x8c, 0x9e, 0x8c, 0x9e, 0x8c, 0x9e, 0x8c, 0x7e, 0x8c,
    0x7d, 0x8c, 0x7d, 0x8c, 0x7d, 0x8c, 0x7d, 0x8c, 0x7d, 0x8c, 0x9d, 0x8c, 0x9d, 0x8c, 0x7d, 0x8c,
    0x7d, 0x8c, 0x7d, 0x8c, 0x7d, 0x8c, 0x7e, 0x8c, 0x7e, 0x8c, 0x7e, 0x8c, 0xdf, 0x9c, 0x7e, 0x8c,
    0x70, 0x42, 0xa4, 0x08, 0xa4, 0x08, 0xc5, 0x10, 0xa5, 0x08, 0xa4, 0x08, 0xa4, 0x08, 0xa4, 0x08,
    0xa4, 0x08, 0x84, 0x08, 0x84, 0x08, 0x84, 0x08, 0x83, 0x08, 0x83, 0x08, 0x83, 0x08, 0x63, 0x08,
    0x63, 0x08, 0x63, 0x08, 0x63, 0x08, 0x63, 0x08, 0x63, 0x08, 0x62, 0x08, 0x62, 0x08, 0x62, 0x00,
    0x62, 0x08, 0x62, 0x08, 0x63, 0x08, 0x63, 0x08, 0x63, 0x08, 0x63, 0x08, 0x63, 0x08, 0x63, 0x08,
    0x83, 0x08, 0x83, 0x08, 0x83, 0x08, 0x84, 0x08, 0x84, 0x08, 0x84, 0x08, 0x84, 0x08, 0xa4, 0x08,
    0xa4, 0x08, 0xa4, 0x08, 0xa5, 0x08, 0xc5, 0x10, 0x83, 0x08, 0x07, 0x11, 0xd8, 0x5b, 0x3f, 0x85,
    0xff, 0x7c, 0xde, 0x74, 0xde, 0x7c, 0xde, 0x7c, 0xbe, 0x7c, 0xbd, 0x7c, 0xdd, 0x7c, 0xdd, 0x7c,
    0xdd, 0x7c, 0xdd, 0x7c, 0xdd, 0x7c, 0xbd, 0x7c, 0xbe, 0x7c, 0xde, 0x7c, 0xde, 0x7c, 0xde, 0x7c,
    0xdf, 0x7c, 0xdf, 0x7c, 0xff, 0x7c, 0xff, 0x7c, 0xff, 0x7c, 0xff, 0x7c, 0xff, 0x7c, 0xff, 0x7c,
    0xff, 0x84, 0xff, 0x84, 0xff, 0x84, 0xff, 0x84, 0xff, 0x84, 0xff, 0x84, 0xff, 0x84, 0xff, 0x84,
    0xff, 0x84, 0xff, 0x84, 0xdf, 0x84, 0xdf, 0x84, 0xdf, 0x84, 0xdf, 0x84, 0xdf, 0x84, 0xdf, 0x84,
    0xdf, 0x84, 0xdf, 0x84, 0xdf, 0x84, 0xdf, 0x84, 0xdf, 0x84, 0xdf, 0x84, 0xdf, 0x84, 0xdf, 0x84,
    0xdf, 0x84, 0xdf, 0x84, 0xdf, 0x84, 0xdf, 0x84, 0xdf, 0x84, 0xdf, 0x84, 0xdf, 0x84, 0xdf, 0x84,
    0xdf, 0x84, 0xdf, 0x84, 0xdf, 0x84, 0xdf, 0x84, 0xdf, 0x84, 0xdf, 0x84, 0xdf, 0x84, 0xdf, 0x84,
    0xdf, 0x84, 0xdf, 0x84, 0xdf, 0x84, 0xdf, 0x84, 0xdf, 0x84, 0xdf, 0x84, 0xdf, 0x84, 0xdf, 0x84,
    0xdf, 0x84, 0xdf, 0x84, 0xdf, 0x84, 0xdf, 0x84, 0xdf, 0x84, 0xdf, 0x84, 0xdf, 0x84, 0xdf, 0x84,
    0xdf, 0x84, 0xdf, 0x84, 0xdf, 0x8c, 0xdf, 0x8c, 0xdf, 0x8c, 0xdf, 0x8c, 0xdf, 0x8c, 0xdf, 0x8c,
    0xdf, 0x8c, 0xdf, 0x8c, 0xdf, 0x8c, 0xbf, 0x8c, 0xbf, 0x8c, 0xbf, 0x8c, 0xbf, 0x8c, 0xbf, 0x8c,
    0xbf, 0x8c, 0xbf, 0x8c, 0xbf, 0x8c, 0xbf, 0x8c, 0xbf, 0x8c, 0xbf, 0x8c, 0xbf, 0x8c, 0xbf, 0x8c,
    0xbf, 0x8c, 0xbf, 0x8c, 0xbf, 0x8c, 0xbf, 0x8c, 0xbf, 0x8c, 0xbf, 0x8c, 0xbf, 0x8c, 0xbf, 0x8c,
    0xbf, 0x8c, 0xbf, 0x8c, 0xbf, 0x8c, 0xbf, 0x8c, 0xbf, 0x8c, 0xbf, 0x8c, 0xbf, 0x8c, 0xbf, 0x8c,
    0xbf, 0x8c, 0xbf, 0x8c, 0xbf, 0x8c, 0xbf, 0x8c, 0xbf, 0x8c, 0xbf, 0x8c, 0xbf, 0x8c, 0xbf, 0x8c,
    0xbf, 0x8c, 0xbf, 0x8c, 0xbf, 0x8c, 0x9f, 0x8c, 0x9f, 0x8c, 0x9f, 0x8c, 0x9f, 0x8c, 0x9e, 0x8c,
    0x9e, 0x8c, 0x7e, 0x8c, 0x7e, 0x8c, 0x7d, 0x8c, 0x7d, 0x8c, 0x7d, 0x8c, 0x7d, 0x8c, 0x9d, 0x8c,
    0x9d, 0x8c, 0x7d, 0x8c, 0x7d, 0x8c, 0x7d, 0x8c, 0x7e, 0x8c, 0x7e, 0x8c, 0x7e, 0x8c, 0x9f, 0x94,
    0xdf, 0x9c, 0x98, 0x6b, 0x07, 0x19, 0x83, 0x00, 0xc5, 0x10, 0xa5, 0x08, 0xa4, 0x08, 0xa4, 0x08,
    0xa4, 0x08, 0x84, 0x08, 0x84, 0x08, 0x84, 0x08, 0x84, 0x08, 0x83, 0x08, 0x83, 0x08, 0x83, 0x08,
    0x63, 0x08, 0x63, 0x08, 0x63, 0x08, 0x63, 0x08, 0x63, 0x08, 0x63, 0x08, 0x62, 0x08, 0x62, 0x08,
    0x63, 0x08, 0x63, 0x08, 0x63, 0x08, 0x63, 0x08, 0x63, 0x08, 0x63, 0x08, 0x63, 0x08, 0x83, 0x08,
    0x83, 0x08, 0x83, 0x08, 0x83, 0x08, 0x84, 0x08, 0x84, 0x08, 0x84, 0x08, 0xa4, 0x08, 0xa4, 0x08,
    0xa4, 0x08, 0xa5, 0x08, 0xc5, 0x08, 0x63, 0x00, 0xcc, 0x29, 0x9d, 0x74, 0x3f, 0x85, 0xde, 0x7c,
    0xde, 0x7c, 0xde, 0x7c, 0xbe, 0x7c, 0xbd, 0x7c, 0xdd, 0x7c, 0xdd, 0x7c, 0xdd, 0x7c, 0xdd, 0x7c,
    0xbd, 0x7c, 0xbd, 0x7c, 0xbe, 0x7c, 0xde, 0x7c, 0xde, 0x7c, 0xdf, 0x7c, 0xdf, 0x7c, 0xff, 0x7c,
    0xff, 0x7c, 0xff, 0x7c, 0xff, 0x7c, 0xff, 0x7c, 0xff, 0x7c, 0xff, 0x7c, 0xff, 0x7c, 0xff, 0x7c,
    0xff, 0x84, 0xff, 0x84, 0xff, 0x84, 0xff, 0x84, 0xff, 0x84, 0xff, 0x84, 0xff, 0x84, 0xff, 0x84,
    0xdf, 0x84, 0xdf, 0x84, 0xdf, 0x84, 0xdf, 0x84, 0xdf, 0x84, 0xdf, 0x84, 0xdf, 0x84, 0xdf, 0x84,
    0xdf, 0x84, 0xdf, 0x84, 0xdf, 0x84, 0xdf, 0x84, 0xdf, 0x84, 0xdf, 0x84, 0xdf, 0x84, 0xdf, 0x84,
    0xdf, 0x84, 0xdf, 0x84, 0xdf, 0x84, 0xdf, 0x84, 0xdf, 0x84, 0xdf, 0x84, 0xdf, 0x84, 0xdf, 0x84,
    0xdf, 0x84, 0xdf, 0x84, 0xdf, 0x84, 0xdf, 0x84, 0xdf, 0x84, 0xdf, 0x84, 0xdf, 0x84, 0xdf, 0x84,
    0xdf, 0x84, 0xdf, 0x84, 0xdf, 0x84, 0xdf, 0x84, 0xdf, 0x84, 0xdf, 0x84, 0xdf, 0x84, 0xdf, 0x84,
    0xdf, 0x84, 0xdf, 0x84, 0xdf, 0x84, 0xdf, 0x84, 0xdf, 0x84, 0xdf, 0x84, 0xdf, 0x84, 0xdf, 0x84,
    0xdf, 0x84, 0xdf, 0x8c, 0xdf, 0x8c, 0xdf, 0x8c, 0xdf, 0x8c, 0xdf, 0x8c, 0xdf, 0x8c, 0xdf, 0x8c,
    0xdf, 0x8c, 0xbf, 0x8c, 0xbf, 0x8c, 0xbf, 0x8c, 0xbf, 0x8c, 0xbf, 0x8c, 0xbf, 0x8c, 0xbf, 0x8c,
    0xbf, 0x8c, 0xbf, 0x8c, 0xbf, 0x8c, 0xbf, 0x8c, 0xbf, 0x8c, 0xbf, 0x8c, 0xbf, 0x8c, 0xbf, 0x8c,
    0xbf, 0x8c, 0xbf, 0x8c, 0xbf, 0x8c, 0xbf, 0x8c, 0xbf, 0x8c, 0xbf, 0x8c, 0xbf, 0x8c, 0xbf, 0x8c,
    0xbf, 0x8c, 0xbf, 0x8c, 0xbf, 0x8c, 0xbf, 0x8c, 0xbf, 0x8c, 0xbf, 0x8c, 0xbf, 0x8c, 0xbf, 0x8c,
    0xbf, 0x8c, 0xbf, 0x8c, 0xbf, 0x8c, 0xbf, 0x8c, 0xbf, 0x8c, 0xbf, 0x8c, 0xbf, 0x8c, 0xbf, 0x8c,
    0xbf, 0x8c, 0xbf, 0x8c, 0xbf, 0x8c, 0xbf, 0x8c, 0xbf, 0x8c, 0xbf, 0x8c, 0xbf, 0x8c, 0x9f, 0x8c,
    0x9f, 0x8c, 0x9f, 0x8c, 0x9e, 0x8c, 0x7e, 0x8c, 0x7e, 0x8c, 0x7d, 0x8c, 0x7d, 0x8c, 0x7d, 0x8c,
    0x7d, 0x8c, 0x9d, 0x8c, 0x7d, 0x8c, 0x7d, 0x8c, 0x7d, 0x8c, 0x7d, 0x8c, 0x7e, 0x8c, 0x7e, 0x8c,
    0x7e, 0x8c, 0xdf, 0x9c, 0x5d, 0x8c, 0xcc, 0x31, 0x63, 0x00, 0xa5, 0x08, 0xa5, 0x08, 0xa4, 0x08,
    0xa4, 0x08, 0xa4, 0x08, 0x84, 0x08, 0x84, 0x08, 0x84, 0x08, 0x83, 0x08, 0x83, 0x08, 0x83, 0x08,
    0x83, 0x08, 0x63, 0x08, 0x63, 0x08, 0x63, 0x08, 0x63, 0x08, 0x63, 0x08, 0x63, 0x08, 0x63, 0x08,
    0x63, 0x08, 0x63, 0x08, 0x63, 0x08, 0x63, 0x08, 0x63, 0x08, 0x63, 0x08, 0x83, 0x08, 0x83, 0x08,
    0x83, 0x08, 0x83, 0x08, 0x84, 0x08, 0x84, 0x08, 0x84, 0x08, 0xa4, 0x08, 0xa4, 0x08, 0xa4, 0x08,
    0xa5, 0x08, 0xa4, 0x08, 0x84, 0x08, 0xd2, 0x42, 0x1f, 0x85, 0x1f, 0x7d, 0xde, 0x7c, 0xde, 0x7c,
    0xde, 0x7c, 0xbd, 0x7c, 0xdd, 0x7c, 0xdd, 0x7c, 0xdd, 0x7c, 0xdd, 0x7c, 0xdd, 0x7c, 0xbd, 0x7c,
    0xde, 0x7c, 0xde, 0x7c, 0xde, 0x7c, 0xff, 0x7c, 0xff, 0x7c, 0xff, 0x7c, 0xff, 0x7c, 0xff, 0x7c,
    0xff, 0x7c, 0xff, 0x7c, 0xff, 0x7c, 0xff, 0x7c, 0xff, 0x7c, 0xff, 0x7c, 0xff, 0x7c, 0xff, 0x84,
    0xff, 0x84, 0xff, 0x84, 0xff, 0x84, 0xff, 0x84, 0xff, 0x84, 0xff, 0x84, 0xff, 0x84, 0xff, 0x84,
    0xdf, 0x84, 0xdf, 0x84, 0xdf, 0x84, 0xdf, 0x84, 0xdf, 0x84, 0xdf, 0x84, 0xdf, 0x84, 0xdf, 0x84,
    0xdf, 0x84, 0xdf, 0x84, 0xdf, 0x84, 0xdf, 0x84, 0xdf, 0x84, 0xdf, 0x84, 0xdf, 0x84, 0xdf, 0x84,
    0xdf, 0x84, 0xdf, 0x84, 0xdf, 0x84, 0xdf, 0x84, 0xdf, 0x84, 0xdf, 0x84, 0xdf, 0x84, 0xdf, 0x84,
    0xdf, 0x84, 0xdf, 0x84, 0xdf, 0x84, 0xdf, 0x84, 0xdf, 0x84, 0xdf, 0x84, 0xdf, 0x84, 0xdf, 0x84,
    0xdf, 0x84, 0xdf, 0x84, 0xdf, 0x84, 0xdf, 0x84, 0xdf, 0x84, 0xdf, 0x84, 0xdf, 0x84, 0xdf, 0x84,
    0xdf, 0x84, 0xdf, 0x84, 0xdf, 0x84, 0xdf, 0x84, 0xdf, 0x84, 0xdf, 0x84, 0xdf, 0x84, 0xdf, 0x84,
    0xdf, 0x8c, 0xdf, 0x8c, 0xdf, 0x8c, 0xdf, 0x8c, 0xdf, 0x8c, 0xdf, 0x8c, 0xdf, 0x8c, 0xdf, 0x8c,
    0xdf, 0x8c, 0xbf, 0x8c, 0xbf, 0x8c, 0xbf, 0x8c, 0xbf, 0x8c, 0xbf, 0x8c, 0xbf, 0x8c, 0xbf, 0x8c,
    0xbf, 0x8c, 0xbf, 0x8c, 0xbf, 0x8c, 0xbf, 0x8c, 0xbf, 0x8c, 0xbf, 0x8c, 0xbf, 0x8c, 0xbf, 0x8c,
    0xbf, 0x8c, 0xbf, 0x8c, 0xbf, 0x8c, 0xbf, 0x8c, 0xbf, 0x8c, 0xbf, 0x8c, 0xbf, 0x8c, 0xbf, 0x8c,
    0xbf, 0x8c, 0xbf, 0x8c, 0xbf, 0x8c, 0xbf, 0x8c, 0xbf, 0x8c, 0xbf, 0x8c, 0xbf, 0x8c, 0xbf, 0x8c,
    0xbf, 0x8c, 0xbf, 0x8c, 0xbf, 0x8c, 0xbf, 0x8c, 0xbf, 0x8c, 0xbf, 0x8c, 0xbf, 0x8c, 0xbf, 0x8c,
    0xbf, 0x8c, 0xbf, 0x8c, 0xbf, 0x8c, 0xbf, 0x8c, 0xbf, 0x8c, 0xbf, 0x8c, 0xbf, 0x8c, 0xbf, 0x8c,
    0x9f, 0x8c, 0x9f, 0x8c, 0x9f, 0x8c, 0x9f, 0x8c, 0x9e, 0x8c, 0x9e, 0x8c, 0x7e, 0x8c, 0x7d, 0x8c,
    0x7d, 0x8c, 0x7d, 0x8c, 0x7d, 0x8c, 0x7d, 0x8c, 0x7d, 0x8c, 0x7d, 0x8c, 0x7d, 0x8c, 0x7e, 0x8c,
    0x7e, 0x8c, 0x7e, 0x8c, 0xbf, 0x94, 0xbf, 0x94, 0xb2, 0x52, 0x84, 0x08, 0xa4, 0x08, 0xa5, 0x08,
    0xa4, 0x08, 0xa4, 0x08, 0xa4, 0x08, 0x84, 0x08, 0x84, 0x08, 0x84, 0x08, 0x83, 0x08, 0x83, 0x08,
    0x83, 0x08, 0x83, 0x08, 0x63, 0x08, 0x63, 0x08, 0x63, 0x08, 0x63, 0x08, 0x63, 0x08, 0x63, 0x08,
    0x63, 0x08, 0x63, 0x08, 0x63, 0x08, 0x63, 0x08, 0x83, 0x08, 0x83, 0x08, 0x83, 0x08, 0x83, 0x08,
    0x84, 0x08, 0x84, 0x08, 0x84, 0x08, 0x84, 0x08, 0xa4, 0x08, 0xa4, 0x08, 0xa4, 0x08, 0xa5, 0x08,
    0x84, 0x08, 0xc5, 0x08, 0x75, 0x53, 0x5f, 0x85, 0xff, 0x7c, 0xde, 0x7c, 0xde, 0x7c, 0xde, 0x7c,
    0xbd, 0x7c, 0xdd, 0x7c, 0xdd, 0x7c, 0xdd, 0x7c, 0xdd, 0x7c, 0xbd, 0x7c, 0xbe, 0x7c, 0xde, 0x7c,
    0xde, 0x7c, 0xff, 0x7c, 0xff, 0x7c, 0xff, 0x7c, 0xff, 0x7c, 0xff, 0x7c, 0xff, 0x7c, 0xff, 0x7c,
    0xff, 0x7c, 0xff, 0x7c, 0xff, 0x7c, 0xff, 0x7c, 0xff, 0x7c, 0xff, 0x84, 0xff, 0x84, 0xff, 0x84,
    0xff, 0x84, 0xff, 0x84, 0xff, 0x84, 0xff, 0x84, 0xff, 0x84, 0xff, 0x84, 0xff, 0x84, 0xdf, 0x84,
    0xdf, 0x84, 0xdf, 0x84, 0xdf, 0x84, 0xdf, 0x84, 0xdf, 0x84, 0xdf, 0x84, 0xdf, 0x84, 0xdf, 0x84,
    0xdf, 0x84, 0xdf, 0x84, 0xdf, 0x84, 0xdf, 0x84, 0xdf, 0x84, 0xdf, 0x84, 0xdf, 0x84, 0xdf, 0x84,
    0xdf, 0x84, 0xdf, 0x84, 0xdf, 0x84, 0xdf, 0x84, 0xdf, 0x84, 0xdf, 0x84, 0xdf, 0x84, 0xdf, 0x84,
    0xdf, 0x84, 0xdf, 0x84, 0xdf, 0x84, 0xdf, 0x84, 0xdf, 0x84, 0xdf, 0x84, 0xdf, 0x84, 0xdf, 0x84,
    0xdf, 0x84, 0xdf, 0x84, 0xdf, 0x84, 0xdf, 0x84, 0xdf, 0x84, 0xdf, 0x84, 0xdf, 0x84, 0xdf, 0x84,
    0xdf, 0x84, 0xdf, 0x84, 0xdf, 0x84, 0xdf, 0x84, 0xdf, 0x84, 0xdf, 0x84, 0xdf, 0x84, 0xdf, 0x8c,
    0xdf, 0x8c, 0xdf, 0x8c, 0xdf, 0x8c, 0xdf, 0x8c, 0xdf, 0x8c, 0xdf, 0x8c, 0xdf, 0x8c, 0xdf, 0x8c,
    0xbf, 0x8c, 0xbf, 0x8c, 0xbf, 0x8c, 0xbf, 0x8c, 0xbf, 0x8c, 0xbf, 0x8c, 0xbf, 0x8c, 0xbf, 0x8c,
    0xbf, 0x8c, 0xbf, 0x8c, 0xbf, 0x8c, 0xbf, 0x8c, 0xbf, 0x8c, 0xbf, 0x8c, 0xbf, 0x8c, 0xbf, 0x8c,
    0xbf, 0x8c, 0xbf, 0x8c, 0xbf, 0x8c, 0xbf, 0x8c, 0xbf, 0x8c, 0xbf, 0x8c, 0xbf, 0x8c, 0xbf, 0x8c,
    0xbf, 0x8c, 0xbf, 0x8c, 0xbf, 0x8c, 0xbf, 0x8c, 0xbf, 0x8c, 0xbf, 0x8c, 0xbf, 0x8c, 0xbf, 0x8c,
    0xbf, 0x8c, 0xbf, 0x8c, 0xbf, 0x8c, 0xbf, 0x8c, 0xbf, 0x8c, 0xbf, 0x8c, 0xbf, 0x8c, 0xbf, 0x8c,
    0xbf, 0x8c, 0xbf, 0x8c, 0xbf, 0x8c, 0xbf, 0x8c, 0xbf, 0x8c, 0xbf, 0x8c, 0xbf, 0x8c, 0x9f, 0x8c,
    0x9f, 0x8c, 0x9f, 0x94, 0x9f, 0x94, 0x9f, 0x94, 0x9f, 0x8c, 0x9f, 0x8c, 0x9e, 0x8c, 0x9e, 0x8c,
    0x7e, 0x8c, 0x7d, 0x8c, 0x7d, 0x8c, 0x7d, 0x8c, 0x7d, 0x8c, 0x7d, 0x8c, 0x7d, 0x8c, 0x7d, 0x8c,
    0x7d, 0x8c, 0x7e, 0x8c, 0x7e, 0x8c, 0x9e, 0x94, 0xff, 0x9c, 0x35, 0x63, 0xc5, 0x08, 0x84, 0x08,
    0xa5, 0x08, 0xa4, 0x08, 0xa4, 0x08, 0xa4, 0x08, 0x84, 0x08, 0x84, 0x08, 0x84, 0x08, 0x84, 0x08,
    0x83, 0x08, 0x83, 0x08, 0x83, 0x08, 0x83, 0x08, 0x63, 0x08, 0x63, 0x08, 0x63, 0x08, 0x63, 0x08,
    0x63, 0x08, 0x63, 0x08, 0x63, 0x08, 0x83, 0x08, 0x83, 0x08, 0x83, 0x08, 0x83, 0x08, 0x84, 0x08,
    0x84, 0x08, 0x84, 0x08, 0x84, 0x08, 0xa4, 0x08, 0xa4, 0x08, 0xa4, 0x08, 0xa5, 0x08, 0x84, 0x08,
    0xe6, 0x10, 0x3a, 0x64, 0x5f, 0x85, 0xde, 0x7c, 0xdf, 0x7c, 0xde, 0x7c, 0xbe, 0x7c, 0xbd, 0x7c,
    0xdd, 0x7c, 0xdd, 0x7c, 0xdd, 0x7c, 0xbd, 0x7c, 0xbe, 0x7c, 0xde, 0x7c, 0xde, 0x7c, 0xdf, 0x7c,
    0xff, 0x7c, 0xff, 0x7c, 0xff, 0x7c, 0xff, 0x7c, 0xff, 0x7c, 0xff, 0x7c, 0xff, 0x7c, 0xff, 0x7c,
    0xff, 0x7c, 0xff, 0x7c, 0xff, 0x7c, 0xff, 0x7c, 0xff, 0x84, 0xff, 0x84, 0xff, 0x84, 0xff, 0x84,
    0xff, 0x84, 0xff, 0x84, 0xff, 0x84, 0xff, 0x84, 0xff, 0x84, 0xff, 0x84, 0xdf, 0x84, 0xdf, 0x84,
    0xdf, 0x84, 0xdf, 0x84, 0xdf, 0x84, 0xdf, 0x84, 0xdf, 0x84, 0xdf, 0x84, 0xdf, 0x84, 0xdf, 0x84,
    0xdf, 0x84, 0xdf, 0x84, 0xdf, 0x84, 0xdf, 0x84, 0xdf, 0x84, 0xdf, 0x84, 0xdf, 0x84, 0xdf, 0x84,
    0xdf, 0x84, 0xdf, 0x84, 0xdf, 0x84, 0xdf, 0x84, 0xdf, 0x84, 0xdf, 0x84, 0xdf, 0x84, 0xdf, 0x84,
    0xdf, 0x84, 0xdf, 0x84, 0xdf, 0x84, 0xdf, 0x84, 0xdf, 0x84, 0xdf, 0x84, 0xdf, 0x84, 0xdf, 0x84,
    0xdf, 0x84, 0xdf, 0x84, 0xdf, 0x84, 0xdf, 0x84, 0xdf, 0x84, 0xdf, 0x84, 0xdf, 0x84, 0xdf, 0x84,
    0xdf, 0x84, 0xdf, 0x84, 0xdf, 0x84, 0xdf, 0x84, 0xdf, 0x84, 0xdf, 0x84, 0xdf, 0x8c, 0xdf, 0x8c,
    0xdf, 0x8c, 0xdf, 0x8c, 0xdf, 0x8c, 0xdf, 0x8c, 0xdf, 0x8c, 0xdf, 0x8c, 0xdf, 0x8c, 0xbf, 0x8c,
    0xbf, 0x8c, 0xbf, 0x8c, 0xbf, 0x8c, 0xbf, 0x8c, 0xbf, 0x8c, 0xbf, 0x8c, 0xbf, 0x8c, 0xbf, 0x8c,
    0xbf, 0x8c, 0xbf, 0x8c, 0xbf, 0x8c, 0xbf, 0x8c, 0xbf, 0x8c, 0xbf, 0x8c, 0xbf, 0x8c, 0xbf, 0x8c,
    0xbf, 0x8c, 0xbf, 0x8c, 0xbf, 0x8c, 0xbf, 0x8c, 0xbf, 0x8c, 0xbf, 0x8c, 0xbf, 0x8c, 0xbf, 0x8c,
    0xbf, 0x8c, 0xbf, 0x8c, 0xbf, 0x8c, 0xbf, 0x8c, 0xbf, 0x8c, 0xbf, 0x8c, 0xbf, 0x8c, 0xbf, 0x8c,
    0xbf, 0x8c, 0xbf, 0x8c, 0xbf, 0x8c, 0xbf, 0x8c, 0xbf, 0x8c, 0xbf, 0x8c, 0xbf, 0x8c, 0xbf, 0x8c,
    0xbf, 0x8c, 0xbf, 0x8c, 0xbf, 0x8c, 0xbf, 0x8c, 0xbf, 0x8c, 0xbf, 0x8c, 0x9f, 0x8c, 0x9f, 0x8c,
    0x9f, 0x94, 0x9f, 0x94, 0x9f, 0x94, 0x9f, 0x94, 0x9f, 0x94, 0x9f, 0x94, 0x9f, 0x94, 0x9f, 0x94,
    0x9e, 0x8c, 0x7e, 0x8c, 0x7e, 0x8c, 0x7d, 0x8c, 0x7d, 0x8c, 0x7d, 0x8c, 0x7d, 0x8c, 0x7d, 0x8c,
    0x7d, 0x8c, 0x7d, 0x8c, 0x7e, 0x8c, 0x7e, 0x8c, 0x7e, 0x8c, 0xdf, 0x9c, 0xda, 0x7b, 0xc6, 0x10,
    0x84, 0x08, 0xa5, 0x08, 0xa4, 0x08, 0xa4, 0x08, 0xa4, 0x08, 0x84, 0x08, 0x84, 0x08, 0x84, 0x08,
    0x84, 0x08, 0x83, 0x08, 0x83, 0x08, 0x83, 0x08, 0x83, 0x08, 0x63, 0x08, 0x63, 0x08, 0x63, 0x08,
    0x63, 0x08, 0x63, 0x08, 0x83, 0x08, 0x83, 0x08, 0x83, 0x08, 0x83, 0x08, 0x84, 0x08, 0x84, 0x08,
    0x84, 0x08, 0x84, 0x08, 0xa4, 0x08, 0xa4, 0x08, 0xa4, 0x08, 0xa5, 0x08, 0x84, 0x08, 0xe6, 0x10,
    0x3a, 0x64, 0x3f, 0x85, 0xde, 0x7c, 0xdf, 0x7c, 0xde, 0x7c, 0xbd, 0x7c, 0xdd, 0x7c, 0xdd, 0x7c,
    0xdd, 0x7c, 0xdd, 0x7c, 0xbd, 0x7c, 0xde, 0x7c, 0xde, 0x7c, 0xdf, 0x7c, 0xff, 0x7c, 0xff, 0x7c,
    0xff, 0x7c, 0xff, 0x7c, 0xff, 0x7c, 0xff, 0x7c, 0xff, 0x7c, 0xff, 0x7c, 0xff, 0x7c, 0xff, 0x7c,
    0xff, 0x7c, 0xff, 0x7c, 0xff, 0x7c, 0xff, 0x84, 0xff, 0x84, 0xff, 0x84, 0xff, 0x84, 0xff, 0x84,
    0xff, 0x84, 0xff, 0x84, 0xff, 0x84, 0xff, 0x84, 0xff, 0x84, 0xdf, 0x84, 0xdf, 0x84, 0xdf, 0x84,
    0xdf, 0x84, 0xdf, 0x84, 0xdf, 0x84, 0xdf, 0x84, 0xdf, 0x84, 0xdf, 0x84, 0xdf, 0x84, 0xdf, 0x84,
    0xdf, 0x84, 0xdf, 0x84, 0xdf, 0x84, 0xdf, 0x84, 0xdf, 0x84, 0xdf, 0x84, 0xdf, 0x84, 0xdf, 0x84,
    0xdf, 0x84, 0xdf, 0x84, 0xdf, 0x84, 0xdf, 0x84, 0xdf, 0x84, 0xdf, 0x84, 0xdf, 0x84, 0xdf, 0x84,
    0xdf, 0x84, 0xdf, 0x84, 0xdf, 0x84, 0xdf, 0x84, 0xdf, 0x84, 0xdf, 0x84, 0xdf, 0x84, 0xdf, 0x84,
    0xdf, 0x84, 0xdf, 0x84, 0xdf, 0x84, 0xdf, 0x84, 0xdf, 0x84, 0xdf, 0x84, 0xdf, 0x84, 0xdf, 0x84,
    0xdf, 0x84, 0xdf, 0x84, 0xdf, 0x84, 0xdf, 0x84, 0xdf, 0x84, 0xdf, 0x8c, 0xdf, 0x8c, 0xdf, 0x8c,
    0xdf, 0x8c, 0xdf, 0x8c, 0xdf, 0x8c, 0xdf, 0x8c, 0xdf, 0x8c, 0xdf, 0x8c, 0xbf, 0x8c, 0xbf, 0x8c,
    0xbf, 0x8c, 0xbf, 0x8c, 0xbf, 0x8c, 0xbf, 0x8c, 0xbf, 0x8c, 0xbf, 0x8c, 0xbf, 0x8c, 0xbf, 0x8c,
    0xbf, 0x8c, 0xbf, 0x8c, 0xbf, 0x8c, 0xbf, 0x8c, 0xbf, 0x8c, 0xbf, 0x8c, 0xbf, 0x8c, 0xbf, 0x8c,
    0xbf, 0x8c, 0xbf, 0x8c, 0xbf, 0x8c, 0xbf, 0x8c, 0xbf, 0x8c, 0xbf, 0x8c, 0xbf, 0x8c, 0xbf, 0x8c,
    0xbf, 0x8c, 0xbf, 0x8c, 0xbf, 0x8c, 0xbf, 0x8c, 0xbf, 0x8c, 0xbf, 0x8c, 0xbf, 0x8c, 0xbf, 0x8c,
    0xbf, 0x8c, 0xbf, 0x8c, 0xbf, 0x8c, 0xbf, 0x8c, 0xbf, 0x8c, 0xbf, 0x8c, 0xbf, 0x8c, 0xbf, 0x8c,
    0xbf, 0x8c, 0xbf, 0x8c, 0xbf, 0x8c, 0xbf, 0x8c, 0xbf, 0x8c, 0x9f, 0x8c, 0x9f, 0x8c, 0x9f, 0x94,
    0x9f, 0x94, 0x9f, 0x94, 0x9f, 0x94, 0x9f, 0x94, 0x9f, 0x94, 0x9f, 0x94, 0x9f, 0x94, 0x9f, 0x94,
    0x9f, 0x94, 0x9f, 0x94, 0x7e, 0x8c, 0x7e, 0x8c, 0x7d, 0x8c, 0x7d, 0x8c, 0x7d, 0x8c, 0x7d, 0x8c,
    0x7d, 0x8c, 0x7d, 0x8c, 0x7d, 0x8c, 0x7e, 0x8c, 0x7e, 0x94, 0x7e, 0x8c, 0xdf, 0x9c, 0xda, 0x7b,
    0xc6, 0x10, 0x84, 0x08, 0xa5, 0x08, 0xa4, 0x08, 0xa4, 0x08, 0xa4, 0x08, 0x84, 0x08, 0x84, 0x08,
    0x84, 0x08, 0x84, 0x08, 0x83, 0x08, 0x83, 0x08, 0x83, 0x08, 0x83, 0x08, 0x63, 0x08, 0x63, 0x08,
    0x83, 0x08, 0x83, 0x08, 0x83, 0x08, 0x83, 0x08, 0x84, 0x08, 0x84, 0x08, 0x84, 0x08, 0x84, 0x08,
    0x84, 0x08, 0xa4, 0x08, 0xa4, 0x08, 0xa4, 0x08, 0xa5, 0x08, 0x84, 0x08, 0xc6, 0x10, 0x3a, 0x64,
    0x3f, 0x85, 0xde, 0x7c, 0xdf, 0x7c, 0xde, 0x7c, 0xbd, 0x7c, 0xdd, 0x7c, 0xdd, 0x7c, 0xdd, 0x7c,
    0xdd, 0x7c, 0xbd, 0x7c, 0xde, 0x7c, 0xde, 0x7c, 0xff, 0x7c, 0xff, 0x7c, 0xff, 0x7c, 0xff, 0x7c,
    0xff, 0x7c, 0xff, 0x7c, 0xff, 0x7c, 0xff, 0x7c, 0xff, 0x7c, 0xff, 0x7c, 0xff, 0x7c, 0xff, 0x7c,
    0xff, 0x7c, 0xff, 0x7c, 0xff, 0x84, 0xff, 0x84, 0xff, 0x84, 0xff, 0x84, 0xff, 0x84, 0xff, 0x84,
    0xff, 0x84, 0xff, 0x84, 0xff, 0x84, 0xff, 0x84, 0xdf, 0x84, 0xdf, 0x84, 0xdf, 0x84, 0xdf, 0x84,
    0xdf, 0x84, 0xdf, 0x84, 0xdf, 0x84, 0xdf, 0x84, 0xdf, 0x84, 0xdf, 0x84, 0xdf, 0x84, 0xdf, 0x84,
    0xdf, 0x84, 0xdf, 0x84, 0xdf, 0x84, 0xdf, 0x84, 0xdf, 0x84, 0xdf, 0x84, 0xdf, 0x84, 0xdf, 0x84,
    0xdf, 0x84, 0xdf, 0x84, 0xdf, 0x84, 0xdf, 0x84, 0xdf, 0x84, 0xdf, 0x84, 0xdf, 0x84, 0xdf, 0x84,
    0xdf, 0x84, 0xdf, 0x84, 0xdf, 0x84, 0xdf, 0x84, 0xdf, 0x84, 0xdf, 0x84, 0xdf, 0x84, 0xdf, 0x84,
    0xdf, 0x84, 0xdf, 0x84, 0xdf, 0x84, 0xdf, 0x84, 0xdf, 0x84, 0xdf, 0x84, 0xdf, 0x84, 0xdf, 0x84,
    0xdf, 0x84, 0xdf, 0x84, 0xdf, 0x84, 0xdf, 0x84, 0xdf, 0x8c, 0xdf, 0x8c, 0xdf, 0x8c, 0xdf, 0x8c,
    0xdf, 0x8c, 0xdf, 0x8c, 0xdf, 0x8c, 0xdf, 0x8c, 0xdf, 0x8c, 0xbf, 0x8c, 0xbf, 0x8c, 0xbf, 0x8c,
    0xbf, 0x8c, 0xbf, 0x8c, 0xbf, 0x8c, 0xbf, 0x8c, 0xbf, 0x8c, 0xbf, 0x8c, 0xbf, 0x8c, 0xbf, 0x8c,
    0xbf, 0x8c, 0xbf, 0x8c, 0xbf, 0x8c, 0xbf, 0x8c, 0xbf, 0x8c, 0xbf, 0x8c, 0xbf, 0x8c, 0xbf, 0x8c,
    0xbf, 0x8c, 0xbf, 0x8c, 0xbf, 0x8c, 0xbf, 0x8c, 0xbf, 0x8c, 0xbf, 0x8c, 0xbf, 0x8c, 0xbf, 0x8c,
    0xbf, 0x8c, 0xbf, 0x8c, 0xbf, 0x8c, 0xbf, 0x8c, 0xbf, 0x8c, 0xbf, 0x8c, 0xbf, 0x8c, 0xbf, 0x8c,
    0xbf, 0x8c, 0xbf, 0x8c, 0xbf, 0x8c, 0xbf, 0x8c, 0xbf, 0x8c, 0xbf, 0x8c, 0xbf, 0x8c, 0xbf, 0x8c,
    0xbf, 0x8c, 0xbf, 0x8c, 0xbf, 0x8c, 0xbf, 0x8c, 0x9f, 0x8c, 0x9f, 0x8c, 0x9f, 0x94, 0x9f, 0x94,
    0x9f, 0x94, 0x9f, 0x94, 0x9f, 0x94, 0x9f, 0x94, 0x9f, 0x94, 0x9f, 0x94, 0x9f, 0x94, 0x9f, 0x94,
    0x9f, 0x94, 0x9f, 0x94, 0x9f, 0x94, 0x9e, 0x94, 0x7e, 0x8c, 0x7e, 0x8c, 0x7d, 0x8c, 0x7d, 0x8c,
    0x7d, 0x8c, 0x7d, 0x8c, 0x7d, 0x8c, 0x7d, 0x8c, 0x7e, 0x8c, 0x7e, 0x94, 0x7e, 0x8c, 0xdf, 0x9c,
    0xda, 0x7b, 0xc6, 0x10, 0x84, 0x08, 0xa5, 0x08, 0xa4, 0x08, 0xa4, 0x08, 0xa4, 0x08, 0x84, 0x08,
    0x84, 0x08, 0x84, 0x08, 0x84, 0x08, 0x84, 0x08, 0x83, 0x08, 0x83, 0x08, 0x83, 0x08, 0x83, 0x08,
    0x83, 0x08, 0x83, 0x08, 0x83, 0x08, 0x84, 0x08, 0x84, 0x08, 0x84, 0x08, 0x84, 0x08, 0x84, 0x08,
    0xa4, 0x08, 0xa4, 0x08, 0xa4, 0x08, 0xa5, 0x08, 0x84, 0x08, 0xe6, 0x10, 0x3a, 0x64, 0x3f, 0x85,
    0xde, 0x7c, 0xdf, 0x7c, 0xde, 0x7c, 0xbd, 0x7c, 0xdd, 0x7c, 0xdd, 0x7c, 0xdd, 0x7c, 0xbd, 0x7c,
    0xbe, 0x7c, 0xde, 0x7c, 0xdf, 0x7c, 0xff, 0x7c, 0xff, 0x7c, 0xff, 0x7c, 0xff, 0x7c, 0xff, 0x7c,
    0xff, 0x7c, 0xff, 0x7c, 0xff, 0x7c, 0xff, 0x7c, 0xff, 0x7c, 0xff, 0x7c, 0xff, 0x7c, 0xff, 0x7c,
    0xff, 0x7c, 0xff, 0x84, 0xff, 0x84, 0xff, 0x84, 0xff, 0x84, 0xff, 0x84, 0xff, 0x84, 0xff, 0x84,
    0xff, 0x84, 0xff, 0x84, 0xff, 0x84, 0xdf, 0x84, 0xdf, 0x84, 0xdf, 0x84, 0xdf, 0x84, 0xdf, 0x84,
    0xdf, 0x84, 0xdf, 0x84, 0xdf, 0x84, 0xdf, 0x84, 0xdf, 0x84, 0xdf, 0x84, 0xdf, 0x84, 0xdf, 0x84,
    0xdf, 0x84, 0xdf, 0x84, 0xdf, 0x84, 0xdf, 0x84, 0xdf, 0x84, 0xdf, 0x84, 0xdf, 0x84, 0xdf, 0x84,
    0xdf, 0x84, 0xdf, 0x84, 0xdf, 0x84, 0xdf, 0x84, 0xdf, 0x84, 0xdf, 0x84, 0xdf, 0x84, 0xdf, 0x84,
    0xdf, 0x84, 0xdf, 0x84, 0xdf, 0x84, 0xdf, 0x84, 0xdf, 0x84, 0xdf, 0x84, 0xdf, 0x84, 0xdf, 0x84,
    0xdf, 0x84, 0xdf, 0x84, 0xdf, 0x84, 0xdf, 0x84, 0xdf, 0x84, 0xdf, 0x84, 0xdf, 0x84, 0xdf, 0x84,
    0xdf, 0x84, 0xdf, 0x84, 0xdf, 0x84, 0xdf, 0x8c, 0xdf, 0x8c, 0xdf, 0x8c, 0xdf, 0x8c, 0xdf, 0x8c,
    0xdf, 0x8c, 0xdf, 0x8c, 0xdf, 0x8c, 0xdf, 0x8c, 0xbf, 0x8c, 0xbf, 0x8c, 0xbf, 0x8c, 0xbf, 0x8c,
    0xbf, 0x8c, 0xbf, 0x8c, 0xbf, 0x8c, 0xbf, 0x8c, 0xbf, 0x8c, 0xbf, 0x8c, 0xbf, 0x8c, 0xbf, 0x8c,
    0xbf, 0x8c, 0xbf, 0x8c, 0xbf, 0x8c, 0xbf, 0x8c, 0xbf, 0x8c, 0xbf, 0x8c, 0xbf, 0x8c, 0xbf, 0x8c,
    0xbf, 0x8c, 0xbf, 0x8c, 0xbf, 0x8c, 0xbf, 0x8c, 0xbf, 0x8c, 0xbf, 0x8c, 0xbf, 0x8c, 0xbf, 0x8c,
    0xbf, 0x8c, 0xbf, 0x8c, 0xbf, 0x8c, 0xbf, 0x8c, 0xbf, 0x8c, 0xbf, 0x8c, 0xbf, 0x8c, 0xbf, 0x8c,
    0xbf, 0x8c, 0xbf, 0x8c, 0xbf, 0x8c, 0xbf, 0x8c, 0xbf, 0x8c, 0xbf, 0x8c, 0xbf, 0x8c, 0xbf, 0x8c,
    0xbf, 0x8c, 0xbf, 0x8c, 0xbf, 0x8c, 0x9f, 0x8c, 0x9f, 0x8c, 0x9f, 0x94, 0x9f, 0x94, 0x9f, 0x94,
    0x9f, 0x94, 0x9f, 0x94, 0x9f, 0x94, 0x9f, 0x94, 0x9f, 0x94, 0x9f, 0x94, 0x9f, 0x94, 0x9f, 0x94,
    0x9f, 0x94, 0x9f, 0x94, 0x9f, 0x94, 0x9f, 0x94, 0x9f, 0x94, 0x7e, 0x8c, 0x7e, 0x8c, 0x7d, 0x8c,
    0x7d, 0x8c, 0x7d, 0x8c, 0x7d, 0x94, 0x7d, 0x8c, 0x7d, 0x8c, 0x7d, 0x8c, 0x7e, 0x8c, 0x7e, 0x8c,
    0xdf, 0x9c, 0xda, 0x7b, 0xc6, 0x10, 0x84, 0x08, 0xa5, 0x08, 0xa4, 0x08, 0xa4, 0x08, 0xa4, 0x08,
    0x84, 0x08, 0x84, 0x08, 0x84, 0x08, 0x84, 0x08, 0x84, 0x08, 0x83, 0x08, 0x83, 0x08, 0x83, 0x08,
    0x83, 0x08, 0x84, 0x08, 0x84, 0x08, 0x84, 0x08, 0x84, 0x08, 0x84, 0x08, 0xa4, 0x08, 0xa4, 0x08,
    0xa4, 0x08, 0xa4, 0x08, 0xa5, 0x08, 0xa4, 0x08, 0xc5, 0x08, 0x3a, 0x64, 0x3f, 0x85, 0xde, 0x7c,
    0xdf, 0x7c, 0xde, 0x7c, 0xbd, 0x7c, 0xdd, 0x7c, 0xdd, 0x7c, 0xdd, 0x7c, 0xbd, 0x7c, 0xbe, 0x7c,
    0xde, 0x7c, 0xff, 0x7c, 0xff, 0x7c, 0xff, 0x7c, 0xff, 0x7c, 0xff, 0x7c, 0xff, 0x7c, 0xff, 0x7c,
    0xff, 0x7c, 0xff, 0x7c, 0xff, 0x7c, 0xff, 0x7c, 0xff, 0x7c, 0xff, 0x7c, 0xff, 0x7c, 0xff, 0x7c,
    0xff, 0x84, 0xff, 0x84, 0xff, 0x84, 0xff, 0x84, 0xff, 0x84, 0xff, 0x84, 0xff, 0x84, 0xff, 0x84,
    0xff, 0x84, 0xff, 0x84, 0xdf, 0x84, 0xdf, 0x84, 0xdf, 0x84, 0xdf, 0x84, 0xdf, 0x84, 0xdf, 0x84,
    0xdf, 0x84, 0xdf, 0x84, 0xdf, 0x84, 0xdf, 0x84, 0xdf, 0x84, 0xdf, 0x84, 0xdf, 0x84, 0xdf, 0x84,
    0xdf, 0x84, 0xdf, 0x84, 0xdf, 0x84, 0xdf, 0x84, 0xdf, 0x84, 0xdf, 0x84, 0xdf, 0x84, 0xdf, 0x84,
    0xdf, 0x84, 0xdf, 0x84, 0xdf, 0x84, 0xdf, 0x84, 0xdf, 0x84, 0xdf, 0x84, 0xdf, 0x84, 0xdf, 0x84,
    0xdf, 0x84, 0xdf, 0x84, 0xdf, 0x84, 0xdf, 0x84, 0xdf, 0x84, 0xdf, 0x84, 0xdf, 0x84, 0xdf, 0x84,
    0xdf, 0x84, 0xdf, 0x84, 0xdf, 0x84, 0xdf, 0x84, 0xdf, 0x84, 0xdf, 0x84, 0xdf, 0x84, 0xdf, 0x84,
    0xdf, 0x84, 0xdf, 0x84, 0xdf, 0x8c, 0xdf, 0x8c, 0xdf, 0x8c, 0xdf, 0x8c, 0xdf, 0x8c, 0xdf, 0x8c,
    0xdf, 0x8c, 0xdf, 0x8c, 0xdf, 0x8c, 0xbf, 0x8c, 0xbf, 0x8c, 0xbf, 0x8c, 0xbf, 0x8c, 0xbf, 0x8c,
    0xbf, 0x8c, 0xbf, 0x8c, 0xbf, 0x8c, 0xbf, 0x8c, 0xbf, 0x8c, 0xbf, 0x8c, 0xbf, 0x8c, 0xbf, 0x8c,
    0xbf, 0x8c, 0xbf, 0x8c, 0xbf, 0x8c, 0xbf, 0x8c, 0xbf, 0x8c, 0xbf, 0x8c, 0xbf, 0x8c, 0xbf, 0x8c,
    0xbf, 0x8c, 0xbf, 0x8c, 0xbf, 0x8c, 0xbf, 0x8c, 0xbf, 0x8c, 0xbf, 0x8c, 0xbf, 0x8c, 0xbf, 0x8c,
    0xbf, 0x8c, 0xbf, 0x8c, 0xbf, 0x8c, 0xbf, 0x8c, 0xbf, 0x8c, 0xbf, 0x8c, 0xbf, 0x8c, 0xbf, 0x8c,
    0xbf, 0x8c, 0xbf, 0x8c, 0xbf, 0x8c, 0xbf, 0x8c, 0xbf, 0x8c, 0xbf, 0x8c, 0xbf, 0x8c, 0xbf, 0x8c,
    0xbf, 0x8c, 0xbf, 0x8c, 0x9f, 0x8c, 0x9f, 0x8c, 0x9f, 0x94, 0x9f, 0x94, 0x9f, 0x94, 0x9f, 0x94,
    0x9f, 0x94, 0x9f, 0x94, 0x9f, 0x94, 0x9f, 0x94, 0x9f, 0x94, 0x9f, 0x94, 0x9f, 0x94, 0x9f, 0x94,
    0x9f, 0x94, 0x9f, 0x94, 0x9f, 0x94, 0x9f, 0x94, 0x9f, 0x94, 0x9f, 0x94, 0x9e, 0x94, 0x7e, 0x8c,
    0x7d, 0x8c, 0x7d, 0x8c, 0x7d, 0x8c, 0x7d, 0x94, 0x7d, 0x8c, 0x7d, 0x8c, 0x7d, 0x8c, 0x7e, 0x94,
    0x7e, 0x8c, 0xdf, 0x9c, 0xda, 0x7b, 0xc5, 0x08, 0xa4, 0x08, 0xa5, 0x08, 0xa4, 0x08, 0xa4, 0x08,
    0xa4, 0x08, 0xa4, 0x08, 0x84, 0x08, 0x84, 0x08, 0x84, 0x08, 0x84, 0x08, 0x84, 0x08, 0x83, 0x08,
    0x84, 0x08, 0x84, 0x08, 0x84, 0x08, 0x84, 0x08, 0xa4, 0x08, 0xa4, 0x08, 0xa4, 0x08, 0xa4, 0x08,
    0xa4, 0x08, 0xa5, 0x08, 0xc5, 0x08, 0x84, 0x08, 0x75, 0x53, 0x5f, 0x85, 0xde, 0x7c, 0xdf, 0x7c,
    0xde, 0x7c, 0xbd, 0x7c, 0xdd, 0x7c, 0xdd, 0x7c, 0xdd, 0x7c, 0xbd, 0x7c, 0xbe, 0x7c, 0xde, 0x7c,
    0xff, 0x7c, 0xff, 0x7c, 0xff, 0x7c, 0xff, 0x7c, 0xff, 0x7c, 0xff, 0x7c, 0xff, 0x7c, 0xff, 0x7c,
    0xff, 0x7c, 0xff, 0x7c, 0xff, 0x7c, 0xff, 0x7c, 0xff, 0x7c, 0xff, 0x7c, 0xff, 0x7c, 0xff, 0x84,
    0xff, 0x84, 0xff, 0x84, 0xff, 0x84, 0xff, 0x84, 0xff, 0x84, 0xff, 0x84, 0xff, 0x84, 0xff, 0x84,
    0xff, 0x84, 0xdf, 0x84, 0xdf, 0x84, 0xdf, 0x84, 0xdf, 0x84, 0xdf, 0x84, 0xdf, 0x84, 0xdf, 0x84,
    0xdf, 0x84, 0xdf, 0x84, 0xdf, 0x84, 0xdf, 0x84, 0xdf, 0x84, 0xdf, 0x84, 0xdf, 0x84, 0xdf, 0x84,
    0xdf, 0x84, 0xdf, 0x84, 0xdf, 0x84, 0xdf, 0x84, 0xdf, 0x84, 0xdf, 0x84, 0xdf, 0x84, 0xdf, 0x84,
    0xdf, 0x84, 0xdf, 0x84, 0xdf, 0x84, 0xdf, 0x84, 0xdf, 0x84, 0xdf, 0x84, 0xdf, 0x84, 0xdf, 0x84,
    0xdf, 0x84, 0xdf, 0x84, 0xdf, 0x84, 0xdf, 0x84, 0xdf, 0x84, 0xdf, 0x84, 0xdf, 0x84, 0xdf, 0x84,
    0xdf, 0x84, 0xdf, 0x84, 0xdf, 0x84, 0xdf, 0x84, 0xdf, 0x84, 0xdf, 0x84, 0xdf, 0x84, 0xdf, 0x84,
    0xdf, 0x84, 0xdf, 0x8c, 0xdf, 0x8c, 0xdf, 0x8c, 0xdf, 0x8c, 0xdf, 0x8c, 0xdf, 0x8c, 0xdf, 0x8c,
    0xdf, 0x8c, 0xdf, 0x8c, 0xbf, 0x8c, 0xbf, 0x8c, 0xbf, 0x8c, 0xbf, 0x8c, 0xbf, 0x8c, 0xbf, 0x8c,
    0xbf, 0x8c, 0xbf, 0x8c, 0xbf, 0x8c, 0xbf, 0x8c, 0xbf, 0x8c, 0xbf, 0x8c, 0xbf, 0x8c, 0xbf, 0x8c,
    0xbf, 0x8c, 0xbf, 0x8c, 0xbf, 0x8c, 0xbf, 0x8c, 0xbf, 0x8c, 0xbf, 0x8c, 0xbf, 0x8c, 0xbf, 0x8c,
    0xbf, 0x8c, 0xbf, 0x8c, 0xbf, 0x8c, 0xbf, 0x8c, 0xbf, 0x8c, 0xbf, 0x8c, 0xbf, 0x8c, 0xbf, 0x8c,
    0xbf, 0x8c, 0xbf, 0x8c, 0xbf, 0x8c, 0xbf, 0x8c, 0xbf, 0x8c, 0xbf, 0x8c, 0xbf, 0x8c, 0xbf, 0x8c,
    0xbf, 0x8c, 0xbf, 0x8c, 0xbf, 0x8c, 0xbf, 0x8c, 0xbf, 0x8c, 0xbf, 0x8c, 0xbf, 0x8c, 0xbf, 0x8c,
    0xbf, 0x8c, 0x9f, 0x8c, 0x9f, 0x8c, 0x9f, 0x94, 0x9f, 0x94, 0x9f, 0x94, 0x9f, 0x94, 0x9f, 0x94,
    0x9f, 0x94, 0x9f, 0x94, 0x9f, 0x94, 0x9f, 0x94, 0x9f, 0x94, 0x9f, 0x94, 0x9f, 0x94, 0x9f, 0x94,
    0x9f, 0x94, 0x9f, 0x94, 0x9f, 0x94, 0x9f, 0x94, 0x9f, 0x94, 0x9f, 0x94, 0x9f, 0x94, 0x9e, 0x94,
    0x7e, 0x8c, 0x7d, 0x8c, 0x7d, 0x8c, 0x7d, 0x8c, 0x7d, 0x94, 0x7d, 0x8c, 0x5d, 0x8c, 0x5d, 0x8c,
    0x7e, 0x94, 0x7e, 0x8c, 0xdf, 0x9c, 0x35, 0x63, 0x84, 0x08, 0xc5, 0x08, 0xa5, 0x08, 0xa4, 0x08,
    0xa4, 0x08, 0xa4, 0x08, 0xa4, 0x08, 0xa4, 0x08, 0x84, 0x08, 0x84, 0x08, 0x84, 0x08, 0x84, 0x08,
    0x84, 0x08, 0x84, 0x08, 0xa4, 0x08, 0xa4, 0x08, 0xa4, 0x08, 0xa4, 0x08, 0xa4, 0x08, 0xa5, 0x08,
    0xa5, 0x08, 0xc5, 0x10, 0x63, 0x00, 0xd2, 0x42, 0x5f, 0x85, 0xde, 0x7c, 0xdf, 0x7c, 0xde, 0x7c,
    0xbd, 0x7c, 0xdd, 0x7c, 0xdd, 0x7c, 0xdd, 0x7c, 0xbd, 0x7c, 0xbe, 0x7c, 0xde, 0x7c, 0xff, 0x7c,
    0xff, 0x7c, 0xff, 0x7c, 0xff, 0x7c, 0xff, 0x7c, 0xff, 0x7c, 0xff, 0x7c, 0xff, 0x7c, 0xff, 0x7c,
    0xff, 0x7c, 0xff, 0x7c, 0xff, 0x7c, 0xff, 0x7c, 0xff, 0x7c, 0xff, 0x7c, 0xff, 0x84, 0xff, 0x84,
    0xff, 0x84, 0xff, 0x84, 0xff, 0x84, 0xff, 0x84, 0xff, 0x84, 0xff, 0x84, 0xff, 0x84, 0xff, 0x84,
    0xdf, 0x84, 0xdf, 0x84, 0xdf, 0x84, 0xdf, 0x84, 0xdf, 0x84, 0xdf, 0x84, 0xdf, 0x84, 0xdf, 0x84,
    0xdf, 0x84, 0xdf, 0x84, 0xdf, 0x84, 0xdf, 0x84, 0xdf, 0x84, 0xdf, 0x84, 0xdf, 0x84, 0xdf, 0x84,
    0xdf, 0x84, 0xdf, 0x84, 0xdf, 0x84, 0xdf, 0x84, 0xdf, 0x84, 0xdf, 0x84, 0xdf, 0x84, 0xdf, 0x84,
    0xdf, 0x84, 0xdf, 0x84, 0xdf, 0x84, 0xdf, 0x84, 0xdf, 0x84, 0xdf, 0x84, 0xdf, 0x84, 0xdf, 0x84,
    0xdf, 0x84, 0xdf, 0x84, 0xdf, 0x84, 0xdf, 0x84, 0xdf, 0x84, 0xdf, 0x84, 0xdf, 0x84, 0xdf, 0x84,
    0xdf, 0x84, 0xdf, 0x84, 0xdf, 0x84, 0xdf, 0x84, 0xdf, 0x84, 0xdf, 0x84, 0xdf, 0x84, 0xdf, 0x84,
    0xdf, 0x8c, 0xdf, 0x8c, 0xdf, 0x8c, 0xdf, 0x8c, 0xdf, 0x8c, 0xdf, 0x8c, 0xdf, 0x8c, 0xdf, 0x8c,
    0xdf, 0x8c, 0xbf, 0x8c, 0xbf, 0x8c, 0xbf, 0x8c, 0xbf, 0x8c, 0xbf, 0x8c, 0xbf, 0x8c, 0xbf, 0x8c,
    0xbf, 0x8c, 0xbf, 0x8c, 0xbf, 0x8c, 0xbf, 0x8c, 0xbf, 0x8c, 0xbf, 0x8c, 0xbf, 0x8c, 0xbf, 0x8c,
    0xbf, 0x8c, 0xbf, 0x8c, 0xbf, 0x8c, 0xbf, 0x8c, 0xbf, 0x8c, 0xbf, 0x8c, 0xbf, 0x8c, 0xbf, 0x8c,
    0xbf, 0x8c, 0xbf, 0x8c, 0xbf, 0x8c, 0xbf, 0x8c, 0xbf, 0x8c, 0xbf, 0x8c, 0xbf, 0x8c, 0xbf, 0x8c,
    0xbf, 0x8c, 0xbf, 0x8c, 0xbf, 0x8c, 0xbf, 0x8c, 0xbf, 0x8c, 0xbf, 0x8c, 0xbf, 0x8c, 0xbf, 0x8c,
    0xbf, 0x8c, 0xbf, 0x8c, 0xbf, 0x8c, 0xbf, 0x8c, 0xbf, 0x8c, 0xbf, 0x8c, 0xbf, 0x8c, 0xbf, 0x8c,
    0x9f, 0x8c, 0x9f, 0x8c, 0x9f, 0x94, 0x9f, 0x94, 0x9f, 0x94, 0x9f, 0x94, 0x9f, 0x94, 0x9f, 0x94,
    0x9f, 0x94, 0x9f, 0x94, 0x9f, 0x94, 0x9f, 0x94, 0x9f, 0x94, 0x9f, 0x94, 0x9f, 0x94, 0x9f, 0x94,
    0x9f, 0x94, 0x9f, 0x94, 0x9f, 0x94, 0x9f, 0x94, 0x9f, 0x94, 0x9f, 0x94, 0x9f, 0x94, 0x9f, 0x94,
    0x9f, 0x94, 0x7e, 0x94, 0x7e, 0x8c, 0x5d, 0x8c, 0x7d, 0x8c, 0x7d, 0x94, 0x7d, 0x8c, 0x5d, 0x8c,
    0x7d, 0x8c, 0x7e, 0x94, 0x7e, 0x8c, 0xff, 0xa4, 0xb2, 0x52, 0x63, 0x00, 0xc5, 0x10, 0xa5, 0x08,
    0xa5, 0x08, 0xa4, 0x08, 0xa4, 0x08, 0xa4, 0x08, 0xa4, 0x08, 0xa4, 0x08, 0x84, 0x08, 0x84, 0x08,
    0x84, 0x08, 0xa4, 0x08, 0xa4, 0x08, 0xa4, 0x08, 0xa4, 0x08, 0xa5, 0x08, 0xa5, 0x08, 0xa5, 0x08,
    0xc5, 0x10, 0x63, 0x08, 0xcc, 0x29, 0x1f, 0x85, 0xdf, 0x7c, 0xdf, 0x7c, 0xde, 0x7c, 0xbd, 0x7c,
    0xdd, 0x7c, 0xdd, 0x7c, 0xdd, 0x7c, 0xbd, 0x7c, 0xbe, 0x7c, 0xde, 0x7c, 0xdf, 0x7c, 0xff, 0x7c,
    0xff, 0x7c, 0xff, 0x7c, 0xff, 0x7c, 0xff, 0x7c, 0xff, 0x7c, 0xff, 0x7c, 0xff, 0x7c, 0xff, 0x7c,
    0xff, 0x7c, 0xff, 0x7c, 0xff, 0x7c, 0xff, 0x7c, 0xff, 0x7c, 0xff, 0x84, 0xff, 0x84, 0xff, 0x84,
    0xff, 0x84, 0xff, 0x84, 0xff, 0x84, 0xff, 0x84, 0xff, 0x84, 0xff, 0x84, 0xff, 0x84, 0xdf, 0x84,
    0xdf, 0x84, 0xdf, 0x84, 0xdf, 0x84, 0xdf, 0x84, 0xdf, 0x84, 0xdf, 0x84, 0xdf, 0x84, 0xdf, 0x84,
    0xdf, 0x84, 0xdf, 0x84, 0xdf, 0x84, 0xdf, 0x84, 0xdf, 0x84, 0xdf, 0x84, 0xdf, 0x84, 0xdf, 0x84,
    0xdf, 0x84, 0xdf, 0x84, 0xdf, 0x84, 0xdf, 0x84, 0xdf, 0x84, 0xdf, 0x84, 0xdf, 0x84, 0xdf, 0x84,
    0xdf, 0x84, 0xdf, 0x84, 0xdf, 0x84, 0xdf, 0x84, 0xdf, 0x84, 0xdf, 0x84, 0xdf, 0x84, 0xdf, 0x84,
    0xdf, 0x84, 0xdf, 0x84, 0xdf, 0x84, 0xdf, 0x84, 0xdf, 0x84, 0xdf, 0x84, 0xdf, 0x84, 0xdf, 0x84,
    0xdf, 0x84, 0xdf, 0x84, 0xdf, 0x84, 0xdf, 0x84, 0xdf, 0x84, 0xdf, 0x84, 0xdf, 0x84, 0xdf, 0x8c,
    0xdf, 0x8c, 0xdf, 0x8c, 0xdf, 0x8c, 0xdf, 0x8c, 0xdf, 0x8c, 0xdf, 0x8c, 0xdf, 0x8c, 0xdf, 0x8c,
    0xbf, 0x8c, 0xbf, 0x8c, 0xbf, 0x8c, 0xbf, 0x8c, 0xbf, 0x8c, 0xbf, 0x8c, 0xbf, 0x8c, 0xbf, 0x8c,
    0xbf, 0x8c, 0xbf, 0x8c, 0xbf, 0x8c, 0xbf, 0x8c, 0xbf, 0x8c, 0xbf, 0x8c, 0xbf, 0x8c, 0xbf, 0x8c,
    0xbf, 0x8c, 0xbf, 0x8c, 0xbf, 0x8c, 0xbf, 0x8c, 0xbf, 0x8c, 0xbf, 0x8c, 0xbf, 0x8c, 0xbf, 0x8c,
    0xbf, 0x8c, 0xbf, 0x8c, 0xbf, 0x8c, 0xbf, 0x8c, 0xbf, 0x8c, 0xbf, 0x8c, 0xbf, 0x8c, 0xbf, 0x8c,
    0xbf, 0x8c, 0xbf, 0x8c, 0xbf, 0x8c, 0xbf, 0x8c, 0xbf, 0x8c, 0xbf, 0x8c, 0xbf, 0x8c, 0xbf, 0x8c,
    0xbf, 0x8c, 0xbf, 0x8c, 0xbf, 0x8c, 0xbf, 0x8c, 0xbf, 0x8c, 0xbf, 0x8c, 0xbf, 0x8c, 0x9f, 0x8c,
    0x9f, 0x8c, 0x9f, 0x94, 0x9f, 0x94, 0x9f, 0x94, 0x9f, 0x94, 0x9f, 0x94, 0x9f, 0x94, 0x9f, 0x94,
    0x9f, 0x94, 0x9f, 0x94, 0x9f, 0x94, 0x9f, 0x94, 0x9f, 0x94, 0x9f, 0x94, 0x9f, 0x94, 0x9f, 0x94,
    0x9f, 0x94, 0x9f, 0x94, 0x9f, 0x94, 0x9f, 0x94, 0x9f, 0x94, 0x9f, 0x94, 0x9f, 0x94, 0x9f, 0x94,
    0x9f, 0x94, 0x7f, 0x94, 0x7e, 0x8c, 0x5d, 0x8c, 0x5d, 0x8c, 0x7d, 0x94, 0x7d, 0x94, 0x7d, 0x94,
    0x5d, 0x8c, 0x7e, 0x8c, 0x7e, 0x94, 0x7e, 0x94, 0xbf, 0x9c, 0xcc, 0x31, 0x83, 0x00, 0xc5, 0x10,
    0xa5, 0x08, 0xa5, 0x08, 0xa5, 0x08, 0xa4, 0x08, 0xa4, 0x08, 0xa4, 0x08, 0xa4, 0x08, 0x84, 0x08,
    0xa4, 0x08, 0xa4, 0x08, 0xa4, 0x08, 0xa4, 0x08, 0xa5, 0x08, 0xa5, 0x08, 0xa5, 0x08, 0xc5, 0x08,
    0xa4, 0x08, 0x07, 0x11, 0xbd, 0x74, 0xff, 0x7c, 0xde, 0x7c, 0xde, 0x7c, 0xbd, 0x7c, 0xdd, 0x7c,
    0xdd, 0x7c, 0xdd, 0x7c, 0xbd, 0x7c, 0xbe, 0x7c, 0xde, 0x7c, 0xdf, 0x7c, 0xff, 0x7c, 0xff, 0x7c,
    0xff, 0x7c, 0xff, 0x7c, 0xff, 0x7c, 0xff, 0x7c, 0xff, 0x7c, 0xff, 0x7c, 0xff, 0x7c, 0xff, 0x7c,
    0xff, 0x7c, 0xff, 0x7c, 0xff, 0x7c, 0xff, 0x7c, 0xff, 0x84, 0xff, 0x84, 0xff, 0x84, 0xff, 0x84,
    0xff, 0x84, 0xff, 0x84, 0xff, 0x84, 0xff, 0x84, 0xff, 0x84, 0xff, 0x84, 0xdf, 0x84, 0xdf, 0x84,
    0xdf, 0x84, 0xdf, 0x84, 0xdf, 0x84, 0xdf, 0x84, 0xdf, 0x84, 0xdf, 0x84, 0xdf, 0x84, 0xdf, 0x84,
    0xdf, 0x84, 0xdf, 0x84, 0xdf, 0x84, 0xdf, 0x84, 0xdf, 0x84, 0xdf, 0x84, 0xdf, 0x84, 0xdf, 0x84,
    0xdf, 0x84, 0xdf, 0x84, 0xdf, 0x84, 0xdf, 0x84, 0xdf, 0x84, 0xdf, 0x84, 0xdf, 0x84, 0xdf, 0x84,
    0xdf, 0x84, 0xdf, 0x84, 0xdf, 0x84, 0xdf, 0x84, 0xdf, 0x84, 0xdf, 0x84, 0xdf, 0x84, 0xdf, 0x84,
    0xdf, 0x84, 0xdf, 0x84, 0xdf, 0x84, 0xdf, 0x84, 0xdf, 0x84, 0xdf, 0x84, 0xdf, 0x84, 0xdf, 0x84,
    0xdf, 0x84, 0xdf, 0x84, 0xdf, 0x84, 0xdf, 0x84, 0xdf, 0x84, 0xdf, 0x84, 0xdf, 0x8c, 0xdf, 0x8c,
    0xdf, 0x8c, 0xdf, 0x8c, 0xdf, 0x8c, 0xdf, 0x8c, 0xdf, 0x8c, 0xdf, 0x8c, 0xdf, 0x8c, 0xbf, 0x8c,
    0xbf, 0x8c, 0xbf, 0x8c, 0xbf, 0x8c, 0xbf, 0x8c, 0xbf, 0x8c, 0xbf, 0x8c, 0xbf, 0x8c, 0xbf, 0x8c,
    0xbf, 0x8c, 0xbf, 0x8c, 0xbf, 0x8c, 0xbf, 0x8c, 0xbf, 0x8c, 0xbf, 0x8c, 0xbf, 0x8c, 0xbf, 0x8c,
    0xbf, 0x8c, 0xbf, 0x8c, 0xbf, 0x8c, 0xbf, 0x8c, 0xbf, 0x8c, 0xbf, 0x8c, 0xbf, 0x8c, 0xbf, 0x8c,
    0xbf, 0x8c, 0xbf, 0x8c, 0xbf, 0x8c, 0xbf, 0x8c, 0xbf, 0x8c, 0xbf, 0x8c, 0xbf, 0x8c, 0xbf, 0x8c,
    0xbf, 0x8c, 0xbf, 0x8c, 0xbf, 0x8c, 0xbf, 0x8c, 0xbf, 0x8c, 0xbf, 0x8c, 0xbf, 0x8c, 0xbf, 0x8c,
    0xbf, 0x8c, 0xbf, 0x8c, 0xbf, 0x8c, 0xbf, 0x8c, 0xbf, 0x8c, 0xbf, 0x8c, 0x9f, 0x8c, 0x9f, 0x8c,
    0x9f, 0x94, 0x9f, 0x94, 0x9f, 0x94, 0x9f, 0x94, 0x9f, 0x94, 0x9f, 0x94, 0x9f, 0x94, 0x9f, 0x94,
    0x9f, 0x94, 0x9f, 0x94, 0x9f, 0x94, 0x9f, 0x94, 0x9f, 0x94, 0x9f, 0x94, 0x9f, 0x94, 0x9f, 0x94,
    0x9f, 0x94, 0x9f, 0x94, 0x9f, 0x94, 0x9f, 0x94, 0x9f, 0x94, 0x9f, 0x94, 0x9f, 0x94, 0x9f, 0x94,
    0x9f, 0x94, 0x9f, 0x94, 0x7f, 0x94, 0x7e, 0x94, 0x5d, 0x8c, 0x5d, 0x8c, 0x7d, 0x94, 0x7d, 0x94,
    0x7d, 0x8c, 0x5d, 0x8c, 0x7e, 0x8c, 0x7e, 0x8c, 0x9f, 0x94, 0x3d, 0x8c, 0x07, 0x19, 0xa4, 0x08,
    0xc5, 0x08, 0xa5, 0x08, 0xa5, 0x08, 0xa5, 0x08, 0xa4, 0x08, 0xa4, 0x08, 0xa4, 0x08, 0xa4, 0x08,
    0xa4, 0x08, 0xa4, 0x08, 0xa5, 0x08, 0xa5, 0x08, 0xa5, 0x08, 0xa5, 0x08, 0xc5, 0x08, 0xc5, 0x10,
    0x84, 0x08, 0xd8, 0x5b, 0x3f, 0x85, 0xde, 0x74, 0xde, 0x7c, 0xbe, 0x7c, 0xdd, 0x7c, 0xdd, 0x7c,
    0xdd, 0x7c, 0xbd, 0x7c, 0xbe, 0x7c, 0xde, 0x7c, 0xdf, 0x7c, 0xff, 0x7c, 0xff, 0x7c, 0xff, 0x7c,
    0xff, 0x7c, 0xff, 0x7c, 0xff, 0x7c, 0xff, 0x7c, 0xff, 0x7c, 0xff, 0x7c, 0xff, 0x7c, 0xff, 0x7c,
    0xff, 0x7c, 0xff, 0x7c, 0xff, 0x7c, 0xff, 0x7c, 0xff, 0x84, 0xff, 0x84, 0xff, 0x84, 0xff, 0x84,
    0xff, 0x84, 0xff, 0x84, 0xff, 0x84, 0xff, 0x84, 0xff, 0x84, 0xdf, 0x84, 0xdf, 0x84, 0xdf, 0x84,
    0xdf, 0x84, 0xdf, 0x84, 0xdf, 0x84, 0xdf, 0x84, 0xdf, 0x84, 0xdf, 0x84, 0xdf, 0x84, 0xdf, 0x84,
    0xdf, 0x84, 0xdf, 0x84, 0xdf, 0x84, 0xdf, 0x84, 0xdf, 0x84, 0xdf, 0x84, 0xdf, 0x84, 0xdf, 0x84,
    0xdf, 0x84, 0xdf, 0x84, 0xdf, 0x84, 0xdf, 0x84, 0xdf, 0x84, 0xdf, 0x84, 0xdf, 0x84, 0xdf, 0x84,
    0xdf, 0x84, 0xdf, 0x84, 0xdf, 0x84, 0xdf, 0x84, 0xdf, 0x84, 0xdf, 0x84, 0xdf, 0x84, 0xdf, 0x84,
    0xdf, 0x84, 0xdf, 0x84, 0xdf, 0x84, 0xdf, 0x84, 0xdf, 0x84, 0xdf, 0x84, 0xdf, 0x84, 0xdf, 0x84,
    0xdf, 0x84, 0xdf, 0x84, 0xdf, 0x84, 0xdf, 0x84, 0xdf, 0x84, 0xdf, 0x8c, 0xdf, 0x8c, 0xdf, 0x8c,
    0xdf, 0x8c, 0xdf, 0x8c, 0xdf, 0x8c, 0xdf, 0x8c, 0xdf, 0x8c, 0xdf, 0x8c, 0xbf, 0x8c, 0xbf, 0x8c,
    0xbf, 0x8c, 0xbf, 0x8c, 0xbf, 0x8c, 0xbf, 0x8c, 0xbf, 0x8c, 0xbf, 0x8c, 0xbf, 0x8c, 0xbf, 0x8c,
    0xbf, 0x8c, 0xbf, 0x8c, 0xbf, 0x8c, 0xbf, 0x8c, 0xbf, 0x8c, 0xbf, 0x8c, 0xbf, 0x8c, 0xbf, 0x8c,
    0xbf, 0x8c, 0xbf, 0x8c, 0xbf, 0x8c, 0xbf, 0x8c, 0xbf, 0x8c, 0xbf, 0x8c, 0xbf, 0x8c, 0xbf, 0x8c,
    0xbf, 0x8c, 0xbf, 0x8c, 0xbf, 0x8c, 0xbf, 0x8c, 0xbf, 0x8c, 0xbf, 0x8c, 0xbf, 0x8c, 0xbf, 0x8c,
    0xbf, 0x8c, 0xbf, 0x8c, 0xbf, 0x8c, 0xbf, 0x8c, 0xbf, 0x8c, 0xbf, 0x8c, 0xbf, 0x8c, 0xbf, 0x8c,
    0xbf, 0x8c, 0xbf, 0x8c, 0xbf, 0x8c, 0xbf, 0x8c, 0xbf, 0x8c, 0x9f, 0x8c, 0x9f, 0x8c, 0x9f, 0x94,
    0x9f, 0x94, 0x9f, 0x94, 0x9f, 0x94, 0x9f, 0x94, 0x9f, 0x94, 0x9f, 0x94, 0x9f, 0x94, 0x9f, 0x94,
    0x9f, 0x94, 0x9f, 0x94, 0x9f, 0x94, 0x9f, 0x94, 0x9f, 0x94, 0x9f, 0x94, 0x9f, 0x94, 0x9f, 0x94,
    0x9f, 0x94, 0x9f, 0x94, 0x9f, 0x94, 0x9f, 0x94, 0x9f, 0x94, 0x9f, 0x94, 0x9f, 0x94, 0x9f, 0x94,
    0x9f, 0x94, 0x9f, 0x94, 0x9f, 0x94, 0x7e, 0x94, 0x7e, 0x94, 0x5d, 0x8c, 0x5d, 0x8c, 0x7d, 0x94,
    0x7d, 0x94, 0x7d, 0x8c, 0x5d, 0x8c, 0x7e, 0x94, 0x7e, 0x94, 0xbf, 0x9c, 0x98, 0x73, 0xa4, 0x08,
    0xc5, 0x10, 0xc5, 0x08, 0xa5, 0x08, 0xa5, 0x08, 0xa5, 0x08, 0xa5, 0x08, 0xa4, 0x08, 0xa4, 0x08,
    0xa5, 0x08, 0xa5, 0x08, 0xa5, 0x08, 0xa5, 0x08, 0xc5, 0x08, 0xc5, 0x08, 0xc6, 0x10, 0x83, 0x08,
    0x90, 0x3a, 0x3f, 0x85, 0xde, 0x7c, 0xde, 0x7c, 0xde, 0x74, 0xbd, 0x7c, 0xdd, 0x7c, 0xdd, 0x7c,
    0xbd, 0x7c, 0xbe, 0x7c, 0xde, 0x7c, 0xdf, 0x7c, 0xff, 0x7c, 0xff, 0x7c, 0xff, 0x7c, 0xff, 0x7c,
    0xff, 0x7c, 0xff, 0x7c, 0xff, 0x7c, 0xff, 0x7c, 0xff, 0x7c, 0xff, 0x7c, 0xff, 0x7c, 0xff, 0x7c,
    0xff, 0x7c, 0xff, 0x7c, 0xff, 0x7c, 0xff, 0x84, 0xff, 0x84, 0xff, 0x84, 0xff, 0x84, 0xff, 0x84,
    0xff, 0x84, 0xff, 0x84, 0xff, 0x84, 0xff, 0x84, 0xdf, 0x84, 0xdf, 0x84, 0xdf, 0x84, 0xdf, 0x84,
    0xdf, 0x84, 0xdf, 0x84, 0xdf, 0x84, 0xdf, 0x84, 0xdf, 0x84, 0xdf, 0x84, 0xdf, 0x84, 0xdf, 0x84,
    0xdf, 0x84, 0xdf, 0x84, 0xdf, 0x84, 0xdf, 0x84, 0xdf, 0x84, 0xdf, 0x84, 0xdf, 0x84, 0xdf, 0x84,
    0xdf, 0x84, 0xdf, 0x84, 0xdf, 0x84, 0xdf, 0x84, 0xdf, 0x84, 0xdf, 0x84, 0xdf, 0x84, 0xdf, 0x84,
    0xdf, 0x84, 0xdf, 0x84, 0xdf, 0x84, 0xdf, 0x84, 0xdf, 0x84, 0xdf, 0x84, 0xdf, 0x84, 0xdf, 0x84,
    0xdf, 0x84, 0xdf, 0x84, 0xdf, 0x84, 0xdf, 0x84, 0xdf, 0x84, 0xdf, 0x84, 0xdf, 0x84, 0xdf, 0x84,
    0xdf, 0x84, 0xdf, 0x84, 0xdf, 0x84, 0xdf, 0x84, 0xdf, 0x8c, 0xdf, 0x8c, 0xdf, 0x8c, 0xdf, 0x8c,
    0xdf, 0x8c, 0xdf, 0x8c, 0xdf, 0x8c, 0xdf, 0x8c, 0xdf, 0x8c, 0xbf, 0x8c, 0xbf, 0x8c, 0xbf, 0x8c,
    0xbf, 0x8c, 0xbf, 0x8c, 0xbf, 0x8c, 0xbf, 0x8c, 0xbf, 0x8c, 0xbf, 0x8c, 0xbf, 0x8c, 0xbf, 0x8c,
    0xbf, 0x8c, 0xbf, 0x8c, 0xbf, 0x8c, 0xbf, 0x8c, 0xbf, 0x8c, 0xbf, 0x8c, 0xbf, 0x8c, 0xbf, 0x8c,
    0xbf, 0x8c, 0xbf, 0x8c, 0xbf, 0x8c, 0xbf, 0x8c, 0xbf, 0x8c, 0xbf, 0x8c, 0xbf, 0x8c, 0xbf, 0x8c,
    0xbf, 0x8c, 0xbf, 0x8c, 0xbf, 0x8c, 0xbf, 0x8c, 0xbf, 0x8c, 0xbf, 0x8c, 0xbf, 0x8c, 0xbf, 0x8c,
    0xbf, 0x8c, 0xbf, 0x8c, 0xbf, 0x8c, 0xbf, 0x8c, 0xbf, 0x8c, 0xbf, 0x8c, 0xbf, 0x8c, 0xbf, 0x8c,
    0xbf, 0x8c, 0xbf, 0x8c, 0xbf, 0x8c, 0xbf, 0x8c, 0x9f, 0x8c, 0x9f, 0x8c, 0x9f, 0x94, 0x9f, 0x94,
    0x9f, 0x94, 0x9f, 0x94, 0x9f, 0x94, 0x9f, 0x94, 0x9f, 0x94, 0x9f, 0x94, 0x9f, 0x94, 0x9f, 0x94,
    0x9f, 0x94, 0x9f, 0x94, 0x9f, 0x94, 0x9f, 0x94, 0x9f, 0x94, 0x9f, 0x94, 0x9f, 0x94, 0x9f, 0x94,
    0x9f, 0x94, 0x9f, 0x94, 0x9f, 0x94, 0x9f, 0x94, 0x9f, 0x94, 0x9f, 0x94, 0x9f, 0x94, 0x9f, 0x94,
    0x9f, 0x94, 0x9f, 0x94, 0x9f, 0x94, 0x9f, 0x94, 0x7e, 0x94, 0x7e, 0x94, 0x5d, 0x8c, 0x7d, 0x8c,
    0x7d, 0x94, 0x7d, 0x94, 0x5d, 0x8c, 0x5d, 0x8c, 0x7e, 0x94, 0x5e, 0x94, 0xdf, 0x9c, 0x50, 0x42,
    0x83, 0x00, 0xc6, 0x10, 0xc5, 0x08, 0xc5, 0x08, 0xa5, 0x08, 0xa5, 0x08, 0xa5, 0x08, 0xa5, 0x08,
    0xa5, 0x08, 0xa5, 0x08, 0xc5, 0x08, 0xc5, 0x08, 0xc5, 0x08, 0xc5, 0x10, 0xa5, 0x08, 0x49, 0x19,
    0xde, 0x7c, 0xff, 0x7c, 0xde, 0x7c, 0xde, 0x74, 0xbd, 0x7c, 0xdd, 0x7c, 0xdd, 0x7c, 0xbd, 0x7c,
    0xbd, 0x7c, 0xde, 0x7c, 0xdf, 0x7c, 0xff, 0x7c, 0xff, 0x7c, 0xff, 0x7c, 0xff, 0x7c, 0xff, 0x7c,
    0xff, 0x7c, 0xff, 0x7c, 0xff, 0x7c, 0xff, 0x7c, 0xff, 0x7c, 0xff, 0x7c, 0xff, 0x7c, 0xff, 0x7c,
    0xff, 0x7c, 0xff, 0x7c, 0xff, 0x7c, 0xff, 0x7c, 0xff, 0x84, 0xff, 0x84, 0xff, 0x84, 0xff, 0x84,
    0xff, 0x84, 0xff, 0x84, 0xff, 0x84, 0xdf, 0x84, 0xdf, 0x84, 0xdf, 0x84, 0xdf, 0x84, 0xdf, 0x84,
    0xdf, 0x84, 0xdf, 0x84, 0xdf, 0x84, 0xdf, 0x84, 0xdf, 0x84, 0xdf, 0x84, 0xdf, 0x84, 0xdf, 0x84,
    0xdf, 0x84, 0xdf, 0x84, 0xdf, 0x84, 0xdf, 0x84, 0xdf, 0x84, 0xdf, 0x84, 0xdf, 0x84, 0xdf, 0x84,
    0xdf, 0x84, 0xdf, 0x84, 0xdf, 0x84, 0xdf, 0x84, 0xdf, 0x84, 0xdf, 0x84, 0xdf, 0x84, 0xdf, 0x84,
    0xdf, 0x84, 0xdf, 0x84, 0xdf, 0x84, 0xdf, 0x84, 0xdf, 0x84, 0xdf, 0x84, 0xdf, 0x84, 0xdf, 0x84,
    0xdf, 0x84, 0xdf, 0x84, 0xdf, 0x84, 0xdf, 0x84, 0xdf, 0x84, 0xdf, 0x84, 0xdf, 0x84, 0xdf, 0x84,
    0xdf, 0x84, 0xdf, 0x84, 0xdf, 0x84, 0xdf, 0x8c, 0xdf, 0x8c, 0xdf, 0x8c, 0xdf, 0x8c, 0xdf, 0x8c,
    0xdf, 0x8c, 0xdf, 0x8c, 0xdf, 0x8c, 0xdf, 0x8c, 0xbf, 0x8c, 0xbf, 0x8c, 0xbf, 0x8c, 0xbf, 0x8c,
    0xbf, 0x8c, 0xbf, 0x8c, 0xbf, 0x8c, 0xbf, 0x8c, 0xbf, 0x8c, 0xbf, 0x8c, 0xbf, 0x8c, 0xbf, 0x8c,
    0xbf, 0x8c, 0xbf, 0x8c, 0xbf, 0x8c, 0xbf, 0x8c, 0xbf, 0x8c, 0xbf, 0x8c, 0xbf, 0x8c, 0xbf, 0x8c,
    0xbf, 0x8c, 0xbf, 0x8c, 0xbf, 0x8c, 0xbf, 0x8c, 0xbf, 0x8c, 0xbf, 0x8c, 0xbf, 0x8c, 0xbf, 0x8c,
    0xbf, 0x8c, 0xbf, 0x8c, 0xbf, 0x8c, 0xbf, 0x8c, 0xbf, 0x8c, 0xbf, 0x8c, 0xbf, 0x8c, 0xbf, 0x8c,
    0xbf, 0x8c, 0xbf, 0x8c, 0xbf, 0x8c, 0xbf, 0x8c, 0xbf, 0x8c, 0xbf, 0x8c, 0xbf, 0x8c, 0xbf, 0x8c,
    0xbf, 0x8c, 0xbf, 0x8c, 0xbf, 0x8c, 0x9f, 0x8c, 0x9f, 0x8c, 0x9f, 0x94, 0x9f, 0x94, 0x9f, 0x94,
    0x9f, 0x94, 0x9f, 0x94, 0x9f, 0x94, 0x9f, 0x94, 0x9f, 0x94, 0x9f, 0x94, 0x9f, 0x94, 0x9f, 0x94,
    0x9f, 0x94, 0x9f, 0x94, 0x9f, 0x94, 0x9f, 0x94, 0x9f, 0x94, 0x9f, 0x94, 0x9f, 0x94, 0x9f, 0x94,
    0x9f, 0x94, 0x9f, 0x94, 0x9f, 0x94, 0x9f, 0x94, 0x9f, 0x94, 0x9f, 0x94, 0x9f, 0x94, 0x9f, 0x94,
    0x9f, 0x94, 0x9f, 0x94, 0x9f, 0x94, 0x9f, 0x94, 0x9f, 0x94, 0x7e, 0x94, 0x7e, 0x94, 0x5d, 0x8c,
    0x5d, 0x8c, 0x7d, 0x94, 0x7d, 0x94, 0x5d, 0x8c, 0x5e, 0x8c, 0x5e, 0x94, 0x7e, 0x94, 0x7e, 0x94,
    0x49, 0x21, 0xa5, 0x08, 0xc5, 0x10, 0xc5, 0x08, 0xc5, 0x08, 0xc5, 0x08, 0xa5, 0x08, 0xa5, 0x08,
    0xc5, 0x08, 0xc5, 0x08, 0xc5, 0x08, 0xc5, 0x10, 0xc5, 0x10, 0xc6, 0x10, 0xa4, 0x08, 0x97, 0x53,
    0x3f, 0x85, 0xde, 0x74, 0xde, 0x74, 0xbd, 0x74, 0xdd, 0x7c, 0xdd, 0x7c, 0xbd, 0x7c, 0xbd, 0x7c,
    0xde, 0x7c, 0xdf, 0x7c, 0xff, 0x7c, 0xff, 0x7c, 0xff, 0x7c, 0xff, 0x7c, 0xff, 0x7c, 0xff, 0x7c,
    0xff, 0x7c, 0xff, 0x7c, 0xff, 0x7c, 0xff, 0x7c, 0xff, 0x7c, 0xff, 0x7c, 0xff, 0x7c, 0xff, 0x7c,
    0xff, 0x7c, 0xff, 0x7c, 0xff, 0x7c, 0xff, 0x7c, 0xff, 0x7c, 0xff, 0x84, 0xff, 0x84, 0xff, 0x84,
    0xff, 0x84, 0xff, 0x84, 0xdf, 0x84, 0xdf, 0x84, 0xdf, 0x84, 0xdf, 0x84, 0xdf, 0x84, 0xdf, 0x84,
    0xdf, 0x84, 0xdf, 0x84, 0xdf, 0x84, 0xdf, 0x84, 0xdf, 0x84, 0xdf, 0x84, 0xdf, 0x84, 0xdf, 0x84,
    0xdf, 0x84, 0xdf, 0x84, 0xdf, 0x84, 0xdf, 0x84, 0xdf, 0x84, 0xdf, 0x84, 0xdf, 0x84, 0xdf, 0x84,
    0xdf, 0x84, 0xdf, 0x84, 0xdf, 0x84, 0xdf, 0x84, 0xdf, 0x84, 0xdf, 0x84, 0xdf, 0x84, 0xdf, 0x84,
    0xdf, 0x84, 0xdf, 0x84, 0xdf, 0x84, 0xdf, 0x84, 0xdf, 0x84, 0xdf, 0x84, 0xdf, 0x84, 0xdf, 0x84,
    0xdf, 0x84, 0xdf, 0x84, 0xdf, 0x84, 0xdf, 0x84, 0xdf, 0x84, 0xdf, 0x84, 0xdf, 0x84, 0xdf, 0x84,
    0xdf, 0x84, 0xdf, 0x84, 0xdf, 0x8c, 0xdf, 0x8c, 0xdf, 0x8c, 0xdf, 0x8c, 0xdf, 0x8c, 0xdf, 0x8c,
    0xdf, 0x8c, 0xdf, 0x8c, 0xdf, 0x8c, 0xbf, 0x8c, 0xbf, 0x8c, 0xbf, 0x8c, 0xbf, 0x8c, 0xbf, 0x8c,
    0xbf, 0x8c, 0xbf, 0x8c, 0xbf, 0x8c, 0xbf, 0x8c, 0xbf, 0x8c, 0xbf, 0x8c, 0xbf, 0x8c, 0xbf, 0x8c,
    0xbf, 0x8c, 0xbf, 0x8c, 0xbf, 0x8c, 0xbf, 0x8c, 0xbf, 0x8c, 0xbf, 0x8c, 0xbf, 0x8c, 0xbf, 0x8c,
    0xbf, 0x8c, 0xbf, 0x8c, 0xbf, 0x8c, 0xbf, 0x8c, 0xbf, 0x8c, 0xbf, 0x8c, 0xbf, 0x8c, 0xbf, 0x8c,
    0xbf, 0x8c, 0xbf, 0x8c, 0xbf, 0x8c, 0xbf, 0x8c, 0xbf, 0x8c, 0xbf, 0x8c, 0xbf, 0x8c, 0xbf, 0x8c,
    0xbf, 0x8c, 0xbf, 0x8c, 0xbf, 0x8c, 0xbf, 0x8c, 0xbf, 0x8c, 0xbf, 0x8c, 0xbf, 0x8c, 0xbf, 0x8c,
    0xbf, 0x8c, 0xbf, 0x8c, 0x9f, 0x8c, 0x9f, 0x8c, 0x9f, 0x94, 0x9f, 0x94, 0x9f, 0x94, 0x9f, 0x94,
    0x9f, 0x94, 0x9f, 0x94, 0x9f, 0x94, 0x9f, 0x94, 0x9f, 0x94, 0x9f, 0x94, 0x9f, 0x94, 0x9f, 0x94,
    0x9f, 0x94, 0x9f, 0x94, 0x9f, 0x94, 0x9f, 0x94, 0x9f, 0x94, 0x9f, 0x94, 0x9f, 0x94, 0x9f, 0x94,
    0x9f, 0x94, 0x9f, 0x94, 0x9f, 0x94, 0x9f, 0x94, 0x9f, 0x94, 0x9f, 0x94, 0x9f, 0x94, 0x9f, 0x94,
    0x9f, 0x94, 0x9f, 0x94, 0x9f, 0x94, 0x9f, 0x94, 0x9f, 0x94, 0x7f, 0x94, 0x7e, 0x94, 0x5e, 0x8c,
    0x5d, 0x8c, 0x5d, 0x94, 0x7d, 0x94, 0x5d, 0x94, 0x5d, 0x8c, 0x5e, 0x94, 0x5e, 0x94, 0xbf, 0x9c,
    0x57, 0x6b, 0xa4, 0x08, 0xc6, 0x10, 0xc5, 0x10, 0xc5, 0x10, 0xc5, 0x08, 0xc5, 0x08, 0xc5, 0x08,
    0xc5, 0x08, 0xc5, 0x10, 0xc5, 0x10, 0xc5, 0x10, 0xe6, 0x10, 0xa4, 0x08, 0xec, 0x29, 0x3f, 0x85,
    0xdf, 0x74, 0xde, 0x74, 0xbe, 0x74, 0xbd, 0x7c, 0xdd, 0x7c, 0xdd, 0x7c, 0xbd, 0x74, 0xbe, 0x74,
    0xdf, 0x7c, 0xff, 0x7c, 0xff, 0x7c, 0xff, 0x7c, 0xff, 0x7c, 0xff, 0x7c, 0xff, 0x7c, 0xff, 0x7c,
    0xff, 0x7c, 0xff, 0x7c, 0xff, 0x7c, 0xff, 0x7c, 0xff, 0x7c, 0xff, 0x7c, 0xff, 0x7c, 0xff, 0x7c,
    0xff, 0x7c, 0xff, 0x7c, 0xff, 0x7c, 0xff, 0x7c, 0xff, 0x7c, 0xff, 0x84, 0xff, 0x84, 0xff, 0x84,
    0xff, 0x84, 0xdf, 0x84, 0xdf, 0x84, 0xdf, 0x84, 0xdf, 0x84, 0xdf, 0x84, 0xdf, 0x84, 0xdf, 0x84,
    0xdf, 0x84, 0xdf, 0x84, 0xdf, 0x84, 0xdf, 0x84, 0xdf, 0x84, 0xdf, 0x84, 0xdf, 0x84, 0xdf, 0x84,
    0xdf, 0x84, 0xdf, 0x84, 0xdf, 0x84, 0xdf, 0x84, 0xdf, 0x84, 0xdf, 0x84, 0xdf, 0x84, 0xdf, 0x84,
    0xdf, 0x84, 0xdf, 0x84, 0xdf, 0x84, 0xdf, 0x84, 0xdf, 0x84, 0xdf, 0x84, 0xdf, 0x84, 0xdf, 0x84,
    0xdf, 0x84, 0xdf, 0x84, 0xdf, 0x84, 0xdf, 0x84, 0xdf, 0x84, 0xdf, 0x84, 0xdf, 0x84, 0xdf, 0x84,
    0xdf, 0x84, 0xdf, 0x84, 0xdf, 0x84, 0xdf, 0x84, 0xdf, 0x84, 0xdf, 0x84, 0xdf, 0x84, 0xdf, 0x84,
    0xdf, 0x84, 0xdf, 0x8c, 0xdf, 0x8c, 0xdf, 0x8c, 0xdf, 0x8c, 0xdf, 0x8c, 0xdf, 0x8c, 0xdf, 0x8c,
    0xdf, 0x8c, 0xdf, 0x8c, 0xbf, 0x8c, 0xbf, 0x8c, 0xbf, 0x8c, 0xbf, 0x8c, 0xbf, 0x8c, 0xbf, 0x8c,
    0xbf, 0x8c, 0xbf, 0x8c, 0xbf, 0x8c, 0xbf, 0x8c, 0xbf, 0x8c, 0xbf, 0x8c, 0xbf, 0x8c, 0xbf, 0x8c,
    0xbf, 0x8c, 0xbf, 0x8c, 0xbf, 0x8c, 0xbf, 0x8c, 0xbf, 0x8c, 0xbf, 0x8c, 0xbf, 0x8c, 0xbf, 0x8c,
    0xbf, 0x8c, 0xbf, 0x8c, 0xbf, 0x8c, 0xbf, 0x8c, 0xbf, 0x8c, 0xbf, 0x8c, 0xbf, 0x8c, 0xbf, 0x8c,
    0xbf, 0x8c, 0xbf, 0x8c, 0xbf, 0x8c, 0xbf, 0x8c, 0xbf, 0x8c, 0xbf, 0x8c, 0xbf, 0x8c, 0xbf, 0x8c,
    0xbf, 0x8c, 0xbf, 0x8c, 0xbf, 0x8c, 0xbf, 0x8c, 0xbf, 0x8c, 0xbf, 0x8c, 0xbf, 0x8c, 0xbf, 0x8c,
    0xbf, 0x8c, 0x9f, 0x8c, 0x9f, 0x8c, 0x9f, 0x94, 0x9f, 0x94, 0x9f, 0x94, 0x9f, 0x94, 0x9f, 0x94,
    0x9f, 0x94, 0x9f, 0x94, 0x9f, 0x94, 0x9f, 0x94, 0x9f, 0x94, 0x9f, 0x94, 0x9f, 0x94, 0x9f, 0x94,
    0x9f, 0x94, 0x9f, 0x94, 0x9f, 0x94, 0x9f, 0x94, 0x9f, 0x94, 0x9f, 0x94, 0x9f, 0x94, 0x9f, 0x94,
    0x9f, 0x94, 0x9f, 0x94, 0x9f, 0x94, 0x9f, 0x94, 0x9f, 0x94, 0x9f, 0x94, 0x9f, 0x94, 0x9f, 0x94,
    0x9f, 0x94, 0x9f, 0x94, 0x9f, 0x94, 0x9f, 0x94, 0x9f, 0x94, 0x9f, 0x94, 0x7f, 0x94, 0x7e, 0x94,
    0x5d, 0x8c, 0x5d, 0x8c, 0x5d, 0x94, 0x7d, 0x94, 0x5d, 0x8c, 0x5d, 0x8c, 0x7e, 0x94, 0x7e, 0x94,
    0xbf, 0x9c, 0xcc, 0x31, 0xa4, 0x08, 0xe6, 0x10, 0xc5, 0x10, 0xc5, 0x10, 0xc5, 0x10, 0xc5, 0x08,
    0xc5, 0x10, 0xc6, 0x10, 0xc6, 0x10, 0xc6, 0x10, 0xe6, 0x10, 0xc5, 0x08, 0xf9, 0x63, 0x1f, 0x7d,
    0xde, 0x74, 0xbe, 0x74, 0xbd, 0x7c, 0xbd, 0x7c, 0xbd, 0x7c, 0xbd, 0x7c, 0xbe, 0x74, 0xde, 0x7c,
    0xdf, 0x7c, 0xff, 0x7c, 0xff, 0x7c, 0xff, 0x7c, 0xff, 0x7c, 0xff, 0x7c, 0xff, 0x7c, 0xff, 0x7c,
    0xff, 0x7c, 0xff, 0x7c, 0xff, 0x7c, 0xff, 0x7c, 0xff, 0x7c, 0xff, 0x7c, 0xff, 0x7c, 0xff, 0x7c,
    0xff, 0x7c, 0xff, 0x7c, 0xff, 0x7c, 0xff, 0x7c, 0xff, 0x84, 0xff, 0x84, 0xff, 0x84, 0xff, 0x84,
    0xdf, 0x84, 0xdf, 0x84, 0xdf, 0x84, 0xdf, 0x84, 0xdf, 0x84, 0xdf, 0x84, 0xdf, 0x84, 0xdf, 0x84,
    0xdf, 0x84, 0xdf, 0x84, 0xdf, 0x84, 0xdf, 0x84, 0xdf, 0x84, 0xdf, 0x84, 0xdf, 0x84, 0xdf, 0x84,
    0xdf, 0x84, 0xdf, 0x84, 0xdf, 0x84, 0xdf, 0x84, 0xdf, 0x84, 0xdf, 0x84, 0xdf, 0x84, 0xdf, 0x84,
    0xdf, 0x84, 0xdf, 0x84, 0xdf, 0x84, 0xdf, 0x84, 0xdf, 0x84, 0xdf, 0x84, 0xdf, 0x84, 0xdf, 0x84,
    0xdf, 0x84, 0xdf, 0x84, 0xdf, 0x84, 0xdf, 0x84, 0xdf, 0x84, 0xdf, 0x84, 0xdf, 0x84, 0xdf, 0x84,
    0xdf, 0x84, 0xdf, 0x84, 0xdf, 0x84, 0xdf, 0x84, 0xdf, 0x84, 0xdf, 0x84, 0xdf, 0x84, 0xdf, 0x84,
    0xdf, 0x8c, 0xdf, 0x8c, 0xdf, 0x8c, 0xdf, 0x8c, 0xdf, 0x8c, 0xdf, 0x8c, 0xdf, 0x8c, 0xdf, 0x8c,
    0xdf, 0x8c, 0xbf, 0x8c, 0xbf, 0x8c, 0xbf, 0x8c, 0xbf, 0x8c, 0xbf, 0x8c, 0xbf, 0x8c, 0xbf, 0x8c,
    0xbf, 0x8c, 0xbf, 0x8c, 0xbf, 0x8c, 0xbf, 0x8c, 0xbf, 0x8c, 0xbf, 0x8c, 0xbf, 0x8c, 0xbf, 0x8c,
    0xbf, 0x8c, 0xbf, 0x8c, 0xbf, 0x8c, 0xbf, 0x8c, 0xbf, 0x8c, 0xbf, 0x8c, 0xbf, 0x8c, 0xbf, 0x8c,
    0xbf, 0x8c, 0xbf, 0x8c, 0xbf, 0x8c, 0xbf, 0x8c, 0xbf, 0x8c, 0xbf, 0x8c, 0xbf, 0x8c, 0xbf, 0x8c,
    0xbf, 0x8c, 0xbf, 0x8c, 0xbf, 0x8c, 0xbf, 0x8c, 0xbf, 0x8c, 0xbf, 0x8c, 0xbf, 0x8c, 0xbf, 0x8c,
    0xbf, 0x8c, 0xbf, 0x8c, 0xbf, 0x8c, 0xbf, 0x8c, 0xbf, 0x8c, 0xbf, 0x8c, 0xbf, 0x8c, 0xbf, 0x8c,
    0x9f, 0x8c, 0x9f, 0x8c, 0x9f, 0x94, 0x9f, 0x94, 0x9f, 0x94, 0x9f, 0x94, 0x9f, 0x94, 0x9f, 0x94,
    0x9f, 0x94, 0x9f, 0x94, 0x9f, 0x94, 0x9f, 0x94, 0x9f, 0x94, 0x9f, 0x94, 0x9f, 0x94, 0x9f, 0x94,
    0x9f, 0x94, 0x9f, 0x94, 0x9f, 0x94, 0x9f, 0x94, 0x9f, 0x94, 0x9f, 0x94, 0x9f, 0x94, 0x9f, 0x94,
    0x9f, 0x94, 0x9f, 0x94, 0x9f, 0x94, 0x9f, 0x94, 0x9f, 0x94, 0x9f, 0x94, 0x9f, 0x94, 0x9f, 0x94,
    0x9f, 0x94, 0x9f, 0x94, 0x9f, 0x94, 0x9f, 0x94, 0x9f, 0x94, 0x9f, 0x94, 0x7f, 0x94, 0x7f, 0x94,
    0x7e, 0x94, 0x5d, 0x8c, 0x5d, 0x8c, 0x7d, 0x94, 0x7d, 0x94, 0x5d, 0x8c, 0x5d, 0x94, 0x5e, 0x94,
    0x9f, 0x9c, 0x99, 0x73, 0xc5, 0x08, 0xe6, 0x10, 0xc6, 0x10, 0xc6, 0x10, 0xc6, 0x10, 0xc5, 0x10,
    0xc6, 0x10, 0xc6, 0x10, 0xe6, 0x10, 0xe6, 0x10, 0xa4, 0x08, 0x70, 0x3a, 0x3f, 0x85, 0xde, 0x74,
    0xde, 0x74, 0xbd, 0x74, 0xbd, 0x7c, 0xbd, 0x7c, 0xbd, 0x7c, 0xbd, 0x74, 0xbe, 0x7c, 0xdf, 0x7c,
    0xff, 0x7c, 0xff, 0x7c, 0xff, 0x7c, 0xff, 0x7c, 0xff, 0x7c, 0xff, 0x7c, 0xff, 0x7c, 0xff, 0x7c,
    0xff, 0x7c, 0xff, 0x7c, 0xff, 0x7c, 0xff, 0x7c, 0xff, 0x7c, 0xff, 0x7c, 0xff, 0x7c, 0xff, 0x7c,
    0xff, 0x7c, 0xff, 0x7c, 0xff, 0x7c, 0xff, 0x84, 0xff, 0x84, 0xff, 0x84, 0xff, 0x84, 0xdf, 0x84,
    0xdf, 0x84, 0xdf, 0x84, 0xdf, 0x84, 0xdf, 0x84, 0xdf, 0x84, 0xdf, 0x84, 0xdf, 0x84, 0xdf, 0x84,
    0xdf, 0x84, 0xdf, 0x84, 0xdf, 0x84, 0xdf, 0x84, 0xdf, 0x84, 0xdf, 0x84, 0xdf, 0x84, 0xdf, 0x84,
    0xdf, 0x84, 0xdf, 0x84, 0xdf, 0x84, 0xdf, 0x84, 0xdf, 0x84, 0xdf, 0x84, 0xdf, 0x84, 0xdf, 0x84,
    0xdf, 0x84, 0xdf, 0x84, 0xdf, 0x84, 0xdf, 0x84, 0xdf, 0x84, 0xdf, 0x84, 0xdf, 0x84, 0xdf, 0x84,
    0xdf, 0x84, 0xdf, 0x84, 0xdf, 0x84, 0xdf, 0x84, 0xdf, 0x84, 0xdf, 0x84, 0xdf, 0x84, 0xdf, 0x84,
    0xdf, 0x84, 0xdf, 0x84, 0xdf, 0x84, 0xdf, 0x84, 0xdf, 0x84, 0xdf, 0x84, 0xdf, 0x84, 0xdf, 0x8c,
    0xdf, 0x8c, 0xdf, 0x8c, 0xdf, 0x8c, 0xdf, 0x8c, 0xdf, 0x8c, 0xdf, 0x8c, 0xdf, 0x8c, 0xdf, 0x8c,
    0xbf, 0x8c, 0xbf, 0x8c, 0xbf, 0x8c, 0xbf, 0x8c, 0xbf, 0x8c, 0xbf, 0x8c, 0xbf, 0x8c, 0xbf, 0x8c,
    0xbf, 0x8c, 0xbf, 0x8c, 0xbf, 0x8c, 0xbf, 0x8c, 0xbf, 0x8c, 0xbf, 0x8c, 0xbf, 0x8c, 0xbf, 0x8c,
    0xbf, 0x8c, 0xbf, 0x8c, 0xbf, 0x8c, 0xbf, 0x8c, 0xbf, 0x8c, 0xbf, 0x8c, 0xbf, 0x8c, 0xbf, 0x8c,
    0xbf, 0x8c, 0xbf, 0x8c, 0xbf, 0x8c, 0xbf, 0x8c, 0xbf, 0x8c, 0xbf, 0x8c, 0xbf, 0x8c, 0xbf, 0x8c,
    0xbf, 0x8c, 0xbf, 0x8c, 0xbf, 0x8c, 0xbf, 0x8c, 0xbf, 0x8c, 0xbf, 0x8c, 0xbf, 0x8c, 0xbf, 0x8c,
    0xbf, 0x8c, 0xbf, 0x8c, 0xbf, 0x8c, 0xbf, 0x8c, 0xbf, 0x8c, 0xbf, 0x8c, 0xbf, 0x8c, 0x9f, 0x8c,
    0x9f, 0x8c, 0x9f, 0x94, 0x9f, 0x94, 0x9f, 0x94, 0x9f, 0x94, 0x9f, 0x94, 0x9f, 0x94, 0x9f, 0x94,
    0x9f, 0x94, 0x9f, 0x94, 0x9f, 0x94, 0x9f, 0x94, 0x9f, 0x94, 0x9f, 0x94, 0x9f, 0x94, 0x9f, 0x94,
    0x9f, 0x94, 0x9f, 0x94, 0x9f, 0x94, 0x9f, 0x94, 0x9f, 0x94, 0x9f, 0x94, 0x9f, 0x94, 0x9f, 0x94,
    0x9f, 0x94, 0x9f, 0x94, 0x9f, 0x94, 0x9f, 0x94, 0x9f, 0x94, 0x9f, 0x94, 0x9f, 0x94, 0x9f, 0x94,
    0x9f, 0x94, 0x9f, 0x94, 0x9f, 0x94, 0x9f, 0x94, 0x9f, 0x94, 0x7f, 0x94, 0x7f, 0x94, 0x7f, 0x94,
    0x7e, 0x94, 0x5e, 0x8c, 0x5d, 0x8c, 0x5d, 0x94, 0x7d, 0x94, 0x5d, 0x94, 0x5d, 0x8c, 0x5e, 0x94,
    0x5e, 0x94, 0xbf, 0x9c, 0x4f, 0x42, 0xa4, 0x08, 0xe6, 0x10, 0xe6, 0x10, 0xc6, 0x10, 0xc6, 0x10,
    0xe6, 0x10, 0xe6, 0x10, 0xe6, 0x10, 0xe6, 0x10, 0xe6, 0x10, 0x5b, 0x6c, 0x1f, 0x7d, 0xde, 0x74,
    0xbe, 0x74, 0xbd, 0x7c, 0xbd, 0x7c, 0xbd, 0x7c, 0xbd, 0x7c, 0xbe, 0x7c, 0xdf, 0x7c, 0xdf, 0x7c,
    0xff, 0x7c, 0xff, 0x7c, 0xff, 0x7c, 0xff, 0x7c, 0xff, 0x7c, 0xff, 0x7c, 0xff, 0x7c, 0xff, 0x7c,
    0xff, 0x7c, 0xff, 0x7c, 0xff, 0x7c, 0xff, 0x7c, 0xff, 0x7c, 0xff, 0x7c, 0xff, 0x7c, 0xff, 0x7c,
    0xff, 0x7c, 0xff, 0x7c, 0xff, 0x84, 0xff, 0x84, 0xff, 0x84, 0xff, 0x84, 0xdf, 0x84, 0xdf, 0x84,
    0xdf, 0x84, 0xdf, 0x84, 0xdf, 0x84, 0xdf, 0x84, 0xdf, 0x84, 0xdf, 0x84, 0xdf, 0x84, 0xdf, 0x84,
    0xdf, 0x84, 0xdf, 0x84, 0xdf, 0x84, 0xdf, 0x84, 0xdf, 0x84, 0xdf, 0x84, 0xdf, 0x84, 0xdf, 0x84,
    0xdf, 0x84, 0xdf, 0x84, 0xdf, 0x84, 0xdf, 0x84, 0xdf, 0x84, 0xdf, 0x84, 0xdf, 0x84, 0xdf, 0x84,
    0xdf, 0x84, 0xdf, 0x84, 0xdf, 0x84, 0xdf, 0x84, 0xdf, 0x84, 0xdf, 0x84, 0xdf, 0x84, 0xdf, 0x84,
    0xdf, 0x84, 0xdf, 0x84, 0xdf, 0x84, 0xdf, 0x84, 0xdf, 0x84, 0xdf, 0x84, 0xdf, 0x84, 0xdf, 0x84,
    0xdf, 0x84, 0xdf, 0x84, 0xdf, 0x84, 0xdf, 0x84, 0xdf, 0x84, 0xdf, 0x84, 0xdf, 0x8c, 0xdf, 0x8c,
    0xdf, 0x8c, 0xdf, 0x8c, 0xdf, 0x8c, 0xdf, 0x8c, 0xdf, 0x8c, 0xdf, 0x8c, 0xdf, 0x8c, 0xbf, 0x8c,
    0xbf, 0x8c, 0xbf, 0x8c, 0xbf, 0x8c, 0xbf, 0x8c, 0xbf, 0x8c, 0xbf, 0x8c, 0xbf, 0x8c, 0xbf, 0x8c,
    0xbf, 0x8c, 0xbf, 0x8c, 0xbf, 0x8c, 0xbf, 0x8c, 0xbf, 0x8c, 0xbf, 0x8c, 0xbf, 0x8c, 0xbf, 0x8c,
    0xbf, 0x8c, 0xbf, 0x8c, 0xbf, 0x8c, 0xbf, 0x8c, 0xbf, 0x8c, 0xbf, 0x8c, 0xbf, 0x8c, 0xbf, 0x8c,
    0xbf, 0x8c, 0xbf, 0x8c, 0xbf, 0x8c, 0xbf, 0x8c, 0xbf, 0x8c, 0xbf, 0x8c, 0xbf, 0x8c, 0xbf, 0x8c,
    0xbf, 0x8c, 0xbf, 0x8c, 0xbf, 0x8c, 0xbf, 0x8c, 0xbf, 0x8c, 0xbf, 0x8c, 0xbf, 0x8c, 0xbf, 0x8c,
    0xbf, 0x8c, 0xbf, 0x8c, 0xbf, 0x8c, 0xbf, 0x8c, 0xbf, 0x8c, 0xbf, 0x8c, 0x9f, 0x8c, 0x9f, 0x8c,
    0x9f, 0x94, 0x9f, 0x94, 0x9f, 0x94, 0x9f, 0x94, 0x9f, 0x94, 0x9f, 0x94, 0x9f, 0x94, 0x9f, 0x94,
    0x9f, 0x94, 0x9f, 0x94, 0x9f, 0x94, 0x9f, 0x94, 0x9f, 0x94, 0x9f, 0x94, 0x9f, 0x94, 0x9f, 0x94,
    0x9f, 0x94, 0x9f, 0x94, 0x9f, 0x94, 0x9f, 0x94, 0x9f, 0x94, 0x9f, 0x94, 0x9f, 0x94, 0x9f, 0x94,
    0x9f, 0x94, 0x9f, 0x94, 0x9f, 0x94, 0x9f, 0x94, 0x9f, 0x94, 0x9f, 0x94, 0x9f, 0x94, 0x9f, 0x94,
    0x9f, 0x94, 0x9f, 0x94, 0x9f, 0x94, 0x9f, 0x94, 0x7f, 0x94, 0x7f, 0x94, 0x7f, 0x94, 0x7f, 0x94,
    0x7f, 0x94, 0x7e, 0x94, 0x5d, 0x8c, 0x5d, 0x8c, 0x7d, 0x94, 0x5d, 0x94, 0x5d, 0x8c, 0x5d, 0x8c,
    0x5e, 0x94, 0x9f, 0x9c, 0xfb, 0x7b, 0xe6, 0x10, 0xe6, 0x10, 0xe6, 0x10, 0xe6, 0x10, 0xe6, 0x10,
    0xe6, 0x10, 0xe6, 0x10, 0xe7, 0x10, 0xa5, 0x08, 0xed, 0x29, 0x1f, 0x7d, 0xde, 0x74, 0xde, 0x74,
    0xbd, 0x74, 0xbd, 0x7c, 0xbd, 0x7c, 0xbd, 0x7c, 0xbe, 0x7c, 0xde, 0x7c, 0xdf, 0x7c, 0xff, 0x7c,
    0xff, 0x7c, 0xff, 0x7c, 0xff, 0x7c, 0xff, 0x7c, 0xff, 0x7c, 0xff, 0x7c, 0xff, 0x7c, 0xff, 0x7c,
    0xff, 0x7c, 0xff, 0x7c, 0xff, 0x7c, 0xdf, 0x7c, 0xff, 0x7c, 0xff, 0x7c, 0xff, 0x7c, 0xff, 0x7c,
    0xff, 0x7c, 0xff, 0x84, 0xff, 0x84, 0xff, 0x84, 0xff, 0x84, 0xdf, 0x84, 0xdf, 0x84, 0xdf, 0x84,
    0xdf, 0x84, 0xdf, 0x84, 0xdf, 0x84, 0xdf, 0x84, 0xdf, 0x84, 0xdf, 0x84, 0xdf, 0x84, 0xdf, 0x84,
    0xdf, 0x84, 0xdf, 0x84, 0xdf, 0x84, 0xdf, 0x84, 0xdf, 0x84, 0xdf, 0x84, 0xdf, 0x84, 0xdf, 0x84,
    0xdf, 0x84, 0xdf, 0x84, 0xdf, 0x84, 0xdf, 0x84, 0xdf, 0x84, 0xdf, 0x84, 0xdf, 0x84, 0xdf, 0x84,
    0xdf, 0x84, 0xdf, 0x84, 0xdf, 0x84, 0xdf, 0x84, 0xdf, 0x84, 0xdf, 0x84, 0xdf, 0x84, 0xdf, 0x84,
    0xdf, 0x84, 0xdf, 0x84, 0xdf, 0x84, 0xdf, 0x84, 0xdf, 0x84, 0xdf, 0x84, 0xdf, 0x84, 0xdf, 0x84,
    0xdf, 0x84, 0xdf, 0x84, 0xdf, 0x84, 0xdf, 0x84, 0xdf, 0x84, 0xdf, 0x8c, 0xdf, 0x8c, 0xdf, 0x8c,
    0xdf, 0x8c, 0xdf, 0x8c, 0xdf, 0x8c, 0xdf, 0x8c, 0xdf, 0x8c, 0xdf, 0x8c, 0xbf, 0x8c, 0xbf, 0x8c,
    0xbf, 0x8c, 0xbf, 0x8c, 0xbf, 0x8c, 0xbf, 0x8c, 0xbf, 0x8c, 0xbf, 0x8c, 0xbf, 0x8c, 0xbf, 0x8c,
    0xbf, 0x8c, 0xbf, 0x8c, 0xbf, 0x8c, 0xbf, 0x8c, 0xbf, 0x8c, 0xbf, 0x8c, 0xbf, 0x8c, 0xbf, 0x8c,
    0xbf, 0x8c, 0xbf, 0x8c, 0xbf, 0x8c, 0xbf, 0x8c, 0xbf, 0x8c, 0xbf, 0x8c, 0xbf, 0x8c, 0xbf, 0x8c,
    0xbf, 0x8c, 0xbf, 0x8c, 0xbf, 0x8c, 0xbf, 0x8c, 0xbf, 0x8c, 0xbf, 0x8c, 0xbf, 0x8c, 0xbf, 0x8c,
    0xbf, 0x8c, 0xbf, 0x8c, 0xbf, 0x8c, 0xbf, 0x8c, 0xbf, 0x8c, 0xbf, 0x8c, 0xbf, 0x8c, 0xbf, 0x8c,
    0xbf, 0x8c, 0xbf, 0x8c, 0xbf, 0x8c, 0xbf, 0x8c, 0xbf, 0x8c, 0x9f, 0x8c, 0x9f, 0x8c, 0x9f, 0x94,
    0x9f, 0x94, 0x9f, 0x94, 0x9f, 0x94, 0x9f, 0x94, 0x9f, 0x94, 0x9f, 0x94, 0x9f, 0x94, 0x9f, 0x94,
    0x9f, 0x94, 0x9f, 0x94, 0x9f, 0x94, 0x9f, 0x94, 0x9f, 0x94, 0x9f, 0x94, 0x9f, 0x94, 0x9f, 0x94,
    0x9f, 0x94, 0x9f, 0x94, 0x9f, 0x94, 0x9f, 0x94, 0x9f, 0x94, 0x9f, 0x94, 0x9f, 0x94, 0x9f, 0x94,
    0x9f, 0x94, 0x9f, 0x94, 0x9f, 0x94, 0x9f, 0x94, 0x9f, 0x94, 0x9f, 0x94, 0x9f, 0x94, 0x9f, 0x94,
    0x9f, 0x94, 0x9f, 0x94, 0x9f, 0x94, 0x7f, 0x94, 0x7f, 0x94, 0x7f, 0x94, 0x7f, 0x94, 0x7f, 0x94,
    0x7f, 0x94, 0x7e, 0x94, 0x5e, 0x94, 0x5d, 0x8c, 0x5d, 0x94, 0x5d, 0x94, 0x5d, 0x94, 0x5d, 0x8c,
    0x5e, 0x94, 0x5e, 0x94, 0x9f, 0x9c, 0xed, 0x31, 0xc5, 0x08, 0xe7, 0x10, 0xe6, 0x10, 0xe6, 0x10,
    0xe6, 0x10, 0xe7, 0x10, 0x07, 0x11, 0xc6, 0x08, 0xd9, 0x63, 0x1f, 0x7d, 0xbe, 0x74, 0xbe, 0x74,
    0xbd, 0x7c, 0xbd, 0x7c, 0xbd, 0x7c, 0xbd, 0x7c, 0xbe, 0x7c, 0xdf, 0x7c, 0xdf, 0x7c, 0xff, 0x7c,
    0xff, 0x7c, 0xdf, 0x7c, 0xdf, 0x7c, 0xdf, 0x7c, 0xff, 0x7c, 0xff, 0x7c, 0xff, 0x7c, 0xff, 0x7c,
    0xff, 0x7c, 0xff, 0x7c, 0xdf, 0x7c, 0xdf, 0x7c, 0xdf, 0x7c, 0xdf, 0x7c, 0xff, 0x7c, 0xff, 0x7c,
    0xff, 0x84, 0xff, 0x84, 0xff, 0x84, 0xdf, 0x84, 0xdf, 0x84, 0xdf, 0x84, 0xdf, 0x84, 0xdf, 0x84,
    0xdf, 0x84, 0xdf, 0x84, 0xdf, 0x84, 0xdf, 0x84, 0xdf, 0x84, 0xdf, 0x84, 0xdf, 0x84, 0xdf, 0x84,
    0xdf, 0x84, 0xdf, 0x84, 0xdf, 0x84, 0xdf, 0x84, 0xdf, 0x84, 0xdf, 0x84, 0xdf, 0x84, 0xdf, 0x84,
    0xdf, 0x84, 0xdf, 0x84, 0xdf, 0x84, 0xdf, 0x84, 0xdf, 0x84, 0xdf, 0x84, 0xdf, 0x84, 0xdf, 0x84,
    0xdf, 0x84, 0xdf, 0x84, 0xdf, 0x84, 0xdf, 0x84, 0xdf, 0x84, 0xdf, 0x84, 0xdf, 0x84, 0xdf, 0x84,
    0xdf, 0x84, 0xdf, 0x84, 0xdf, 0x84, 0xdf, 0x84, 0xdf, 0x84, 0xdf, 0x84, 0xdf, 0x84, 0xdf, 0x84,
    0xdf, 0x84, 0xdf, 0x84, 0xdf, 0x84, 0xdf, 0x84, 0xdf, 0x8c, 0xdf, 0x8c, 0xdf, 0x8c, 0xdf, 0x8c,
    0xdf, 0x8c, 0xdf, 0x8c, 0xdf, 0x8c, 0xdf, 0x8c, 0xdf, 0x8c, 0xbf, 0x8c, 0xbf, 0x8c, 0xbf, 0x8c,
    0xbf, 0x8c, 0xbf, 0x8c, 0xbf, 0x8c, 0xbf, 0x8c, 0xbf, 0x8c, 0xbf, 0x8c, 0xbf, 0x8c, 0xbf, 0x8c,
    0xbf, 0x8c, 0xbf, 0x8c, 0xbf, 0x8c, 0xbf, 0x8c, 0xbf, 0x8c, 0xbf, 0x8c, 0xbf, 0x8c, 0xbf, 0x8c,
    0xbf, 0x8c, 0xbf, 0x8c, 0xbf, 0x8c, 0xbf, 0x8c, 0xbf, 0x8c, 0xbf, 0x8c, 0xbf, 0x8c, 0xbf, 0x8c,
    0xbf, 0x8c, 0xbf, 0x8c, 0xbf, 0x8c, 0xbf, 0x8c, 0xbf, 0x8c, 0xbf, 0x8c, 0xbf, 0x8c, 0xbf, 0x8c,
    0xbf, 0x8c, 0xbf, 0x8c, 0xbf, 0x8c, 0xbf, 0x8c, 0xbf, 0x8c, 0xbf, 0x8c, 0xbf, 0x8c, 0xbf, 0x8c,
    0xbf, 0x8c, 0xbf, 0x8c, 0xbf, 0x8c, 0xbf, 0x8c, 0x9f, 0x8c, 0x9f, 0x8c, 0x9f, 0x94, 0x9f, 0x94,
    0x9f, 0x94, 0x9f, 0x94, 0x9f, 0x94, 0x9f, 0x94, 0x9f, 0x94, 0x9f, 0x94, 0x9f, 0x94, 0x9f, 0x94,
    0x9f, 0x94, 0x9f, 0x94, 0x9f, 0x94, 0x9f, 0x94, 0x9f, 0x94, 0x9f, 0x94, 0x9f, 0x94, 0x9f, 0x94,
    0x9f, 0x94, 0x9f, 0x94, 0x9f, 0x94, 0x9f, 0x94, 0x9f, 0x94, 0x9f, 0x94, 0x9f, 0x94, 0x9f, 0x94,
    0x9f, 0x94, 0x9f, 0x94, 0x9f, 0x94, 0x9f, 0x94, 0x9f, 0x94, 0x9f, 0x94, 0x9f, 0x94, 0x9f, 0x94,
    0x9f, 0x94, 0x9f, 0x94, 0x7f, 0x94, 0x7f, 0x94, 0x7f, 0x94, 0x7f, 0x94, 0x7f, 0x94, 0x7f, 0x94,
    0x7f, 0x94, 0x7f, 0x94, 0x7e, 0x94, 0x5d, 0x8c, 0x5d, 0x8c, 0x5d, 0x94, 0x5d, 0x94, 0x5d, 0x8c,
    0x5d, 0x8c, 0x5e, 0x94, 0x9f, 0x9c, 0x99, 0x73, 0xc6, 0x08, 0x07, 0x11, 0xe7, 0x10, 0xe6, 0x10,
    0xe7, 0x10, 0x07, 0x11, 0xc6, 0x10, 0xab, 0x21, 0xff, 0x7c, 0xdf, 0x7c, 0xbe, 0x74, 0xbd, 0x74,
    0xbd, 0x7c, 0xbd, 0x7c, 0xbd, 0x7c, 0xbd, 0x74, 0xde, 0x7c, 0xdf, 0x7c, 0xff, 0x7c, 0xdf, 0x7c,
    0xdf, 0x7c, 0xdf, 0x7c, 0xdf, 0x7c, 0xdf, 0x7c, 0xdf, 0x7c, 0xdf, 0x7c, 0xdf, 0x7c, 0xdf, 0x7c,
    0xff, 0x7c, 0xdf, 0x7c, 0xdf, 0x7c, 0xdf, 0x7c, 0xdf, 0x7c, 0xdf, 0x7c, 0xdf, 0x7c, 0xdf, 0x7c,
    0xdf, 0x7c, 0xff, 0x84, 0xdf, 0x84, 0xdf, 0x84, 0xdf, 0x84, 0xdf, 0x84, 0xdf, 0x84, 0xdf, 0x84,
    0xdf, 0x84, 0xdf, 0x84, 0xdf, 0x84, 0xdf, 0x84, 0xdf, 0x84, 0xdf, 0x84, 0xdf, 0x84, 0xdf, 0x84,
    0xdf, 0x84, 0xdf, 0x84, 0xdf, 0x84, 0xdf, 0x84, 0xdf, 0x84, 0xdf, 0x84, 0xdf, 0x84, 0xdf, 0x84,
    0xdf, 0x84, 0xdf, 0x84, 0xdf, 0x84, 0xdf, 0x84, 0xdf, 0x84, 0xdf, 0x84, 0xdf, 0x84, 0xdf, 0x84,
    0xdf, 0x84, 0xdf, 0x84, 0xdf, 0x84, 0xdf, 0x84, 0xdf, 0x84, 0xdf, 0x84, 0xdf, 0x84, 0xdf, 0x84,
    0xdf, 0x84, 0xdf, 0x84, 0xdf, 0x84, 0xdf, 0x84, 0xdf, 0x84, 0xdf, 0x84, 0xdf, 0x84, 0xdf, 0x84,
    0xdf, 0x84, 0xdf, 0x84, 0xdf, 0x84, 0xdf, 0x8c, 0xdf, 0x8c, 0xdf, 0x8c, 0xdf, 0x8c, 0xdf, 0x8c,
    0xdf, 0x8c, 0xdf, 0x8c, 0xdf, 0x8c, 0xdf, 0x8c, 0xbf, 0x8c, 0xbf, 0x8c, 0xbf, 0x8c, 0xbf, 0x8c,
    0xbf, 0x8c, 0xbf, 0x8c, 0xbf, 0x8c, 0xbf, 0x8c, 0xbf, 0x8c, 0xbf, 0x8c, 0xbf, 0x8c, 0xbf, 0x8c,
    0xbf, 0x8c, 0xbf, 0x8c, 0xbf, 0x8c, 0xbf, 0x8c, 0xbf, 0x8c, 0xbf, 0x8c, 0xbf, 0x8c, 0xbf, 0x8c,
    0xbf, 0x8c, 0xbf, 0x8c, 0xbf, 0x8c, 0xbf, 0x8c, 0xbf, 0x8c, 0xbf, 0x8c, 0xbf, 0x8c, 0xbf, 0x8c,
    0xbf, 0x8c, 0xbf, 0x8c, 0xbf, 0x8c, 0xbf, 0x8c, 0xbf, 0x8c, 0xbf, 0x8c, 0xbf, 0x8c, 0xbf, 0x8c,
    0xbf, 0x8c, 0xbf, 0x8c, 0xbf, 0x8c, 0xbf, 0x8c, 0xbf, 0x8c, 0xbf, 0x8c, 0xbf, 0x8c, 0xbf, 0x8c,
    0xbf, 0x8c, 0xbf, 0x8c, 0xbf, 0x8c, 0x9f, 0x8c, 0x9f, 0x8c, 0x9f, 0x94, 0x9f, 0x94, 0x9f, 0x94,
    0x9f, 0x94, 0x9f, 0x94, 0x9f, 0x94, 0x9f, 0x94, 0x9f, 0x94, 0x9f, 0x94, 0x9f, 0x94, 0x9f, 0x94,
    0x9f, 0x94, 0x9f, 0x94, 0x9f, 0x94, 0x9f, 0x94, 0x9f, 0x94, 0x9f, 0x94, 0x9f, 0x94, 0x9f, 0x94,
    0x9f, 0x94, 0x9f, 0x94, 0x9f, 0x94, 0x9f, 0x94, 0x9f, 0x94, 0x9f, 0x94, 0x9f, 0x94, 0x9f, 0x94,
    0x9f, 0x94, 0x9f, 0x94, 0x9f, 0x94, 0x9f, 0x94, 0x9f, 0x94, 0x9f, 0x94, 0x9f, 0x94, 0x9f, 0x94,
    0x7f, 0x94, 0x7f, 0x94, 0x7f, 0x94, 0x7f, 0x94, 0x7f, 0x94, 0x7f, 0x94, 0x7f, 0x94, 0x7f, 0x94,
    0x7f, 0x94, 0x7f, 0x94, 0x7e, 0x94, 0x5e, 0x94, 0x5d, 0x8c, 0x5d, 0x94, 0x5d, 0x94, 0x5d, 0x94,
    0x5d, 0x8c, 0x5e, 0x94, 0x5e, 0x94, 0x7f, 0x94, 0x8b, 0x29, 0xe6, 0x08, 0x07, 0x11, 0xe7, 0x10,
    0x07, 0x11, 0x07, 0x11, 0xc5, 0x08, 0x34, 0x4b, 0x3f, 0x85, 0xbe, 0x74, 0xbe, 0x74, 0xbd, 0x74,
    0xbd, 0x7c, 0xbd, 0x7c, 0xbd, 0x74, 0xbe, 0x74, 0xdf, 0x7c, 0xdf, 0x7c, 0xff, 0x7c, 0xdf, 0x7c,
    0xdf, 0x7c, 0xdf, 0x7c, 0xdf, 0x7c, 0xdf, 0x7c, 0xdf, 0x7c, 0xdf, 0x7c, 0xdf, 0x7c, 0xdf, 0x7c,
    0xdf, 0x7c, 0xdf, 0x7c, 0xdf, 0x7c, 0xdf, 0x7c, 0xdf, 0x7c, 0xdf, 0x7c, 0xdf, 0x7c, 0xdf, 0x7c,
    0xdf, 0x7c, 0xdf, 0x7c, 0xdf, 0x7c, 0xdf, 0x84, 0xdf, 0x84, 0xdf, 0x84, 0xdf, 0x84, 0xdf, 0x84,
    0xdf, 0x84, 0xdf, 0x84, 0xdf, 0x84, 0xdf, 0x84, 0xdf, 0x84, 0xdf, 0x84, 0xdf, 0x84, 0xdf, 0x84,
    0xdf, 0x84, 0xdf, 0x84, 0xdf, 0x84, 0xdf, 0x84, 0xdf, 0x84, 0xdf, 0x84, 0xdf, 0x84, 0xdf, 0x84,
    0xdf, 0x84, 0xdf, 0x84, 0xdf, 0x84, 0xdf, 0x84, 0xdf, 0x84, 0xdf, 0x84, 0xdf, 0x84, 0xdf, 0x84,
    0xdf, 0x84, 0xdf, 0x84, 0xdf, 0x84, 0xdf, 0x84, 0xdf, 0x84, 0xdf, 0x84, 0xdf, 0x84, 0xdf, 0x84,
    0xdf, 0x84, 0xdf, 0x84, 0xdf, 0x84, 0xdf, 0x84, 0xdf, 0x84, 0xdf, 0x84, 0xdf, 0x84, 0xdf, 0x84,
    0xdf, 0x84, 0xdf, 0x84, 0xdf, 0x8c, 0xdf, 0x8c, 0xdf, 0x8c, 0xdf, 0x8c, 0xdf, 0x8c, 0xdf, 0x8c,
    0xdf, 0x8c, 0xdf, 0x8c, 0xdf, 0x8c, 0xbf, 0x8c, 0xbf, 0x8c, 0xbf, 0x8c, 0xbf, 0x8c, 0xbf, 0x8c,
    0xbf, 0x8c, 0xbf, 0x8c, 0xbf, 0x8c, 0xbf, 0x8c, 0xbf, 0x8c, 0xbf, 0x8c, 0xbf, 0x8c, 0xbf, 0x8c,
    0xbf, 0x8c, 0xbf, 0x8c, 0xbf, 0x8c, 0xbf, 0x8c, 0xbf, 0x8c, 0xbf, 0x8c, 0xbf, 0x8c, 0xbf, 0x8c,
    0xbf, 0x8c, 0xbf, 0x8c, 0xbf, 0x8c, 0xbf, 0x8c, 0xbf, 0x8c, 0xbf, 0x8c, 0xbf, 0x8c, 0xbf, 0x8c,
    0xbf, 0x8c, 0xbf, 0x8c, 0xbf, 0x8c, 0xbf, 0x8c, 0xbf, 0x8c, 0xbf, 0x8c, 0xbf, 0x8c, 0xbf, 0x8c,
    0xbf, 0x8c, 0xbf, 0x8c, 0xbf, 0x8c, 0xbf, 0x8c, 0xbf, 0x8c, 0xbf, 0x8c, 0xbf, 0x8c, 0xbf, 0x8c,
    0xbf, 0x8c, 0xbf, 0x8c, 0x9f, 0x8c, 0x9f, 0x8c, 0x9f, 0x94, 0x9f, 0x94, 0x9f, 0x94, 0x9f, 0x94,
    0x9f, 0x94, 0x9f, 0x94, 0x9f, 0x94, 0x9f, 0x94, 0x9f, 0x94, 0x9f, 0x94, 0x9f, 0x94, 0x9f, 0x94,
    0x9f, 0x94, 0x9f, 0x94, 0x9f, 0x94, 0x9f, 0x94, 0x9f, 0x94, 0x9f, 0x94, 0x9f, 0x94, 0x9f, 0x94,
    0x9f, 0x94, 0x9f, 0x94, 0x9f, 0x94, 0x9f, 0x94, 0x9f, 0x94, 0x9f, 0x94, 0x9f, 0x94, 0x9f, 0x94,
    0x9f, 0x94, 0x9f, 0x94, 0x9f, 0x94, 0x9f, 0x94, 0x9f, 0x94, 0x9f, 0x94, 0x7f, 0x94, 0x7f, 0x94,
    0x7f, 0x94, 0x7f, 0x94, 0x7f, 0x94, 0x7f, 0x94, 0x7f, 0x94, 0x7f, 0x94, 0x7f, 0x94, 0x7f, 0x94,
    0x7f, 0x94, 0x7f, 0x94, 0x7f, 0x94, 0x5e, 0x94, 0x5e, 0x94, 0x5d, 0x8c, 0x5d, 0x94, 0x5d, 0x94,
    0x5d, 0x8c, 0x5d, 0x8c, 0x3d, 0x8c, 0x9f, 0x9c, 0xf4, 0x5a, 0xc5, 0x08, 0x07, 0x11, 0x07, 0x11,
    0x07, 0x11, 0x07, 0x11, 0x28, 0x19, 0x7d, 0x74, 0xff, 0x7c, 0xbe, 0x74, 0xbd, 0x74, 0xbd, 0x7c,
    0xbd, 0x7c, 0xbd, 0x7c, 0xbd, 0x74, 0xbe, 0x74, 0xdf, 0x7c, 0xdf, 0x7c, 0xdf, 0x7c, 0xdf, 0x7c,
    0xdf, 0x7c, 0xdf, 0x7c, 0xdf, 0x7c, 0xdf, 0x7c, 0xdf, 0x7c, 0xdf, 0x7c, 0xdf, 0x7c, 0xdf, 0x7c,
    0xdf, 0x7c, 0xdf, 0x7c, 0xdf, 0x7c, 0xdf, 0x7c, 0xdf, 0x7c, 0xdf, 0x7c, 0xdf, 0x7c, 0xdf, 0x7c,
    0xdf, 0x7c, 0xdf, 0x7c, 0xdf, 0x84, 0xdf, 0x84, 0xdf, 0x84, 0xdf, 0x84, 0xdf, 0x84, 0xdf, 0x84,
    0xdf, 0x84, 0xdf, 0x84, 0xdf, 0x84, 0xdf, 0x84, 0xdf, 0x84, 0xdf, 0x84, 0xdf, 0x84, 0xdf, 0x84,
    0xdf, 0x84, 0xdf, 0x84, 0xdf, 0x84, 0xdf, 0x84, 0xdf, 0x84, 0xdf, 0x84, 0xdf, 0x84, 0xdf, 0x84,
    0xdf, 0x84, 0xdf, 0x84, 0xdf, 0x84, 0xdf, 0x84, 0xdf, 0x84, 0xdf, 0x84, 0xdf, 0x84, 0xdf, 0x84,
    0xdf, 0x84, 0xdf, 0x84, 0xdf, 0x84, 0xdf, 0x84, 0xdf, 0x84, 0xdf, 0x84, 0xdf, 0x84, 0xdf, 0x84,
    0xdf, 0x84, 0xdf, 0x84, 0xdf, 0x84, 0xdf, 0x84, 0xdf, 0x84, 0xdf, 0x84, 0xdf, 0x84, 0xdf, 0x84,
    0xdf, 0x84, 0xdf, 0x8c, 0xdf, 0x8c, 0xdf, 0x8c, 0xdf, 0x8c, 0xdf, 0x8c, 0xdf, 0x8c, 0xdf, 0x8c,
    0xdf, 0x8c, 0xdf, 0x8c, 0xbf, 0x8c, 0xbf, 0x8c, 0xbf, 0x8c, 0xbf, 0x8c, 0xbf, 0x8c, 0xbf, 0x8c,
    0xbf, 0x8c, 0xbf, 0x8c, 0xbf, 0x8c, 0xbf, 0x8c, 0xbf, 0x8c, 0xbf, 0x8c, 0xbf, 0x8c, 0xbf, 0x8c,
    0xbf, 0x8c, 0xbf, 0x8c, 0xbf, 0x8c, 0xbf, 0x8c, 0xbf, 0x8c, 0xbf, 0x8c, 0xbf, 0x8c, 0xbf, 0x8c,
    0xbf, 0x8c, 0xbf, 0x8c, 0xbf, 0x8c, 0xbf, 0x8c, 0xbf, 0x8c, 0xbf, 0x8c, 0xbf, 0x8c, 0xbf, 0x8c,
    0xbf, 0x8c, 0xbf, 0x8c, 0xbf, 0x8c, 0xbf, 0x8c, 0xbf, 0x8c, 0xbf, 0x8c, 0xbf, 0x8c, 0xbf, 0x8c,
    0xbf, 0x8c, 0xbf, 0x8c, 0xbf, 0x8c, 0xbf, 0x8c, 0xbf, 0x8c, 0xbf, 0x8c, 0xbf, 0x8c, 0xbf, 0x8c,
    0xbf, 0x8c, 0x9f, 0x8c, 0x9f, 0x8c, 0x9f, 0x94, 0x9f, 0x94, 0x9f, 0x94, 0x9f, 0x94, 0x9f, 0x94,
    0x9f, 0x94, 0x9f, 0x94, 0x9f, 0x94, 0x9f, 0x94, 0x9f, 0x94, 0x9f, 0x94, 0x9f, 0x94, 0x9f, 0x94,
    0x9f, 0x94, 0x9f, 0x94, 0x9f, 0x94, 0x9f, 0x94, 0x9f, 0x94, 0x9f, 0x94, 0x9f, 0x94, 0x9f, 0x94,
    0x9f, 0x94, 0x9f, 0x94, 0x9f, 0x94, 0x9f, 0x94, 0x9f, 0x94, 0x9f, 0x94, 0x9f, 0x94, 0x9f, 0x94,
    0x9f, 0x94, 0x9f, 0x94, 0x9f, 0x94, 0x9f, 0x94, 0x7f, 0x94, 0x7f, 0x94, 0x7f, 0x94, 0x7f, 0x94,
    0x7f, 0x94, 0x7f, 0x94, 0x7f, 0x94, 0x7f, 0x94, 0x7f, 0x94, 0x7f, 0x94, 0x7f, 0x94, 0x7f, 0x94,
    0x7f, 0x94, 0x7f, 0x94, 0x7f, 0x94, 0x7e, 0x94, 0x5e, 0x94, 0x5d, 0x8c, 0x5d, 0x8c, 0x5d, 0x94,
    0x5d, 0x94, 0x5d, 0x8c, 0x3d, 0x8c, 0x7f, 0x94, 0x1c, 0x8c, 0x28, 0x19, 0x07, 0x11, 0x07, 0x11,
    0x28, 0x11, 0xe6, 0x10, 0x2f, 0x32, 0x1f, 0x7d, 0xbe, 0x74, 0xbe, 0x74, 0xbd, 0x74, 0xbd, 0x7c,
    0xbd, 0x7c, 0xbd, 0x74, 0xbe, 0x74, 0xdf, 0x7c, 0xdf, 0x7c, 0xdf, 0x7c, 0xdf, 0x7c, 0xdf, 0x7c,
    0xdf, 0x7c, 0xdf, 0x7c, 0xdf, 0x7c, 0xdf, 0x7c, 0xdf, 0x7c, 0xdf, 0x7c, 0xdf, 0x7c, 0xdf, 0x7c,
    0xdf, 0x7c, 0xdf, 0x7c, 0xdf, 0x7c, 0xdf, 0x7c, 0xdf, 0x7c, 0xdf, 0x7c, 0xdf, 0x7c, 0xdf, 0x7c,
    0xdf, 0x7c, 0xdf, 0x84, 0xdf, 0x84, 0xdf, 0x84, 0xdf, 0x84, 0xdf, 0x84, 0xdf, 0x84, 0xdf, 0x84,
    0xdf, 0x84, 0xdf, 0x84, 0xdf, 0x84, 0xdf, 0x84, 0xdf, 0x84, 0xdf, 0x84, 0xdf, 0x84, 0xdf, 0x84,
    0xdf, 0x84, 0xdf, 0x84, 0xdf, 0x84, 0xdf, 0x84, 0xdf, 0x84, 0xdf, 0x84, 0xdf, 0x84, 0xdf, 0x84,
    0xdf, 0x84, 0xdf, 0x84, 0xdf, 0x84, 0xdf, 0x84, 0xdf, 0x84, 0xdf, 0x84, 0xdf, 0x84, 0xdf, 0x84,
    0xdf, 0x84, 0xdf, 0x84, 0xdf, 0x84, 0xdf, 0x84, 0xdf, 0x84, 0xdf, 0x84, 0xdf, 0x84, 0xdf, 0x84,
    0xdf, 0x84, 0xdf, 0x84, 0xdf, 0x84, 0xdf, 0x84, 0xdf, 0x84, 0xdf, 0x84, 0xdf, 0x84, 0xdf, 0x84,
    0xdf, 0x8c, 0xdf, 0x8c, 0xdf, 0x8c, 0xdf, 0x8c, 0xdf, 0x8c, 0xdf, 0x8c, 0xdf, 0x8c, 0xdf, 0x8c,
    0xdf, 0x8c, 0xbf, 0x8c, 0xbf, 0x8c, 0xbf, 0x8c, 0xbf, 0x8c, 0xbf, 0x8c, 0xbf, 0x8c, 0xbf, 0x8c,
    0xbf, 0x8c, 0xbf, 0x8c, 0xbf, 0x8c, 0xbf, 0x8c, 0xbf, 0x8c, 0xbf, 0x8c, 0xbf, 0x8c, 0xbf, 0x8c,
    0xbf, 0x8c, 0xbf, 0x8c, 0xbf, 0x8c, 0xbf, 0x8c, 0xbf, 0x8c, 0xbf, 0x8c, 0xbf, 0x8c, 0xbf, 0x8c,
    0xbf, 0x8c, 0xbf, 0x8c, 0xbf, 0x8c, 0xbf, 0x8c, 0xbf, 0x8c, 0xbf, 0x8c, 0xbf, 0x8c, 0xbf, 0x8c,
    0xbf, 0x8c, 0xbf, 0x8c, 0xbf, 0x8c, 0xbf, 0x8c, 0xbf, 0x8c, 0xbf, 0x8c, 0xbf, 0x8c, 0xbf, 0x8c,
    0xbf, 0x8c, 0xbf, 0x8c, 0xbf, 0x8c, 0xbf, 0x8c, 0xbf, 0x8c, 0xbf, 0x8c, 0xbf, 0x8c, 0xbf, 0x8c,
    0x9f, 0x8c, 0x9f, 0x8c, 0x9f, 0x94, 0x9f, 0x94, 0x9f, 0x94, 0x9f, 0x94, 0x9f, 0x94, 0x9f, 0x94,
    0x9f, 0x94, 0x9f, 0x94, 0x9f, 0x94, 0x9f, 0x94, 0x9f, 0x94, 0x9f, 0x94, 0x9f, 0x94, 0x9f, 0x94,
    0x9f, 0x94, 0x9f, 0x94, 0x9f, 0x94, 0x9f, 0x94, 0x9f, 0x94, 0x9f, 0x94, 0x9f, 0x94, 0x9f, 0x94,
    0x9f, 0x94, 0x9f, 0x94, 0x9f, 0x94, 0x9f, 0x94, 0x9f, 0x94, 0x9f, 0x94, 0x9f, 0x94, 0x9f, 0x94,
    0x9f, 0x94, 0x9f, 0x94, 0x7f, 0x94, 0x7f, 0x94, 0x7f, 0x94, 0x7f, 0x94, 0x7f, 0x94, 0x7f, 0x94,
    0x7f, 0x94, 0x7f, 0x94, 0x7f, 0x94, 0x7f, 0x94, 0x7f, 0x94, 0x7f, 0x94, 0x7f, 0x94, 0x7f, 0x94,
    0x7f, 0x94, 0x7f, 0x94, 0x7f, 0x94, 0x7f, 0x94, 0x5e, 0x94, 0x5d, 0x8c, 0x3d, 0x8c, 0x5d, 0x94,
    0x5d, 0x94, 0x3d, 0x8c, 0x3d, 0x8c, 0x3e, 0x94, 0x9f, 0x9c, 0x0f, 0x3a, 0xe6, 0x08, 0x28, 0x11,
    0x28, 0x19, 0xe6, 0x10, 0x76, 0x53, 0x1f, 0x7d, 0x9e, 0x74, 0xbd, 0x74, 0xbd, 0x7c, 0xbd, 0x7c,
    0xbd, 0x7c, 0xbd, 0x74, 0xbe, 0x74, 0xdf, 0x7c, 0xdf, 0x7c, 0xdf, 0x7c, 0xdf, 0x7c, 0xdf, 0x7c,
    0xdf, 0x7c, 0xdf, 0x7c, 0xdf, 0x7c, 0xdf, 0x7c, 0xdf, 0x7c, 0xdf, 0x7c, 0xdf, 0x7c, 0xdf, 0x7c,
    0xdf, 0x7c, 0xdf, 0x7c, 0xdf, 0x7c, 0xdf, 0x7c, 0xdf, 0x7c, 0xdf, 0x7c, 0xdf, 0x7c, 0xdf, 0x7c,
    0xdf, 0x84, 0xdf, 0x84, 0xdf, 0x84, 0xdf, 0x84, 0xdf, 0x84, 0xdf, 0x84, 0xdf, 0x84, 0xdf, 0x84,
    0xdf, 0x84, 0xdf, 0x84, 0xdf, 0x84, 0xdf, 0x84, 0xdf, 0x84, 0xdf, 0x84, 0xdf, 0x84, 0xdf, 0x84,
    0xdf, 0x84, 0xdf, 0x84, 0xdf, 0x84, 0xdf, 0x84, 0xdf, 0x84, 0xdf, 0x84, 0xdf, 0x84, 0xdf, 0x84,
    0xdf, 0x84, 0xdf, 0x84, 0xdf, 0x84, 0xdf, 0x84, 0xdf, 0x84, 0xdf, 0x84, 0xdf, 0x84, 0xdf, 0x84,
    0xdf, 0x84, 0xdf, 0x84, 0xdf, 0x84, 0xdf, 0x84, 0xdf, 0x84, 0xdf, 0x84, 0xdf, 0x84, 0xdf, 0x84,
    0xdf, 0x84, 0xdf, 0x84, 0xdf, 0x84, 0xdf, 0x84, 0xdf, 0x84, 0xdf, 0x84, 0xdf, 0x84, 0xdf, 0x8c,
    0xdf, 0x8c, 0xdf, 0x8c, 0xdf, 0x8c, 0xdf, 0x8c, 0xdf, 0x8c, 0xdf, 0x8c, 0xdf, 0x8c, 0xbf, 0x8c,
    0xbf, 0x8c, 0xbf, 0x8c, 0xbf, 0x8c, 0xbf, 0x8c, 0xbf, 0x8c, 0xbf, 0x8c, 0xbf, 0x8c, 0xbf, 0x8c,
    0xbf, 0x8c, 0xbf, 0x8c, 0xbf, 0x8c, 0xbf, 0x8c, 0xbf, 0x8c, 0xbf, 0x8c, 0xbf, 0x8c, 0xbf, 0x8c,
    0xbf, 0x8c, 0xbf, 0x8c, 0xbf, 0x8c, 0xbf, 0x8c, 0xbf, 0x8c, 0xbf, 0x8c, 0xbf, 0x8c, 0xbf, 0x8c,
    0xbf, 0x8c, 0xbf, 0x8c, 0xbf, 0x8c, 0xbf, 0x8c, 0xbf, 0x8c, 0xbf, 0x8c, 0xbf, 0x8c, 0xbf, 0x8c,
    0xbf, 0x8c, 0xbf, 0x8c, 0xbf, 0x8c, 0xbf, 0x8c, 0xbf, 0x8c, 0xbf, 0x8c, 0xbf, 0x8c, 0xbf, 0x8c,
    0xbf, 0x8c, 0xbf, 0x8c, 0xbf, 0x8c, 0xbf, 0x8c, 0xbf, 0x8c, 0xbf, 0x8c, 0xbf, 0x8c, 0x9f, 0x8c,
    0x9f, 0x8c, 0x9f, 0x94, 0x9f, 0x94, 0x9f, 0x94, 0x9f, 0x94, 0x9f, 0x94, 0x9f, 0x94, 0x9f, 0x94,
    0x9f, 0x94, 0x9f, 0x94, 0x9f, 0x94, 0x9f, 0x94, 0x9f, 0x94, 0x9f, 0x94, 0x9f, 0x94, 0x9f, 0x94,
    0x9f, 0x94, 0x9f, 0x94, 0x9f, 0x94, 0x9f, 0x94, 0x9f, 0x94, 0x9f, 0x94, 0x9f, 0x94, 0x9f, 0x94,
    0x9f, 0x94, 0x9f, 0x94, 0x9f, 0x94, 0x9f, 0x94, 0x9f, 0x94, 0x9f, 0x94, 0x9f, 0x94, 0x9f, 0x94,
    0x7f, 0x94, 0x7f, 0x94, 0x7f, 0x94, 0x7f, 0x94, 0x7f, 0x94, 0x7f, 0x94, 0x7f, 0x94, 0x7f, 0x94,
    0x7f, 0x94, 0x7f, 0x94, 0x7f, 0x94, 0x7f, 0x94, 0x7f, 0x94, 0x7f, 0x94, 0x7f, 0x94, 0x7f, 0x94,
    0x7f, 0x94, 0x7f, 0x94, 0x7f, 0x94, 0x7f, 0x94, 0x5e, 0x94, 0x5e, 0x94, 0x3d, 0x8c, 0x5d, 0x94,
    0x5c, 0x94, 0x3d, 0x8c, 0x3d, 0x8c, 0x3d, 0x8c, 0x9f, 0x9c, 0x36, 0x63, 0xe6, 0x08, 0x28, 0x19,
    0x28, 0x11, 0x28, 0x11, 0x3c, 0x6c, 0xdf, 0x7c, 0x9d, 0x74, 0xbd, 0x74, 0xbd, 0x7c, 0xbd, 0x7c,
    0xbd, 0x74, 0xbe, 0x74, 0xbe, 0x7c, 0xdf, 0x7c, 0xdf, 0x7c, 0xdf, 0x7c, 0xdf, 0x7c, 0xdf, 0x7c,
    0xdf, 0x7c, 0xdf, 0x7c, 0xdf, 0x7c, 0xdf, 0x7c, 0xdf, 0x7c, 0xdf, 0x7c, 0xdf, 0x7c, 0xdf, 0x7c,
    0xdf, 0x7c, 0xdf, 0x7c, 0xdf, 0x7c, 0xdf, 0x7c, 0xdf, 0x7c, 0xdf, 0x7c, 0xdf, 0x7c, 0xdf, 0x84,
    0xdf, 0x84, 0xdf, 0x84, 0xdf, 0x84, 0xdf, 0x84, 0xdf, 0x84, 0xdf, 0x84, 0xdf, 0x84, 0xdf, 0x84,
    0xdf, 0x84, 0xdf, 0x84, 0xdf, 0x84, 0xdf, 0x84, 0xdf, 0x84, 0xdf, 0x84, 0xdf, 0x84, 0xdf, 0x84,
    0xdf, 0x84, 0xdf, 0x84, 0xdf, 0x84, 0xdf, 0x84, 0xdf, 0x84, 0xdf, 0x84, 0xdf, 0x84, 0xdf, 0x84,
    0xdf, 0x84, 0xdf, 0x84, 0xdf, 0x84, 0xdf, 0x84, 0xdf, 0x84, 0xdf, 0x84, 0xdf, 0x84, 0xdf, 0x84,
    0xdf, 0x84, 0xdf, 0x84, 0xdf, 0x84, 0xdf, 0x84, 0xdf, 0x84, 0xdf, 0x84, 0xdf, 0x84, 0xdf, 0x84,
    0xdf, 0x84, 0xdf, 0x84, 0xdf, 0x84, 0xdf, 0x84, 0xdf, 0x84, 0xdf, 0x84, 0xdf, 0x8c, 0xdf, 0x8c,
    0xdf, 0x8c, 0xdf, 0x8c, 0xdf, 0x8c, 0xdf, 0x8c, 0xdf, 0x8c, 0xdf, 0x8c, 0xbf, 0x8c, 0xbf, 0x8c,
    0xbf, 0x8c, 0xbf, 0x8c, 0xbf, 0x8c, 0xbf, 0x8c, 0xbf, 0x8c, 0xbf, 0x8c, 0xbf, 0x8c, 0xbf, 0x8c,
    0xbf, 0x8c, 0xbf, 0x8c, 0xbf, 0x8c, 0xbf, 0x8c, 0xbf, 0x8c, 0xbf, 0x8c, 0xbf, 0x8c, 0xbf, 0x8c,
    0xbf, 0x8c, 0xbf, 0x8c, 0xbf, 0x8c, 0xbf, 0x8c, 0xbf, 0x8c, 0xbf, 0x8c, 0xbf, 0x8c, 0xbf, 0x8c,
    0xbf, 0x8c, 0xbf, 0x8c, 0xbf, 0x8c, 0xbf, 0x8c, 0xbf, 0x8c, 0xbf, 0x8c, 0xbf, 0x8c, 0xbf, 0x8c,
    0xbf, 0x8c, 0xbf, 0x8c, 0xbf, 0x8c, 0xbf, 0x8c, 0xbf, 0x8c, 0xbf, 0x8c, 0xbf, 0x8c, 0xbf, 0x8c,
    0xbf, 0x8c, 0xbf, 0x8c, 0xbf, 0x8c, 0xbf, 0x8c, 0xbf, 0x8c, 0xbf, 0x8c, 0x9f, 0x8c, 0x9f, 0x8c,
    0x9f, 0x94, 0x9f, 0x94, 0x9f, 0x94, 0x9f, 0x94, 0x9f, 0x94, 0x9f, 0x94, 0x9f, 0x94, 0x9f, 0x94,
    0x9f, 0x94, 0x9f, 0x94, 0x9f, 0x94, 0x9f, 0x94, 0x9f, 0x94, 0x9f, 0x94, 0x9f, 0x94, 0x9f, 0x94,
    0x9f, 0x94, 0x9f, 0x94, 0x9f, 0x94, 0x9f, 0x94, 0x9f, 0x94, 0x9f, 0x94, 0x9f, 0x94, 0x9f, 0x94,
    0x9f, 0x94, 0x9f, 0x94, 0x9f, 0x94, 0x9f, 0x94, 0x9f, 0x94, 0x9f, 0x94, 0x7f, 0x94, 0x7f, 0x94,
    0x7f, 0x94, 0x7f, 0x94, 0x7f, 0x94, 0x7f, 0x94, 0x7f, 0x94, 0x7f, 0x94, 0x7f, 0x94, 0x7f, 0x94,
    0x7f, 0x94, 0x7f, 0x94, 0x7f, 0x94, 0x7f, 0x94, 0x7f, 0x94, 0x7f, 0x94, 0x7f, 0x94, 0x7f, 0x94,
    0x7f, 0x94, 0x7f, 0x94, 0x7f, 0x94, 0x7f, 0x94, 0x5e, 0x94, 0x5e, 0x94, 0x3d, 0x8c, 0x3d, 0x8c,
    0x5c, 0x94, 0x3d, 0x94, 0x3d, 0x8c, 0x3d, 0x8c, 0x5f, 0x94, 0xdb, 0x83, 0x28, 0x19, 0x28, 0x11,
    0x07, 0x11, 0xed, 0x29, 0xdf, 0x7c, 0xbe, 0x74, 0x9e, 0x74, 0x9d, 0x74, 0xbd, 0x7c, 0xbd, 0x7c,
    0x9d, 0x74, 0xbe, 0x74, 0xbf, 0x7c, 0xdf, 0x7c, 0xdf, 0x7c, 0xdf, 0x7c, 0xdf, 0x7c, 0xdf, 0x7c,
    0xdf, 0x7c, 0xdf, 0x7c, 0xdf, 0x7c, 0xdf, 0x7c, 0xdf, 0x7c, 0xdf, 0x7c, 0xdf, 0x7c, 0xdf, 0x7c,
    0xdf, 0x7c, 0xdf, 0x7c, 0xdf, 0x7c, 0xdf, 0x7c, 0xdf, 0x7c, 0xdf, 0x7c, 0xdf, 0x7c, 0xdf, 0x84,
    0xdf, 0x84, 0xdf, 0x84, 0xdf, 0x84, 0xdf, 0x84, 0xdf, 0x84, 0xdf, 0x84, 0xdf, 0x84, 0xdf, 0x84,
    0xdf, 0x84, 0xdf, 0x84, 0xdf, 0x84, 0xdf, 0x84, 0xdf, 0x84, 0xdf, 0x84, 0xdf, 0x84, 0xdf, 0x84,
    0xdf, 0x84, 0xdf, 0x84, 0xdf, 0x84, 0xdf, 0x84, 0xdf, 0x84, 0xdf, 0x84, 0xdf, 0x84, 0xdf, 0x84,
    0xdf, 0x84, 0xdf, 0x84, 0xdf, 0x84, 0xdf, 0x84, 0xdf, 0x84, 0xdf, 0x84, 0xdf, 0x84, 0xdf, 0x84,
    0xdf, 0x84, 0xdf, 0x84, 0xdf, 0x84, 0xdf, 0x84, 0xdf, 0x84, 0xdf, 0x84, 0xdf, 0x84, 0xdf, 0x84,
    0xdf, 0x84, 0xdf, 0x84, 0xdf, 0x84, 0xdf, 0x84, 0xdf, 0x84, 0xdf, 0x8c, 0xdf, 0x8c, 0xdf, 0x8c,
    0xdf, 0x8c, 0xdf, 0x8c, 0xdf, 0x8c, 0xdf, 0x8c, 0xdf, 0x8c, 0xdf, 0x8c, 0xbf, 0x8c, 0xbf, 0x8c,
    0xbf, 0x8c, 0xbf, 0x8c, 0xbf, 0x8c, 0xbf, 0x8c, 0xbf, 0x8c, 0xbf, 0x8c, 0xbf, 0x8c, 0xbf, 0x8c,
    0xbf, 0x8c, 0xbf, 0x8c, 0xbf, 0x8c, 0xbf, 0x8c, 0xbf, 0x8c, 0xbf, 0x8c, 0xbf, 0x8c, 0xbf, 0x8c,
    0xbf, 0x8c, 0xbf, 0x8c, 0xbf, 0x8c, 0xbf, 0x8c, 0xbf, 0x8c, 0xbf, 0x8c, 0xbf, 0x8c, 0xbf, 0x8c,
    0xbf, 0x8c, 0xbf, 0x8c, 0xbf, 0x8c, 0xbf, 0x8c, 0xbf, 0x8c, 0xbf, 0x8c, 0xbf, 0x8c, 0xbf, 0x8c,
    0xbf, 0x8c, 0xbf, 0x8c, 0xbf, 0x8c, 0xbf, 0x8c, 0xbf, 0x8c, 0xbf, 0x8c, 0xbf, 0x8c, 0xbf, 0x8c,
    0xbf, 0x8c, 0xbf, 0x8c, 0xbf, 0x8c, 0xbf, 0x8c, 0xbf, 0x8c, 0x9f, 0x8c, 0x9f, 0x8c, 0x9f, 0x94,
    0x9f, 0x94, 0x9f, 0x94, 0x9f, 0x94, 0x9f, 0x94, 0x9f, 0x94, 0x9f, 0x94, 0x9f, 0x94, 0x9f, 0x94,
    0x9f, 0x94, 0x9f, 0x94, 0x9f, 0x94, 0x9f, 0x94, 0x9f, 0x94, 0x9f, 0x94, 0x9f, 0x94, 0x9f, 0x94,
    0x9f, 0x94, 0x9f, 0x94, 0x9f, 0x94, 0x9f, 0x94, 0x9f, 0x94, 0x9f, 0x94, 0x9f, 0x94, 0x9f, 0x94,
    0x9f, 0x94, 0x9f, 0x94, 0x9f, 0x94, 0x9f, 0x94, 0x9f, 0x94, 0x7f, 0x94, 0x7f, 0x94, 0x7f, 0x94,
    0x7f, 0x94, 0x7f, 0x94, 0x7f, 0x94, 0x7f, 0x94, 0x7f, 0x94, 0x7f, 0x94, 0x7f, 0x94, 0x7f, 0x94,
    0x7f, 0x94, 0x7f, 0x94, 0x7f, 0x94, 0x7f, 0x94, 0x7f, 0x94, 0x7f, 0x94, 0x7f, 0x94, 0x7f, 0x94,
    0x7f, 0x94, 0x7f, 0x94, 0x7f, 0x94, 0x7f, 0x94, 0x5f, 0x94, 0x5e, 0x94, 0x3e, 0x8c, 0x3d, 0x8c,
    0x3d, 0x8c, 0x5d, 0x94, 0x3d, 0x8c, 0x3d, 0x8c, 0x3e, 0x94, 0x5f, 0x94, 0xcd, 0x31, 0x07, 0x11,
    0xe7, 0x10, 0xd2, 0x42, 0x1f, 0x7d, 0x9d, 0x74, 0x9d, 0x74, 0xbd, 0x74, 0xbd, 0x7c, 0xbd, 0x74,
    0x9d, 0x74, 0xbe, 0x74, 0xbf, 0x7c, 0xdf, 0x7c, 0xdf, 0x7c, 0xdf, 0x7c, 0xdf, 0x7c, 0xdf, 0x7c,
    0xdf, 0x7c, 0xdf, 0x7c, 0xdf, 0x7c, 0xdf, 0x7c, 0xdf, 0x7c, 0xdf, 0x7c, 0xdf, 0x7c, 0xdf, 0x7c,
    0xdf, 0x7c, 0xdf, 0x7c, 0xdf, 0x7c, 0xdf, 0x7c, 0xdf, 0x7c, 0xdf, 0x7c, 0xdf, 0x7c, 0xdf, 0x7c,
    0xdf, 0x7c, 0xdf, 0x7c, 0xdf, 0x84, 0xdf, 0x84, 0xdf, 0x84, 0xdf, 0x84, 0xdf, 0x84, 0xdf, 0x84,
    0xdf, 0x84, 0xdf, 0x84, 0xdf, 0x84, 0xdf, 0x84, 0xdf, 0x84, 0xdf, 0x84, 0xdf, 0x84, 0xdf, 0x84,
    0xdf, 0x84, 0xdf, 0x84, 0xdf, 0x84, 0xdf, 0x84, 0xdf, 0x84, 0xdf, 0x84, 0xdf, 0x84, 0xdf, 0x84,
    0xdf, 0x84, 0xdf, 0x84, 0xdf, 0x84, 0xdf, 0x84, 0xdf, 0x84, 0xdf, 0x84, 0xdf, 0x84, 0xdf, 0x84,
    0xdf, 0x84, 0xdf, 0x84, 0xdf, 0x84, 0xdf, 0x84, 0xdf, 0x84, 0xdf, 0x84, 0xdf, 0x84, 0xdf, 0x84,
    0xdf, 0x84, 0xdf, 0x84, 0xdf, 0x84, 0xdf, 0x84, 0xdf, 0x8c, 0xdf, 0x8c, 0xdf, 0x8c, 0xdf, 0x8c,
    0xdf, 0x8c, 0xdf, 0x8c, 0xdf, 0x8c, 0xdf, 0x8c, 0xbf, 0x8c, 0xbf, 0x8c, 0xbf, 0x8c, 0xbf, 0x8c,
    0xbf, 0x8c, 0xbf, 0x8c, 0xbf, 0x8c, 0xbf, 0x8c, 0xbf, 0x8c, 0xbf, 0x8c, 0xbf, 0x8c, 0xbf, 0x8c,
    0xbf, 0x8c, 0xbf, 0x8c, 0xbf, 0x8c, 0xbf, 0x8c, 0xbf, 0x8c, 0xbf, 0x8c, 0xbf, 0x8c, 0xbf, 0x8c,
    0x9f, 0x8c, 0xbf, 0x8c, 0xbf, 0x8c, 0xbf, 0x8c, 0xbf, 0x8c, 0xbf, 0x8c, 0xbf, 0x8c, 0xbf, 0x8c,
    0xbf, 0x8c, 0xbf, 0x8c, 0xbf, 0x8c, 0xbf, 0x8c, 0xbf, 0x8c, 0xbf, 0x8c, 0xbf, 0x8c, 0xbf, 0x8c,
    0xbf, 0x8c, 0xbf, 0x8c, 0xbf, 0x8c, 0xbf, 0x8c, 0xbf, 0x8c, 0xbf, 0x8c, 0xbf, 0x8c, 0xbf, 0x8c,
    0xbf, 0x8c, 0xbf, 0x8c, 0xbf, 0x8c, 0xbf, 0x8c, 0x9f, 0x8c, 0x9f, 0x8c, 0x9f, 0x94, 0x9f, 0x94,
    0x9f, 0x94, 0x9f, 0x94, 0x9f, 0x94, 0x9f, 0x94, 0x9f, 0x94, 0x9f, 0x94, 0x9f, 0x94, 0x9f, 0x94,
    0x9f, 0x94, 0x9f, 0x94, 0x9f, 0x94, 0x9f, 0x94, 0x9f, 0x94, 0x9f, 0x94, 0x9f, 0x94, 0x9f, 0x94,
    0x9f, 0x94, 0x9f, 0x94, 0x9f, 0x94, 0x9f, 0x94, 0x9f, 0x94, 0x9f, 0x94, 0x9f, 0x94, 0x9f, 0x94,
    0x9f, 0x94, 0x9f, 0x94, 0x9f, 0x94, 0x7f, 0x94, 0x7f, 0x94, 0x7f, 0x94, 0x7f, 0x94, 0x7f, 0x94,
    0x7f, 0x94, 0x7f, 0x94, 0x7f, 0x94, 0x7f, 0x94, 0x7f, 0x94, 0x7f, 0x94, 0x7f, 0x94, 0x7f, 0x94,
    0x7f, 0x94, 0x7f, 0x94, 0x7f, 0x94, 0x7f, 0x94, 0x7f, 0x94, 0x7f, 0x94, 0x7f, 0x94, 0x7f, 0x94,
    0x7f, 0x94, 0x5f, 0x94, 0x5f, 0x94, 0x5f, 0x94, 0x5f, 0x94, 0x5e, 0x94, 0x3e, 0x8c, 0x3d, 0x8c,
    0x3d, 0x8c, 0x5c, 0x94, 0x3d, 0x8c, 0x3d, 0x8c, 0x3d, 0x8c, 0x9f, 0x9c, 0x92, 0x4a, 0x07, 0x09,
    0x07, 0x11, 0x98, 0x5b, 0xff, 0x7c, 0x9d, 0x74, 0x9d, 0x74, 0xbd, 0x74, 0xbd, 0x7c, 0x9d, 0x74,
    0x9d, 0x74, 0xbe, 0x74, 0xbf, 0x7c, 0xdf, 0x7c, 0xdf, 0x7c, 0xdf, 0x7c, 0xdf, 0x7c, 0xdf, 0x7c,
    0xdf, 0x7c, 0xdf, 0x7c, 0xdf, 0x7c, 0xdf, 0x7c, 0xdf, 0x7c, 0xdf, 0x7c, 0xdf, 0x7c, 0xdf, 0x7c,
    0xdf, 0x7c, 0xdf, 0x7c, 0xdf, 0x7c, 0xdf, 0x7c, 0xdf, 0x7c, 0xdf, 0x7c, 0xdf, 0x7c, 0xdf, 0x7c,
    0xdf, 0x7c, 0xdf, 0x84, 0xdf, 0x84, 0xdf, 0x84, 0xdf, 0x84, 0xdf, 0x84, 0xdf, 0x84, 0xdf, 0x84,
    0xdf, 0x84, 0xdf, 0x84, 0xdf, 0x84, 0xdf, 0x84, 0xdf, 0x84, 0xdf, 0x84, 0xdf, 0x84, 0xdf, 0x84,
    0xdf, 0x84, 0xdf, 0x84, 0xdf, 0x84, 0xdf, 0x84, 0xdf, 0x84, 0xdf, 0x84, 0xdf, 0x84, 0xdf, 0x84,
    0xdf, 0x84, 0xdf, 0x84, 0xdf, 0x84, 0xdf, 0x84, 0xdf, 0x84, 0xdf, 0x84, 0xdf, 0x84, 0xdf, 0x84,
    0xdf, 0x84, 0xdf, 0x84, 0xdf, 0x84, 0xdf, 0x84, 0xdf, 0x84, 0xdf, 0x84, 0xdf, 0x84, 0xdf, 0x84,
    0xdf, 0x84, 0xdf, 0x84, 0xdf, 0x84, 0xdf, 0x8c, 0xdf, 0x8c, 0xdf, 0x8c, 0xdf, 0x8c, 0xdf, 0x8c,
    0xdf, 0x8c, 0xdf, 0x8c, 0xdf, 0x8c, 0xbf, 0x8c, 0xbf, 0x8c, 0xbf, 0x8c, 0xbf, 0x8c, 0xbf, 0x8c,
    0xbf, 0x8c, 0xbf, 0x8c, 0xbf, 0x8c, 0xbf, 0x8c, 0xbf, 0x8c, 0xbf, 0x8c, 0xbf, 0x8c, 0xbf, 0x8c,
    0xbf, 0x8c, 0xbf, 0x8c, 0x9f, 0x8c, 0x9f, 0x8c, 0x9f, 0x8c, 0x9f, 0x8c, 0x9f, 0x8c, 0x9f, 0x8c,
    0x9f, 0x8c, 0x9f, 0x8c, 0x9f, 0x8c, 0x9f, 0x8c, 0x9f, 0x8c, 0xbf, 0x8c, 0xbf, 0x8c, 0xbf, 0x8c,
    0xbf, 0x8c, 0xbf, 0x8c, 0xbf, 0x8c, 0xbf, 0x8c, 0xbf, 0x8c, 0xbf, 0x8c, 0xbf, 0x8c, 0xbf, 0x8c,
    0xbf, 0x8c, 0xbf, 0x8c, 0xbf, 0x8c, 0xbf, 0x8c, 0xbf, 0x8c, 0xbf, 0x8c, 0xbf, 0x8c, 0xbf, 0x8c,
    0xbf, 0x8c, 0xbf, 0x8c, 0xbf, 0x8c, 0x9f, 0x8c, 0x9f, 0x8c, 0x9f, 0x94, 0x9f, 0x94, 0x9f, 0x94,
    0x9f, 0x94, 0x9f, 0x94, 0x9f, 0x94, 0x9f, 0x94, 0x9f, 0x94, 0x9f, 0x94, 0x9f, 0x94, 0x9f, 0x94,
    0x9f, 0x94, 0x9f, 0x94, 0x9f, 0x94, 0x9f, 0x94, 0x9f, 0x94, 0x9f, 0x94, 0x9f, 0x94, 0x9f, 0x94,
    0x9f, 0x94, 0x9f, 0x94, 0x9f, 0x94, 0x9f, 0x94, 0x9f, 0x94, 0x9f, 0x94, 0x9f, 0x94, 0x9f, 0x94,
    0x9f, 0x94, 0x7f, 0x94, 0x7f, 0x94, 0x7f, 0x94, 0x7f, 0x94, 0x7f, 0x94, 0x7f, 0x94, 0x7f, 0x94,
    0x7f, 0x94, 0x7f, 0x94, 0x7f, 0x94, 0x7f, 0x94, 0x7f, 0x94, 0x7f, 0x94, 0x7f, 0x94, 0x7f, 0x94,
    0x7f, 0x94, 0x7f, 0x94, 0x7f, 0x94, 0x7f, 0x94, 0x7f, 0x94, 0x7f, 0x94, 0x5f, 0x94, 0x5f, 0x94,
    0x5f, 0x94, 0x5f, 0x94, 0x5f, 0x94, 0x5f, 0x94, 0x5f, 0x94, 0x5e, 0x94, 0x5e, 0x94, 0x3d, 0x8c,
    0x3d, 0x8c, 0x5c, 0x94, 0x3c, 0x8c, 0x3d, 0x8c, 0x3d, 0x8c, 0x7f, 0x9c, 0x57, 0x6b, 0x08, 0x11,
    0x6a, 0x19, 0x5c, 0x6c, 0xdf, 0x7c, 0x9d, 0x74, 0x9d, 0x74, 0xbd, 0x74, 0x9d, 0x74, 0x9d, 0x74,
    0x9e, 0x74, 0xbe, 0x74, 0xdf, 0x7c, 0xdf, 0x7c, 0xdf, 0x7c, 0xdf, 0x7c, 0xdf, 0x7c, 0xdf, 0x7c,
    0xdf, 0x7c, 0xdf, 0x7c, 0xdf, 0x7c, 0xdf, 0x7c, 0xdf, 0x7c, 0xdf, 0x7c, 0xdf, 0x7c, 0xdf, 0x7c,
    0xdf, 0x7c, 0xdf, 0x7c, 0xdf, 0x7c, 0xdf, 0x7c, 0xdf, 0x7c, 0xdf, 0x7c, 0xdf, 0x7c, 0xdf, 0x7c,
    0xdf, 0x7c, 0xdf, 0x84, 0xdf, 0x84, 0xdf, 0x84, 0xdf, 0x84, 0xdf, 0x84, 0xdf, 0x84, 0xdf, 0x84,
    0xdf, 0x84, 0xdf, 0x84, 0xdf, 0x84, 0xdf, 0x84, 0xdf, 0x84, 0xdf, 0x84, 0xdf, 0x84, 0xdf, 0x84,
    0xdf, 0x84, 0xdf, 0x84, 0xdf, 0x84, 0xdf, 0x84, 0xdf, 0x84, 0xdf, 0x84, 0xdf, 0x84, 0xdf, 0x84,
    0xdf, 0x84, 0xdf, 0x84, 0xdf, 0x84, 0xdf, 0x84, 0xdf, 0x84, 0xdf, 0x84, 0xdf, 0x84, 0xdf, 0x84,
    0xdf, 0x84, 0xdf, 0x84, 0xdf, 0x84, 0xdf, 0x84, 0xdf, 0x84, 0xdf, 0x84, 0xdf, 0x84, 0xdf, 0x84,
    0xdf, 0x84, 0xdf, 0x84, 0xdf, 0x8c, 0xdf, 0x8c, 0xdf, 0x8c, 0xdf, 0x8c, 0xdf, 0x8c, 0xdf, 0x8c,
    0xdf, 0x8c, 0xdf, 0x8c, 0xbf, 0x8c, 0xbf, 0x8c, 0xbf, 0x8c, 0xbf, 0x8c, 0xbf, 0x8c, 0xbf, 0x8c,
    0xbf, 0x8c, 0xbf, 0x8c, 0xbf, 0x8c, 0xbf, 0x8c, 0x9f, 0x8c, 0x9f, 0x8c, 0x9f, 0x84, 0x9e, 0x8c,
    0x9e, 0x8c, 0x9e, 0x8c, 0x9e, 0x8c, 0x9e, 0x8c, 0x9e, 0x8c, 0x9e, 0x8c, 0x9e, 0x8c, 0x9e, 0x8c,
    0x9e, 0x8c, 0x9f, 0x8c, 0x9f, 0x8c, 0x9f, 0x8c, 0x9f, 0x8c, 0x9f, 0x8c, 0x9f, 0x8c, 0x9f, 0x8c,
    0xbf, 0x8c, 0xbf, 0x8c, 0xbf, 0x8c, 0xbf, 0x8c, 0xbf, 0x8c, 0xbf, 0x8c, 0xbf, 0x8c, 0xbf, 0x8c,
    0xbf, 0x8c, 0xbf, 0x8c, 0xbf, 0x8c, 0xbf, 0x8c, 0xbf, 0x8c, 0xbf, 0x8c, 0xbf, 0x8c, 0xbf, 0x8c,
    0xbf, 0x8c, 0xbf, 0x8c, 0x9f, 0x8c, 0x9f, 0x8c, 0x9f, 0x94, 0x9f, 0x94, 0x9f, 0x94, 0x9f, 0x94,
    0x9f, 0x94, 0x9f, 0x94, 0x9f, 0x94, 0x9f, 0x94, 0x9f, 0x94, 0x9f, 0x94, 0x9f, 0x94, 0x9f, 0x94,
    0x9f, 0x94, 0x9f, 0x94, 0x9f, 0x94, 0x9f, 0x94, 0x9f, 0x94, 0x9f, 0x94, 0x9f, 0x94, 0x9f, 0x94,
    0x9f, 0x94, 0x9f, 0x94, 0x9f, 0x94, 0x9f, 0x94, 0x9f, 0x94, 0x9f, 0x94, 0x9f, 0x94, 0x7f, 0x94,
    0x7f, 0x94, 0x7f, 0x94, 0x7f, 0x94, 0x7f, 0x94, 0x7f, 0x94, 0x7f, 0x94, 0x7f, 0x94, 0x7f, 0x94,
    0x7f, 0x94, 0x7f, 0x94, 0x7f, 0x94, 0x7f, 0x94, 0x7f, 0x94, 0x7f, 0x94, 0x7f, 0x94, 0x7f, 0x94,
    0x7f, 0x94, 0x7f, 0x94, 0x7f, 0x94, 0x7f, 0x94, 0x5f, 0x94, 0x5f, 0x94, 0x5f, 0x94, 0x5f, 0x94,
    0x5f, 0x94, 0x5f, 0x94, 0x5e, 0x94, 0x5e, 0x94, 0x5e, 0x94, 0x5e, 0x94, 0x5e, 0x94, 0x3d, 0x8c,
    0x3d, 0x8c, 0x3c, 0x8c, 0x3c, 0x94, 0x3d, 0x8c, 0x1d, 0x8c, 0x5f, 0x94, 0xfc, 0x83, 0x6a, 0x19,
    0xcc, 0x21, 0x9d, 0x74, 0xbe, 0x74, 0x9d, 0x74, 0x9d, 0x74, 0xbd, 0x74, 0x9d, 0x74, 0x9d, 0x74,
    0x9e, 0x74, 0xbf, 0x74, 0xbf, 0x7c, 0xbf, 0x7c, 0xdf, 0x7c, 0xdf, 0x7c, 0xdf, 0x7c, 0xbf, 0x7c,
    0xbf, 0x7c, 0xdf, 0x7c, 0xdf, 0x7c, 0xdf, 0x7c, 0xdf, 0x7c, 0xdf, 0x7c, 0xdf, 0x7c, 0xdf, 0x7c,
    0xdf, 0x7c, 0xdf, 0x7c, 0xdf, 0x7c, 0xdf, 0x7c, 0xdf, 0x7c, 0xdf, 0x7c, 0xdf, 0x7c, 0xdf, 0x7c,
    0xdf, 0x7c, 0xdf, 0x7c, 0xdf, 0x84, 0xdf, 0x84, 0xdf, 0x84, 0xdf, 0x84, 0xdf, 0x84, 0xdf, 0x84,
    0xdf, 0x84, 0xdf, 0x84, 0xdf, 0x84, 0xdf, 0x84, 0xdf, 0x84, 0xdf, 0x84, 0xdf, 0x84, 0xdf, 0x84,
    0xdf, 0x84, 0xdf, 0x84, 0xdf, 0x84, 0xdf, 0x84, 0xdf, 0x84, 0xdf, 0x84, 0xdf, 0x84, 0xdf, 0x84,
    0xdf, 0x84, 0xdf, 0x84, 0xdf, 0x84, 0xdf, 0x84, 0xdf, 0x84, 0xdf, 0x84, 0xdf, 0x84, 0xdf, 0x84,
    0xdf, 0x84, 0xdf, 0x84, 0xdf, 0x84, 0xdf, 0x84, 0xdf, 0x84, 0xdf, 0x84, 0xdf, 0x84, 0xdf, 0x84,
    0xdf, 0x84, 0xdf, 0x8c, 0xdf, 0x8c, 0xdf, 0x8c, 0xdf, 0x8c, 0xdf, 0x8c, 0xdf, 0x8c, 0xdf, 0x8c,
    0xdf, 0x8c, 0xbf, 0x8c, 0xbf, 0x8c, 0xbf, 0x8c, 0xbf, 0x8c, 0xbf, 0x8c, 0xbf, 0x8c, 0xbf, 0x8c,
    0xbf, 0x84, 0xbf, 0x8c, 0xbf, 0x8c, 0x9f, 0x84, 0x9e, 0x84, 0x9e, 0x84, 0x9e, 0x84, 0x9e, 0x8c,
    0x9e, 0x84, 0x9e, 0x84, 0x9e, 0x84, 0x9e, 0x84, 0x9e, 0x8c, 0x9e, 0x8c, 0x9e, 0x8c, 0x9e, 0x8c,
    0x9e, 0x8c, 0x9e, 0x8c, 0x9e, 0x8c, 0x9e, 0x8c, 0x9e, 0x8c, 0x9f, 0x8c, 0x9f, 0x8c, 0x9f, 0x8c,
    0x9f, 0x8c, 0x9f, 0x8c, 0xbf, 0x8c, 0xbf, 0x8c, 0xbf, 0x8c, 0xbf, 0x8c, 0xbf, 0x8c, 0xbf, 0x8c,
    0xbf, 0x8c, 0xbf, 0x8c, 0xbf, 0x8c, 0xbf, 0x8c, 0xbf, 0x8c, 0xbf, 0x8c, 0xbf, 0x8c, 0xbf, 0x8c,
    0xbf, 0x8c, 0x9f, 0x8c, 0x9f, 0x8c, 0x9f, 0x94, 0x9f, 0x94, 0x9f, 0x94, 0x9f, 0x94, 0x9f, 0x94,
    0x9f, 0x94, 0x9f, 0x94, 0x9f, 0x94, 0x9f, 0x94, 0x9f, 0x94, 0x9f, 0x94, 0x9f, 0x94, 0x9f, 0x94,
    0x9f, 0x94, 0x9f, 0x94, 0x9f, 0x94, 0x9f, 0x94, 0x9f, 0x94, 0x9f, 0x94, 0x9f, 0x94, 0x9f, 0x94,
    0x9f, 0x94, 0x9f, 0x94, 0x9f, 0x94, 0x9f, 0x94, 0x9f, 0x94, 0x9f, 0x94, 0x7f, 0x94, 0x7f, 0x94,
    0x7f, 0x94, 0x7f, 0x94, 0x7f, 0x94, 0x7f, 0x94, 0x7f, 0x94, 0x7f, 0x94, 0x7f, 0x94, 0x7f, 0x94,
    0x7f, 0x94, 0x7f, 0x94, 0x7f, 0x94, 0x7f, 0x94, 0x7f, 0x94, 0x7f, 0x94, 0x7f, 0x94, 0x7f, 0x94,
    0x7f, 0x94, 0x5f, 0x94, 0x5f, 0x94, 0x5f, 0x94, 0x5f, 0x94, 0x5f, 0x94, 0x5f, 0x94, 0x5e, 0x94,
    0x5e, 0x94, 0x5e, 0x94, 0x5e, 0x94, 0x5e, 0x94, 0x5e, 0x94, 0x5e, 0x94, 0x5e, 0x94, 0x3e, 0x8c,
    0x3d, 0x8c, 0x3c, 0x8c, 0x3c, 0x94, 0x3c, 0x8c, 0x1d, 0x8c, 0x3e, 0x94, 0x1d, 0x8c, 0xac, 0x29,
    0x70, 0x32, 0xdf, 0x7c, 0x9e, 0x74, 0x9d, 0x74, 0x9d, 0x74, 0x9d, 0x74, 0x9d, 0x74, 0x9d, 0x74,
    0xbe, 0x74, 0xbf, 0x74, 0xbf, 0x7c, 0xbf, 0x7c, 0xbf, 0x7c, 0xbf, 0x7c, 0xbf, 0x7c, 0xbf, 0x7c,
    0xbf, 0x7c, 0xbf, 0x7c, 0xbf, 0x7c, 0xdf, 0x7c, 0xdf, 0x7c, 0xdf, 0x7c, 0xdf, 0x7c, 0xbf, 0x7c,
    0xbf, 0x7c, 0xdf, 0x7c, 0xdf, 0x7c, 0xdf, 0x7c, 0xdf, 0x7c, 0xdf, 0x7c, 0xdf, 0x7c, 0xdf, 0x7c,
    0xdf, 0x7c, 0xdf, 0x7c, 0xdf, 0x7c, 0xdf, 0x84, 0xdf, 0x84, 0xdf, 0x84, 0xdf, 0x84, 0xdf, 0x84,
    0xdf, 0x84, 0xdf, 0x84, 0xdf, 0x84, 0xdf, 0x84, 0xdf, 0x84, 0xdf, 0x84, 0xdf, 0x84, 0xdf, 0x84,
    0xdf, 0x84, 0xdf, 0x84, 0xdf, 0x84, 0xdf, 0x84, 0xdf, 0x84, 0xdf, 0x84, 0xdf, 0x84, 0xdf, 0x84,
    0xdf, 0x84, 0xdf, 0x84, 0xdf, 0x84, 0xdf, 0x84, 0xdf, 0x84, 0xdf, 0x84, 0xdf, 0x84, 0xdf, 0x84,
    0xdf, 0x84, 0xdf, 0x84, 0xdf, 0x84, 0xdf, 0x84, 0xdf, 0x84, 0xdf, 0x84, 0xdf, 0x84, 0xdf, 0x84,
    0xdf, 0x8c, 0xdf, 0x8c, 0xdf, 0x8c, 0xdf, 0x8c, 0xdf, 0x8c, 0xdf, 0x8c, 0xdf, 0x8c, 0xdf, 0x8c,
    0xbf, 0x8c, 0xbf, 0x8c, 0xbf, 0x8c, 0xbf, 0x8c, 0xbf, 0x8c, 0xbf, 0x8c, 0xbf, 0x8c, 0xbf, 0x84,
    0xbf, 0x84, 0x9e, 0x84, 0x9e, 0x84, 0x9e, 0x84, 0x9e, 0x84, 0x9e, 0x84, 0x9e, 0x84, 0x9e, 0x84,
    0x9e, 0x84, 0x9e, 0x84, 0x9e, 0x84, 0x7e, 0x84, 0x7e, 0x84, 0x7e, 0x84, 0x7e, 0x84, 0x7e, 0x84,
    0x7e, 0x84, 0x9e, 0x8c, 0x9e, 0x8c, 0x9e, 0x8c, 0x9e, 0x8c, 0x9e, 0x8c, 0x9e, 0x8c, 0x9f, 0x8c,
    0x9f, 0x8c, 0x9f, 0x8c, 0x9f, 0x8c, 0x9f, 0x8c, 0xbf, 0x8c, 0xbf, 0x8c, 0x9f, 0x8c, 0x9f, 0x8c,
    0xbf, 0x8c, 0xbf, 0x8c, 0xbf, 0x8c, 0xbf, 0x8c, 0xbf, 0x8c, 0xbf, 0x8c, 0xbf, 0x8c, 0xbf, 0x8c,
    0x9f, 0x8c, 0x9f, 0x8c, 0x9f, 0x94, 0x9f, 0x94, 0x9f, 0x94, 0x9f, 0x94, 0x9f, 0x94, 0x9f, 0x94,
    0x9f, 0x94, 0x9f, 0x94, 0x9f, 0x94, 0x9f, 0x94, 0x9f, 0x94, 0x9f, 0x94, 0x9f, 0x94, 0x9f, 0x94,
    0x9f, 0x94, 0x9f, 0x94, 0x9f, 0x94, 0x9f, 0x94, 0x9f, 0x94, 0x9f, 0x94, 0x9f, 0x94, 0x9f, 0x94,
    0x9f, 0x94, 0x9f, 0x94, 0x9f, 0x94, 0x9f, 0x94, 0x9f, 0x94, 0x7f, 0x94, 0x7f, 0x94, 0x7f, 0x94,
    0x7f, 0x94, 0x7f, 0x94, 0x7f, 0x94, 0x7f, 0x94, 0x7f, 0x94, 0x7f, 0x94, 0x7f, 0x94, 0x7f, 0x94,
    0x7f, 0x94, 0x7f, 0x94, 0x7f, 0x94, 0x7f, 0x94, 0x7f, 0x94, 0x7f, 0x94, 0x7f, 0x94, 0x7f, 0x94,
    0x5f, 0x94, 0x5f, 0x94, 0x5f, 0x94, 0x5f, 0x94, 0x5f, 0x94, 0x5e, 0x94, 0x5e, 0x94, 0x5e, 0x94,
    0x5e, 0x94, 0x5e, 0x94, 0x5e, 0x94, 0x5e, 0x94, 0x5e, 0x94, 0x5e, 0x94, 0x5e, 0x94, 0x3e, 0x8c,
    0x1d, 0x8c, 0x3c, 0x8c, 0x3c, 0x94, 0x3c, 0x8c, 0x1d, 0x8c, 0x1d, 0x8c, 0x5f, 0x94, 0x30, 0x3a,
    0x14, 0x4b, 0xdf, 0x7c, 0x9d, 0x74, 0x9d, 0x74, 0x9d, 0x74, 0x9d, 0x74, 0x9d, 0x74, 0x9d, 0x74,
    0xbe, 0x74, 0xbf, 0x74, 0xbf, 0x7c, 0xbf, 0x7c, 0xbf, 0x7c, 0xbf, 0x7c, 0xbf, 0x7c, 0xbf, 0x7c,
    0xbf, 0x7c, 0xbf, 0x7c, 0xbf, 0x7c, 0xbf, 0x7c, 0xbf, 0x7c, 0xbf, 0x7c, 0xbf, 0x7c, 0xbf, 0x7c,
    0xbf, 0x7c, 0xbf, 0x7c, 0xbf, 0x7c, 0xdf, 0x7c, 0xdf, 0x7c, 0xdf, 0x7c, 0xdf, 0x7c, 0xdf, 0x7c,
    0xdf, 0x7c, 0xdf, 0x7c, 0xdf, 0x7c, 0xdf, 0x84, 0xdf, 0x84, 0xdf, 0x84, 0xdf, 0x84, 0xdf, 0x84,
    0xdf, 0x84, 0xdf, 0x84, 0xdf, 0x84, 0xdf, 0x84, 0xdf, 0x84, 0xdf, 0x84, 0xdf, 0x84, 0xdf, 0x84,
    0xdf, 0x84, 0xdf, 0x84, 0xdf, 0x84, 0xdf, 0x84, 0xdf, 0x84, 0xdf, 0x84, 0xdf, 0x84, 0xdf, 0x84,
    0xdf, 0x84, 0xdf, 0x84, 0xdf, 0x84, 0xdf, 0x84, 0xdf, 0x84, 0xdf, 0x84, 0xdf, 0x84, 0xdf, 0x84,
    0xdf, 0x84, 0xdf, 0x84, 0xdf, 0x84, 0xdf, 0x84, 0xdf, 0x84, 0xdf, 0x84, 0xdf, 0x84, 0xdf, 0x8c,
    0xdf, 0x8c, 0xdf, 0x8c, 0xdf, 0x8c, 0xdf, 0x8c, 0xdf, 0x8c, 0xdf, 0x8c, 0xdf, 0x8c, 0xbf, 0x8c,
    0xbf, 0x8c, 0xbf, 0x8c, 0xbf, 0x8c, 0xbf, 0x8c, 0xbf, 0x8c, 0xbf, 0x84, 0xbf, 0x84, 0xbe, 0x84,
    0x9e, 0x84, 0x9e, 0x84, 0x9e, 0x84, 0x9e, 0x84, 0x9e, 0x84, 0x7e, 0x84, 0x9e, 0x84, 0x9e, 0x84,
    0x9e, 0x84, 0x7e, 0x84, 0x5d, 0x84, 0x5d, 0x84, 0x5d, 0x84, 0x5d, 0x84, 0x7e, 0x84, 0x7e, 0x84,
    0x7e, 0x8c, 0x7e, 0x84, 0x7e, 0x84, 0x7e, 0x84, 0x9e, 0x8c, 0x9e, 0x8c, 0x9e, 0x8c, 0x9e, 0x8c,
    0x9e, 0x8c, 0x9f, 0x8c, 0x9f, 0x8c, 0x9f, 0x8c, 0x9f, 0x8c, 0x9f, 0x8c, 0x9f, 0x8c, 0x9f, 0x8c,
    0x9f, 0x8c, 0xbf, 0x8c, 0xbf, 0x8c, 0xbf, 0x8c, 0xbf, 0x8c, 0xbf, 0x8c, 0xbf, 0x8c, 0x9f, 0x8c,
    0x9f, 0x8c, 0x9f, 0x94, 0x9f, 0x94, 0x9f, 0x94, 0x9f, 0x94, 0x9f, 0x94, 0x9f, 0x94, 0x9f, 0x94,
    0x9f, 0x94, 0x9f, 0x94, 0x9f, 0x94, 0x9f, 0x94, 0x9f, 0x94, 0x9f, 0x94, 0x9f, 0x94, 0x9f, 0x94,
    0x9f, 0x94, 0x9f, 0x94, 0x9f, 0x94, 0x9f, 0x94, 0x9f, 0x94, 0x9f, 0x94, 0x9f, 0x94, 0x9f, 0x94,
    0x9f, 0x94, 0x9f, 0x94, 0x9f, 0x94, 0x9f, 0x94, 0x7f, 0x94, 0x7f, 0x94, 0x7f, 0x94, 0x7f, 0x94,
    0x7f, 0x94, 0x7f, 0x94, 0x7f, 0x94, 0x7f, 0x94, 0x7f, 0x94, 0x7f, 0x94, 0x7f, 0x94, 0x7f, 0x94,
    0x7f, 0x94, 0x7f, 0x94, 0x7f, 0x94, 0x7f, 0x94, 0x7f, 0x94, 0x7f, 0x94, 0x7f, 0x94, 0x5f, 0x94,
    0x5f, 0x94, 0x5f, 0x94, 0x5e, 0x94, 0x5e, 0x94, 0x5e, 0x94, 0x5e, 0x94, 0x5e, 0x94, 0x5e, 0x94,
    0x5e, 0x94, 0x5e, 0x94, 0x5e, 0x94, 0x5e, 0x94, 0x5e, 0x94, 0x5e, 0x94, 0x3e, 0x94, 0x3e, 0x8c,
    0x1d, 0x8c, 0x1c, 0x8c, 0x3c, 0x8c, 0x3c, 0x8c, 0x1c, 0x8c, 0x1d, 0x8c, 0x5f, 0x94, 0xd4, 0x5a,
    0x35, 0x4b, 0xdf, 0x7c, 0x7d, 0x6c, 0x7d, 0x74, 0x9d, 0x74, 0x9d, 0x74, 0x7d, 0x74, 0x9e, 0x74,
    0xbe, 0x74, 0xbf, 0x74, 0xbf, 0x74, 0xbf, 0x74, 0xbf, 0x7c, 0xbf, 0x7c, 0xbf, 0x7c, 0xbf, 0x7c,
    0xbf, 0x7c, 0xbf, 0x7c, 0xbf, 0x7c, 0xbf, 0x7c, 0xbf, 0x7c, 0xbf, 0x7c, 0xbf, 0x7c, 0xbf, 0x7c,
    0xbf, 0x7c, 0xbf, 0x7c, 0xbf, 0x7c, 0xbf, 0x7c, 0xbf, 0x7c, 0xdf, 0x7c, 0xdf, 0x7c, 0xbf, 0x7c,
    0xbf, 0x7c, 0xdf, 0x7c, 0xdf, 0x7c, 0xdf, 0x84, 0xdf, 0x84, 0xdf, 0x84, 0xdf, 0x84, 0xdf, 0x84,
    0xdf, 0x84, 0xdf, 0x84, 0xdf, 0x84, 0xdf, 0x84, 0xdf, 0x84, 0xdf, 0x84, 0xdf, 0x84, 0xdf, 0x84,
    0xdf, 0x84, 0xdf, 0x84, 0xdf, 0x84, 0xdf, 0x84, 0xdf, 0x84, 0xdf, 0x84, 0xdf, 0x84, 0xdf, 0x84,
    0xdf, 0x84, 0xdf, 0x84, 0xdf, 0x84, 0xdf, 0x84, 0xdf, 0x84, 0xdf, 0x84, 0xdf, 0x84, 0xdf, 0x84,
    0xdf, 0x84, 0xdf, 0x84, 0xdf, 0x84, 0xdf, 0x84, 0xdf, 0x84, 0xbf, 0x84, 0xdf, 0x8c, 0xdf, 0x8c,
    0xdf, 0x8c, 0xdf, 0x8c, 0xdf, 0x8c, 0xdf, 0x8c, 0xdf, 0x8c, 0xdf, 0x8c, 0xbf, 0x8c, 0xbf, 0x8c,
    0xbf, 0x8c, 0xbf, 0x8c, 0xbf, 0x8c, 0xbf, 0x84, 0xbf, 0x84, 0xbe, 0x84, 0x9e, 0x84, 0x9e, 0x84,
    0x9e, 0x84, 0x9e, 0x84, 0x9e, 0x84, 0x7e, 0x84, 0x9e, 0x84, 0x7e, 0x84, 0x5d, 0x84, 0x3d, 0x7c,
    0x3d, 0x7c, 0x3d, 0x7c, 0x9d, 0x8c, 0x9d, 0x8c, 0x9d, 0x8c, 0x9d, 0x8c, 0x5d, 0x84, 0x3d, 0x7c,
    0x1d, 0x7c, 0x5d, 0x84, 0x7e, 0x84, 0x7e, 0x8c, 0x7e, 0x84, 0x7e, 0x84, 0x7e, 0x8c, 0x9e, 0x8c,
    0x9e, 0x8c, 0x9e, 0x8c, 0x9e, 0x8c, 0x9e, 0x8c, 0x9f, 0x8c, 0x9f, 0x8c, 0x9f, 0x8c, 0x9f, 0x8c,
    0x9f, 0x8c, 0x9f, 0x8c, 0xbf, 0x8c, 0xbf, 0x8c, 0xbf, 0x8c, 0xbf, 0x8c, 0x9f, 0x8c, 0x9f, 0x8c,
    0x9f, 0x94, 0x9f, 0x94, 0x9f, 0x94, 0x9f, 0x94, 0x9f, 0x94, 0x9f, 0x94, 0x9f, 0x94, 0x9f, 0x94,
    0x9f, 0x94, 0x9f, 0x94, 0x9f, 0x94, 0x9f, 0x94, 0x9f, 0x94, 0x9f, 0x94, 0x9f, 0x94, 0x9f, 0x94,
    0x9f, 0x94, 0x9f, 0x94, 0x9f, 0x94, 0x9f, 0x94, 0x9f, 0x94, 0x9f, 0x94, 0x9f, 0x94, 0x9f, 0x94,
    0x9f, 0x94, 0x9f, 0x94, 0x9f, 0x94, 0x7f, 0x94, 0x7f, 0x94, 0x7f, 0x94, 0x7f, 0x94, 0x7f, 0x94,
    0x7f, 0x94, 0x7f, 0x94, 0x7f, 0x94, 0x7f, 0x94, 0x7f, 0x94, 0x7f, 0x94, 0x7f, 0x94, 0x7f, 0x94,
    0x7f, 0x94, 0x7f, 0x94, 0x7f, 0x94, 0x7f, 0x94, 0x7f, 0x94, 0x7f, 0x94, 0x5f, 0x94, 0x5f, 0x94,
    0x5e, 0x94, 0x5e, 0x94, 0x5e, 0x94, 0x5e, 0x94, 0x5e, 0x94, 0x5e, 0x94, 0x5e, 0x94, 0x5e, 0x94,
    0x5e, 0x94, 0x5e, 0x94, 0x5e, 0x94, 0x3e, 0x94, 0x3e, 0x94, 0x3e, 0x94, 0x3e, 0x94, 0x3e, 0x94,
    0x1d, 0x8c, 0x1d, 0x8c, 0x3c, 0x8c, 0x3c, 0x8c, 0x1c, 0x8c, 0x1d, 0x8c, 0x5f, 0x94, 0xf5, 0x5a,
    0xfa, 0x63, 0xbf, 0x74, 0x7d, 0x74, 0x7d, 0x74, 0x9d, 0x74, 0x9d, 0x74, 0x7d, 0x74, 0x9e, 0x74,
    0x9e, 0x74, 0xbf, 0x74, 0xbf, 0x74, 0xbf, 0x74, 0xbf, 0x7c, 0xbf, 0x7c, 0xbf, 0x7c, 0xbf, 0x7c,
    0xbf, 0x7c, 0xbf, 0x7c, 0xbf, 0x7c, 0xbf, 0x7c, 0xbf, 0x7c, 0xbf, 0x7c, 0xbf, 0x7c, 0xbf, 0x7c,
    0xbf, 0x7c, 0xbf, 0x7c, 0xbf, 0x7c, 0xbf, 0x7c, 0xbf, 0x7c, 0xbf, 0x7c, 0xbf, 0x7c, 0xbf, 0x7c,
    0xbf, 0x7c, 0xbf, 0x7c, 0xbf, 0x7c, 0xdf, 0x7c, 0xdf, 0x7c, 0xdf, 0x84, 0xdf, 0x84, 0xbf, 0x84,
    0xbf, 0x84, 0xdf, 0x84, 0xdf, 0x84, 0xdf, 0x84, 0xdf, 0x84, 0xdf, 0x84, 0xdf, 0x84, 0xdf, 0x84,
    0xdf, 0x84, 0xdf, 0x84, 0xdf, 0x84, 0xdf, 0x84, 0xdf, 0x84, 0xdf, 0x84, 0xdf, 0x84, 0xdf, 0x84,
    0xdf, 0x84, 0xdf, 0x84, 0xdf, 0x84, 0xdf, 0x84, 0xdf, 0x84, 0xdf, 0x84, 0xdf, 0x84, 0xdf, 0x84,
    0xdf, 0x84, 0xdf, 0x84, 0xdf, 0x84, 0xdf, 0x84, 0xbf, 0x84, 0xbf, 0x8c, 0xbf, 0x8c, 0xbf, 0x8c,
    0xdf, 0x8c, 0xdf, 0x8c, 0xdf, 0x8c, 0xdf, 0x8c, 0xdf, 0x8c, 0xbf, 0x8c, 0xbf, 0x8c, 0xbf, 0x8c,
    0xbf, 0x8c, 0xbf, 0x8c, 0xbf, 0x84, 0xbf, 0x84, 0x9e, 0x84, 0x9e, 0x84, 0x9e, 0x84, 0x9e, 0x84,
    0x9e, 0x84, 0x7e, 0x84, 0x7e, 0x84, 0x7e, 0x84, 0x3d, 0x7c, 0x3d, 0x7c, 0xbd, 0x8c, 0xbe, 0xad,
    0x9e, 0xce, 0x1f, 0xe7, 0xbf, 0xf7, 0xbf, 0xf7, 0xbf, 0xf7, 0xbf, 0xf7, 0x3f, 0xe7, 0xdf, 0xd6,
    0xfe, 0xbd, 0xfd, 0x94, 0x3d, 0x7c, 0x3d, 0x7c, 0x7d, 0x84, 0x7e, 0x84, 0x7e, 0x84, 0x7e, 0x8c,
    0x7e, 0x8c, 0x9e, 0x8c, 0x9e, 0x8c, 0x9e, 0x8c, 0x9e, 0x8c, 0x9f, 0x8c, 0x9f, 0x8c, 0x9f, 0x8c,
    0x9f, 0x8c, 0x9f, 0x8c, 0x9f, 0x8c, 0xbf, 0x8c, 0xbf, 0x8c, 0x9f, 0x8c, 0x9f, 0x8c, 0x9f, 0x94,
    0x9f, 0x94, 0x9f, 0x94, 0x9f, 0x94, 0x9f, 0x94, 0x9f, 0x94, 0x9f, 0x94, 0x9f, 0x94, 0x9f, 0x94,
    0x9f, 0x94, 0x9f, 0x94, 0x9f, 0x94, 0x9f, 0x94, 0x9f, 0x94, 0x9f, 0x94, 0x9f, 0x94, 0x9f, 0x94,
    0x9f, 0x94, 0x9f, 0x94, 0x9f, 0x94, 0x9f, 0x94, 0x9f, 0x94, 0x9f, 0x94, 0x9f, 0x94, 0x9f, 0x94,
    0x9f, 0x94, 0x9f, 0x94, 0x7f, 0x94, 0x7f, 0x94, 0x7f, 0x94, 0x7f, 0x94, 0x7f, 0x94, 0x7f, 0x94,
    0x7f, 0x94, 0x7f, 0x94, 0x7f, 0x94, 0x7f, 0x94, 0x7f, 0x94, 0x7f, 0x94, 0x7f, 0x94, 0x7f, 0x94,
    0x7f, 0x94, 0x7f, 0x94, 0x7f, 0x94, 0x7f, 0x94, 0x7f, 0x94, 0x5f, 0x94, 0x5e, 0x94, 0x5e, 0x94,
    0x5e, 0x94, 0x5e, 0x94, 0x5e, 0x94, 0x5e, 0x94, 0x5e, 0x94, 0x5e, 0x94, 0x5e, 0x94, 0x5e, 0x94,
    0x3e, 0x94, 0x3e, 0x94, 0x3e, 0x94, 0x3e, 0x94, 0x3e, 0x94, 0x3e, 0x94, 0x3e, 0x94, 0x3e, 0x94,
    0x1d, 0x8c, 0x1c, 0x8c, 0x1c, 0x8c, 0x1c, 0x8c, 0x1c, 0x8c, 0xfc, 0x8b, 0x3e, 0x94, 0x9a, 0x73,
    0xfa, 0x63, 0xbf, 0x74, 0x7d, 0x74, 0x7d, 0x74, 0x9d, 0x74, 0x7d, 0x74, 0x7d, 0x74, 0x9e, 0x74,
    0x9e, 0x74, 0xbf, 0x74, 0xbf, 0x74, 0xbf, 0x74, 0xbf, 0x74, 0xbf, 0x74, 0xbf, 0x7c, 0xbf, 0x7c,
    0xbf, 0x7c, 0xbf, 0x7c, 0xbf, 0x7c, 0xbf, 0x7c, 0xbf, 0x7c, 0xbf, 0x7c, 0xbf, 0x7c, 0xbf, 0x7c,
    0xbf, 0x7c, 0xbf, 0x7c, 0xbf, 0x7c, 0xbf, 0x7c, 0xbf, 0x7c, 0xbf, 0x7c, 0xbf, 0x7c, 0xbf, 0x7c,
    0xbf, 0x7c, 0xbf, 0x7c, 0xbf, 0x7c, 0xbf, 0x7c, 0xbf, 0x7c, 0xdf, 0x84, 0xbf, 0x84, 0xbf, 0x84,
    0xbf, 0x84, 0xbf, 0x84, 0xdf, 0x84, 0xdf, 0x84, 0xdf, 0x84, 0xdf, 0x84, 0xdf, 0x84, 0xdf, 0x84,
    0xdf, 0x84, 0xdf, 0x84, 0xdf, 0x84, 0xdf, 0x84, 0xdf, 0x84, 0xdf, 0x84, 0xdf, 0x84, 0xdf, 0x84,
    0xdf, 0x84, 0xdf, 0x84, 0xdf, 0x84, 0xdf, 0x84, 0xdf, 0x84, 0xdf, 0x84, 0xdf, 0x84, 0xdf, 0x84,
    0xdf, 0x84, 0xdf, 0x84, 0xdf, 0x84, 0xbf, 0x84, 0xbf, 0x8c, 0xbf, 0x8c, 0xbf, 0x8c, 0xbf, 0x8c,
    0xbf, 0x8c, 0xbf, 0x8c, 0xdf, 0x8c, 0xdf, 0x8c, 0xbf, 0x8c, 0xbf, 0x8c, 0xbf, 0x8c, 0xbf, 0x8c,
    0xbf, 0x8c, 0xbf, 0x84, 0xbf, 0x84, 0x9e, 0x84, 0x9e, 0x84, 0x9e, 0x84, 0x9e, 0x84, 0x7e, 0x84,
    0x7e, 0x84, 0x7e, 0x84, 0x5d, 0x84, 0x1d, 0x7c, 0x3e, 0xa5, 0x9e, 0xd6, 0xdf, 0xff, 0xff, 0xff,
    0xff, 0xff, 0xff, 0xff, 0xff, 0xff, 0xff, 0xff, 0xff, 0xff, 0xff, 0xff, 0xff, 0xff, 0xff, 0xff,
    0xff, 0xff, 0xff, 0xff, 0xff, 0xde, 0x9e, 0xad, 0x3d, 0x84, 0x3d, 0x7c, 0x7d, 0x8c, 0x7e, 0x84,
    0x7e, 0x8c, 0x7e, 0x8c, 0x7e, 0x8c, 0x7e, 0x8c, 0x9e, 0x8c, 0x9e, 0x8c, 0x9f, 0x8c, 0x9f, 0x8c,
    0x9f, 0x8c, 0x9f, 0x8c, 0x9f, 0x8c, 0x9f, 0x8c, 0x9f, 0x8c, 0x9f, 0x8c, 0x9f, 0x94, 0x9f, 0x94,
    0x9f, 0x94, 0x9f, 0x94, 0x9f, 0x94, 0x9f, 0x94, 0x9f, 0x94, 0x9f, 0x94, 0x9f, 0x94, 0x9f, 0x94,
    0x9f, 0x94, 0x9f, 0x94, 0x9f, 0x94, 0x9f, 0x94, 0x9f, 0x94, 0x9f, 0x94, 0x9f, 0x94, 0x9f, 0x94,
    0x9f, 0x94, 0x9f, 0x94, 0x9f, 0x94, 0x9f, 0x94, 0x9f, 0x94, 0x9f, 0x94, 0x9f, 0x94, 0x9f, 0x94,
    0x9f, 0x94, 0x7f, 0x94, 0x7f, 0x94, 0x7f, 0x94, 0x7f, 0x94, 0x7f, 0x94, 0x7f, 0x94, 0x7f, 0x94,
    0x7f, 0x94, 0x7f, 0x94, 0x7f, 0x94, 0x7f, 0x94, 0x7f, 0x94, 0x7f, 0x94, 0x7f, 0x94, 0x7f, 0x94,
    0x7f, 0x94, 0x7f, 0x94, 0x7f, 0x94, 0x5f, 0x94, 0x5e, 0x94, 0x5e, 0x94, 0x5e, 0x94, 0x5e, 0x94,
    0x5e, 0x94, 0x5e, 0x94, 0x5e, 0x94, 0x5e, 0x94, 0x5e, 0x94, 0x5e, 0x94, 0x3e, 0x94, 0x3e, 0x94,
    0x3e, 0x94, 0x3e, 0x94, 0x3e, 0x94, 0x3e, 0x94, 0x3e, 0x94, 0x3e, 0x94, 0x3e, 0x94, 0x3e, 0x8c,
    0x1d, 0x8c, 0x1c, 0x8c, 0x1c, 0x8c, 0x1c, 0x8c, 0x1c, 0x8c, 0xfc, 0x8b, 0x3e, 0x94, 0x9a, 0x73,
    0x3c, 0x6c, 0x9e, 0x74, 0x7d, 0x6c, 0x7c, 0x74, 0x9c, 0x74, 0x7d, 0x74, 0x7d, 0x74, 0x9e, 0x74,
    0x9e, 0x74, 0x9f, 0x74, 0xbf, 0x74, 0xbf, 0x74, 0xbf, 0x74, 0xbf, 0x74, 0xbf, 0x74, 0xbf, 0x7c,
    0xbf, 0x7c, 0xbf, 0x7c, 0xbf, 0x7c, 0xbf, 0x7c, 0xbf, 0x7c, 0xbf, 0x7c, 0xbf, 0x7c, 0xbf, 0x7c,
    0xbf, 0x7c, 0xbf, 0x7c, 0xbf, 0x7c, 0xbf, 0x7c, 0xbf, 0x7c, 0xbf, 0x7c, 0xbf, 0x7c, 0xbf, 0x7c,
    0xbf, 0x7c, 0xbf, 0x7c, 0xbf, 0x7c, 0xbf, 0x7c, 0xbf, 0x84, 0xbf, 0x84, 0xbf, 0x84, 0xbf, 0x84,
    0xbf, 0x84, 0xbf, 0x84, 0xbf, 0x84, 0xbf, 0x84, 0xdf, 0x84, 0xdf, 0x84, 0xdf, 0x84, 0xbf, 0x84,
    0xbf, 0x84, 0xdf, 0x84, 0xdf, 0x84, 0xdf, 0x84, 0xdf, 0x84, 0xdf, 0x84, 0xdf, 0x84, 0xdf, 0x84,
    0xbf, 0x84, 0xbf, 0x84, 0xdf, 0x84, 0xdf, 0x84, 0xdf, 0x84, 0xdf, 0x84, 0xdf, 0x84, 0xdf, 0x84,
    0xdf, 0x84, 0xdf, 0x84, 0xbf, 0x84, 0xbf, 0x8c, 0xbf, 0x8c, 0xbf, 0x8c, 0xbf, 0x8c, 0xbf, 0x8c,
    0xbf, 0x8c, 0xbf, 0x8c, 0xbf, 0x8c, 0xbf, 0x8c, 0xbf, 0x8c, 0xbf, 0x8c, 0xbf, 0x8c, 0xbf, 0x8c,
    0xbf, 0x84, 0xbf, 0x84, 0x9e, 0x84, 0x9e, 0x84, 0x9e, 0x84, 0x9e, 0x84, 0x7e, 0x84, 0x7e, 0x84,
    0x7d, 0x84, 0x3d, 0x7c, 0xbd, 0x8c, 0x9e, 0xce, 0xff, 0xff, 0xff, 0xff, 0xff, 0xff, 0xff, 0xff,
    0xff, 0xff, 0xff, 0xff, 0xff, 0xff, 0xff, 0xff, 0xff, 0xff, 0xff, 0xff, 0xff, 0xff, 0xff, 0xff,
    0xff, 0xff, 0xff, 0xff, 0xff, 0xff, 0xff, 0xff, 0x1f, 0xdf, 0x1d, 0x9d, 0x1d, 0x7c, 0x7d, 0x84,
    0x7d, 0x8c, 0x7e, 0x84, 0x7e, 0x8c, 0x7e, 0x8c, 0x7e, 0x8c, 0x9e, 0x8c, 0x9e, 0x8c, 0x9f, 0x8c,
    0x9f, 0x8c, 0x9f, 0x8c, 0x9f, 0x8c, 0x9f, 0x8c, 0x9f, 0x8c, 0x9f, 0x94, 0x9f, 0x94, 0x9f, 0x94,
    0x9f, 0x94, 0x9f, 0x94, 0x9f, 0x94, 0x9f, 0x94, 0x9f, 0x94, 0x9f, 0x94, 0x9f, 0x94, 0x9f, 0x94,
    0x9f, 0x94, 0x9f, 0x94, 0x9f, 0x94, 0x9f, 0x94, 0x9f, 0x94, 0x9f, 0x94, 0x9f, 0x94, 0x9f, 0x94,
    0x9f, 0x94, 0x9f, 0x94, 0x9f, 0x94, 0x9f, 0x94, 0x9f, 0x94, 0x9f, 0x94, 0x9f, 0x94, 0x9f, 0x94,
    0x7f, 0x94, 0x7f, 0x94, 0x7f, 0x94, 0x7f, 0x94, 0x7f, 0x94, 0x7f, 0x94, 0x7f, 0x94, 0x7f, 0x94,
    0x7f, 0x94, 0x7f, 0x94, 0x7f, 0x94, 0x7f, 0x94, 0x7f, 0x94, 0x7f, 0x94, 0x7f, 0x94, 0x7f, 0x94,
    0x7f, 0x94, 0x5f, 0x94, 0x5e, 0x94, 0x5e, 0x94, 0x5e, 0x94, 0x5e, 0x94, 0x5e, 0x94, 0x5e, 0x94,
    0x5e, 0x94, 0x5e, 0x94, 0x5e, 0x94, 0x5e, 0x94, 0x3e, 0x94, 0x3e, 0x94, 0x3e, 0x94, 0x3e, 0x94,
    0x3e, 0x94, 0x3e, 0x94, 0x3e, 0x94, 0x3e, 0x94, 0x3e, 0x94, 0x3e, 0x94, 0x3e, 0x94, 0x3e, 0x8c,
    0x1d, 0x8c, 0x1d, 0x8c, 0x1c, 0x8c, 0x1c, 0x8c, 0x1c, 0x8c, 0xfc, 0x8b, 0x1e, 0x8c, 0xdc, 0x83,
    0x9e, 0x74, 0x7e, 0x6c, 0x7d, 0x6c, 0x7c, 0x74, 0x9c, 0x74, 0x7d, 0x74, 0x7d, 0x74, 0x9e, 0x74,
    0x9e, 0x74, 0x9e, 0x74, 0x9f, 0x74, 0x9f, 0x74, 0x9f, 0x74, 0xbf, 0x74, 0xbf, 0x74, 0xbf, 0x74,
    0xbf, 0x74, 0xbf, 0x74, 0xbf, 0x7c, 0xbf, 0x7c, 0xbf, 0x7c, 0xbf, 0x7c, 0xbf, 0x7c, 0xbf, 0x7c,
    0xbf, 0x7c, 0xbf, 0x7c, 0xbf, 0x7c, 0xbf, 0x7c, 0xbf, 0x7c, 0xbf, 0x7c, 0xbf, 0x7c, 0xbf, 0x7c,
    0xbf, 0x7c, 0xbf, 0x7c, 0xbf, 0x7c, 0xbf, 0x7c, 0xbf, 0x84, 0xbf, 0x84, 0xbf, 0x84, 0xbf, 0x84,
    0xbf, 0x84, 0xbf, 0x84, 0xbf, 0x84, 0xbf, 0x84, 0xbf, 0x84, 0xdf, 0x84, 0xbf, 0x84, 0xbf, 0x84,
    0xbf, 0x84, 0xbf, 0x84, 0xdf, 0x84, 0xdf, 0x84, 0xdf, 0x84, 0xdf, 0x84, 0xdf, 0x84, 0xdf, 0x84,
    0xbf, 0x84, 0xbf, 0x84, 0xbf, 0x84, 0xbf, 0x84, 0xdf, 0x84, 0xdf, 0x84, 0xdf, 0x84, 0xdf, 0x84,
    0xdf, 0x84, 0xbf, 0x84, 0xbf, 0x84, 0xbf, 0x8c, 0xbf, 0x8c, 0xbf, 0x8c, 0xbf, 0x8c, 0xbf, 0x8c,
    0xbf, 0x8c, 0xbf, 0x8c, 0xbf, 0x8c, 0xbf, 0x8c, 0xbf, 0x8c, 0xbf, 0x8c, 0xbf, 0x8c, 0xbf, 0x84,
    0xbf, 0x84, 0x9e, 0x84, 0x9e, 0x84, 0x9e, 0x84, 0x9e, 0x84, 0x7e, 0x84, 0x7e, 0x84, 0x7d, 0x84,
    0x3d, 0x7c, 0x5e, 0xa5, 0x9f, 0xf7, 0xff, 0xff, 0xff, 0xff, 0xff, 0xff, 0xff, 0xff, 0xff, 0xff,
    0xff, 0xff, 0xff, 0xff, 0xff, 0xff, 0xff, 0xff, 0xff, 0xff, 0xff, 0xff, 0xff, 0xff, 0xff, 0xff,
    0xff, 0xff, 0xff, 0xff, 0xff, 0xff, 0xff, 0xff, 0xff, 0xff, 0xff, 0xff, 0xfe, 0xbd, 0x3d, 0x7c,
    0x5d, 0x84, 0x7d, 0x8c, 0x7e, 0x8c, 0x7e, 0x8c, 0x7e, 0x8c, 0x7e, 0x8c, 0x9e, 0x8c, 0x9e, 0x8c,
    0x9f, 0x8c, 0x9f, 0x8c, 0x9f, 0x8c, 0x9f, 0x8c, 0x9f, 0x94, 0x9f, 0x94, 0x9f, 0x94, 0x9f, 0x94,
    0x9f, 0x94, 0x9f, 0x94, 0x9f, 0x94, 0x9f, 0x94, 0x9f, 0x94, 0x9f, 0x94, 0x9f, 0x94, 0x9f, 0x94,
    0x9f, 0x94, 0x9f, 0x94, 0x9f, 0x94, 0x9f, 0x94, 0x9f, 0x94, 0x9f, 0x94, 0x9f, 0x94, 0x9f, 0x94,
    0x9f, 0x94, 0x9f, 0x94, 0x9f, 0x94, 0x9f, 0x94, 0x9f, 0x94, 0x9f, 0x94, 0x9f, 0x94, 0x7f, 0x94,
    0x7f, 0x94, 0x7f, 0x94, 0x7f, 0x94, 0x7f, 0x94, 0x7f, 0x94, 0x7f, 0x94, 0x7f, 0x94, 0x7f, 0x94,
    0x7f, 0x94, 0x7f, 0x94, 0x7f, 0x94, 0x7f, 0x94, 0x7f, 0x94, 0x7f, 0x94, 0x7f, 0x94, 0x5f, 0x94,
    0x5e, 0x94, 0x5e, 0x94, 0x5e, 0x94, 0x5e, 0x94, 0x5e, 0x94, 0x5e, 0x94, 0x5e, 0x94, 0x5e, 0x94,
    0x5e, 0x94, 0x5e, 0x94, 0x5e, 0x94, 0x3e, 0x94, 0x3e, 0x94, 0x3e, 0x94, 0x3e, 0x94, 0x3e, 0x94,
    0x3e, 0x94, 0x3e, 0x94, 0x3e, 0x8c, 0x3e, 0x94, 0x3e, 0x94, 0x3e, 0x8c, 0x3e, 0x94, 0x1e, 0x8c,
    0x1d, 0x8c, 0xfd, 0x8b, 0x1c, 0x8c, 0x1c, 0x8c, 0x1c, 0x8c, 0xfc, 0x8b, 0xfd, 0x8b, 0x1e, 0x94,
    0x9e, 0x74, 0x7d, 0x6c, 0x7d, 0x6c, 0x7c, 0x74, 0x7c, 0x74, 0x7d, 0x74, 0x7d, 0x74, 0x7e, 0x74,
    0x9e, 0x74, 0x9e, 0x74, 0x9e, 0x74, 0x9e, 0x74, 0x9e, 0x74, 0x9e, 0x74, 0x9f, 0x74, 0x9f, 0x74,
    0x9f, 0x74, 0x9f, 0x74, 0x9f, 0x7c, 0x9f, 0x7c, 0xbf, 0x7c, 0xbf, 0x7c, 0xbf, 0x7c, 0xbf, 0x7c,
    0xbf, 0x7c, 0xbf, 0x7c, 0xbf, 0x7c, 0xbf, 0x7c, 0xbf, 0x7c, 0xbf, 0x7c, 0xbf, 0x7c, 0xbf, 0x7c,
    0xbf, 0x7c, 0xbf, 0x7c, 0xbf, 0x7c, 0xbf, 0x7c, 0xbf, 0x7c, 0xbf, 0x7c, 0xbf, 0x7c, 0xbf, 0x84,
    0xbf, 0x84, 0xbf, 0x84, 0xbf, 0x84, 0xbf, 0x84, 0xbf, 0x84, 0xbf, 0x84, 0xbf, 0x84, 0xbf, 0x84,
    0xbf, 0x84, 0xbf, 0x84, 0xbf, 0x84, 0xbf, 0x84, 0xbf, 0x84, 0xdf, 0x84, 0xbf, 0x84, 0xbf, 0x84,
    0xbf, 0x84, 0xbf, 0x84, 0xbf, 0x84, 0xbf, 0x84, 0xbf, 0x84, 0xbf, 0x84, 0xdf, 0x84, 0xdf, 0x84,
    0xbf, 0x84, 0xbf, 0x84, 0xbf, 0x84, 0xbf, 0x84, 0xbf, 0x8c, 0xbf, 0x8c, 0xbf, 0x8c, 0xbf, 0x8c,
    0xbf, 0x8c, 0xbf, 0x8c, 0xbf, 0x8c, 0xbf, 0x8c, 0xbf, 0x8c, 0xbf, 0x8c, 0xbf, 0x8c, 0xbf, 0x84,
    0x9e, 0x84, 0x9e, 0x84, 0x9e, 0x84, 0x9e, 0x84, 0x7e, 0x84, 0x7d, 0x84, 0x7d, 0x84, 0x1d, 0x74,
    0xbe, 0xb5, 0xff, 0xff, 0xff, 0xff, 0xff, 0xff, 0xff, 0xff, 0xff, 0xff, 0xff, 0xff, 0xff, 0xff,
    0xff, 0xff, 0xff, 0xff, 0xff, 0xff, 0xff, 0xff, 0xff, 0xff, 0xff, 0xff, 0xff, 0xff, 0xff, 0xff,
    0xff, 0xff, 0xff, 0xff, 0xff, 0xff, 0xff, 0xff, 0xff, 0xff, 0xff, 0xff, 0xff, 0xff, 0x7e, 0xce,
    0x1d, 0x7c, 0x5d, 0x84, 0x7d, 0x8c, 0x7e, 0x8c, 0x7e, 0x8c, 0x7e, 0x8c, 0x7e, 0x8c, 0x9e, 0x8c,
    0x9e, 0x8c, 0x9f, 0x8c, 0x9f, 0x8c, 0x9f, 0x8c, 0x9f, 0x94, 0x9f, 0x94, 0x9f, 0x94, 0x9f, 0x94,
    0x9f, 0x94, 0x9f, 0x94, 0x9f, 0x94, 0x9f, 0x94, 0x9f, 0x94, 0x9f, 0x94, 0x9f, 0x94, 0x9f, 0x94,
    0x9f, 0x94, 0x9f, 0x94, 0x9f, 0x94, 0x9f, 0x94, 0x9f, 0x94, 0x9f, 0x94, 0x9f, 0x94, 0x9f, 0x94,
    0x9f, 0x94, 0x9f, 0x94, 0x9f, 0x94, 0x9f, 0x94, 0x9f, 0x94, 0x9f, 0x94, 0x7f, 0x94, 0x7f, 0x94,
    0x7f, 0x94, 0x7f, 0x94, 0x7f, 0x94, 0x7f, 0x94, 0x7f, 0x94, 0x7f, 0x94, 0x7f, 0x94, 0x7f, 0x94,
    0x7f, 0x94, 0x7f, 0x94, 0x7f, 0x94, 0x7f, 0x94, 0x7f, 0x94, 0x7f, 0x94, 0x5e, 0x94, 0x5e, 0x94,
    0x5e, 0x94, 0x5e, 0x94, 0x5e, 0x94, 0x5e, 0x94, 0x5e, 0x94, 0x5e, 0x94, 0x5e, 0x94, 0x5e, 0x94,
    0x5e, 0x94, 0x5e, 0x94, 0x3e, 0x94, 0x3e, 0x8c, 0x3e, 0x8c, 0x3e, 0x94, 0x3e, 0x94, 0x3e, 0x8c,
    0x3e, 0x8c, 0x3e, 0x8c, 0x3e, 0x8c, 0x3e, 0x8c, 0x1e, 0x8c, 0x1e, 0x8c, 0x1e, 0x8c, 0x1e, 0x8c,
    0x1d, 0x8c, 0xfd, 0x8b, 0xfc, 0x8b, 0x1c, 0x8c, 0x1c, 0x8c, 0xfc, 0x8b, 0xfd, 0x8b, 0xfe, 0x8b,
    0x7e, 0x6c, 0x7d, 0x6c, 0x7d, 0x6c, 0x7c, 0x74, 0x7c, 0x74, 0x7c, 0x74, 0x7d, 0x6c, 0x7e, 0x74,
    0x9e, 0x74, 0x9e, 0x74, 0x9e, 0x74, 0x9e, 0x74, 0x9e, 0x74, 0x9e, 0x74, 0x9e, 0x74, 0x9e, 0x74,
    0x9e, 0x74, 0x9f, 0x7c, 0x9f, 0x7c, 0x9f, 0x7c, 0x9f, 0x7c, 0x9f, 0x7c, 0x9f, 0x7c, 0xbf, 0x7c,
    0xbf, 0x7c, 0x9f, 0x7c, 0xbf, 0x7c, 0xbf, 0x7c, 0xbf, 0x7c, 0xbf, 0x7c, 0xbf, 0x7c, 0xbf, 0x7c,
    0xbf, 0x7c, 0xbf, 0x7c, 0xbf, 0x7c, 0xbf, 0x7c, 0xbf, 0x7c, 0xbf, 0x7c, 0xbf, 0x84, 0xbf, 0x84,
    0xbf, 0x84, 0xbf, 0x84, 0xbf, 0x84, 0xbf, 0x84, 0xbf, 0x84, 0xbf, 0x84, 0xbf, 0x84, 0xbf, 0x84,
    0xbf, 0x84, 0xbf, 0x84, 0xbf, 0x84, 0xbf, 0x84, 0xbf, 0x84, 0xbf, 0x84, 0xbf, 0x84, 0xbf, 0x84,
    0xbf, 0x84, 0xbf, 0x84, 0xbf, 0x84, 0xbf, 0x84, 0xbf, 0x84, 0xbf, 0x84, 0xbf, 0x84, 0xbf, 0x84,
    0xbf, 0x84, 0xbf, 0x84, 0xbf, 0x84, 0xbf, 0x84, 0xbf, 0x84, 0xbf, 0x8c, 0xbf, 0x8c, 0xbf, 0x8c,
    0xbf, 0x8c, 0xbf, 0x8c, 0xbf, 0x8c, 0xbf, 0x8c, 0xbf, 0x8c, 0xbf, 0x8c, 0xbf, 0x84, 0xbf, 0x84,
    0x9e, 0x84, 0x9e, 0x84, 0x9e, 0x84, 0x7e, 0x84, 0x7d, 0x84, 0x7d, 0x84, 0x1d, 0x7c, 0xbe, 0xb5,
    0xff, 0xff, 0xff, 0xff, 0xff, 0xff, 0xff, 0xff, 0xff, 0xff, 0xff, 0xff, 0xff, 0xff, 0xff, 0xff,
    0xff, 0xff, 0xff, 0xff, 0xff, 0xff, 0xff, 0xff, 0xff, 0xff, 0xff, 0xff, 0xff, 0xff, 0xff, 0xff,
    0xff, 0xff, 0xff, 0xff, 0xff, 0xff, 0xff, 0xff, 0xff, 0xff, 0xff, 0xff, 0xff, 0xff, 0xff, 0xff,
    0x9e, 0xce, 0x1d, 0x7c, 0x5d, 0x84, 0x5d, 0x84, 0x7e, 0x8c, 0x7e, 0x8c, 0x7e, 0x8c, 0x9e, 0x8c,
    0x9e, 0x8c, 0x9e, 0x8c, 0x9f, 0x8c, 0x9f, 0x8c, 0x9f, 0x8c, 0x9f, 0x94, 0x9f, 0x94, 0x9f, 0x94,
    0x9f, 0x94, 0x9f, 0x94, 0x9f, 0x94, 0x9f, 0x94, 0x9f, 0x94, 0x9f, 0x94, 0x9f, 0x94, 0x9f, 0x94,
    0x9f, 0x94, 0x9f, 0x94, 0x9f, 0x94, 0x9f, 0x94, 0x9f, 0x94, 0x9f, 0x94, 0x9f, 0x94, 0x9f, 0x94,
    0x9f, 0x94, 0x9f, 0x94, 0x9f, 0x94, 0x9f, 0x94, 0x9f, 0x94, 0x7f, 0x94, 0x7f, 0x94, 0x7f, 0x94,
    0x7f, 0x94, 0x7f, 0x94, 0x7f, 0x94, 0x7f, 0x94, 0x7f, 0x94, 0x7f, 0x94, 0x7f, 0x94, 0x7f, 0x94,
    0x7f, 0x94, 0x7f, 0x94, 0x7f, 0x94, 0x7f, 0x94, 0x5e, 0x94, 0x5e, 0x94, 0x5e, 0x94, 0x5e, 0x94,
    0x5e, 0x94, 0x5e, 0x94, 0x5e, 0x94, 0x5e, 0x94, 0x5e, 0x94, 0x5e, 0x94, 0x5e, 0x94, 0x5e, 0x94,
    0x5e, 0x94, 0x3e, 0x8c, 0x3e, 0x8c, 0x3e, 0x8c, 0x3e, 0x8c, 0x3e, 0x8c, 0x3e, 0x8c, 0x3e, 0x8c,
    0x3e, 0x8c, 0x3e, 0x8c, 0x3e, 0x8c, 0x1e, 0x8c, 0x1e, 0x8c, 0x1e, 0x8c, 0x1e, 0x8c, 0x1e, 0x8c,
    0x1d, 0x8c, 0xfd, 0x8b, 0xfc, 0x8b, 0x1c, 0x8c, 0xfc, 0x8b, 0xfc, 0x8b, 0xfd, 0x8b, 0xfe, 0x8b,
    0x7e, 0x6c, 0x7d, 0x6c, 0x5c, 0x6c, 0x7c, 0x74, 0x7c, 0x74, 0x5d, 0x6c, 0x5d, 0x6c, 0x7e, 0x74,
    0x9e, 0x74, 0x9e, 0x74, 0x9e, 0x74, 0x9e, 0x74, 0x9e, 0x74, 0x9e, 0x74, 0x9e, 0x74, 0x9e, 0x74,
    0x9e, 0x74, 0x9e, 0x74, 0x9e, 0x74, 0x9f, 0x74, 0x9f, 0x7c, 0x9f, 0x7c, 0x9f, 0x7c, 0x9f, 0x7c,
    0x9f, 0x7c, 0x9f, 0x7c, 0x9f, 0x7c, 0xbf, 0x7c, 0xbf, 0x7c, 0xbf, 0x7c, 0xbf, 0x7c, 0xbf, 0x7c,
    0xbf, 0x7c, 0xbf, 0x7c, 0xbf, 0x7c, 0xbf, 0x7c, 0xbf, 0x7c, 0xbf, 0x7c, 0xbf, 0x7c, 0xbf, 0x7c,
    0xbf, 0x84, 0xbf, 0x84, 0xbf, 0x84, 0xbf, 0x84, 0xbf, 0x84, 0xbf, 0x84, 0xbf, 0x84, 0xbf, 0x84,
    0xbf, 0x84, 0xbf, 0x84, 0xbf, 0x84, 0xbf, 0x84, 0xbf, 0x84, 0xbf, 0x84, 0xbf, 0x84, 0xbf, 0x84,
    0xbf, 0x84, 0xbf, 0x84, 0xbf, 0x84, 0xbf, 0x84, 0xbf, 0x84, 0xbf, 0x84, 0xbf, 0x84, 0xbf, 0x84,
    0xbf, 0x84, 0xbf, 0x84, 0xbf, 0x84, 0xbf, 0x84, 0xbf, 0x8c, 0xbf, 0x8c, 0xbf, 0x8c, 0xbf, 0x8c,
    0xbf, 0x8c, 0xbf, 0x8c, 0xbf, 0x8c, 0xbf, 0x8c, 0xbf, 0x8c, 0xbf, 0x8c, 0xbf, 0x84, 0x9e, 0x84,
    0x9e, 0x84, 0x9e, 0x84, 0x7e, 0x84, 0x7d, 0x84, 0x7d, 0x84, 0x1d, 0x7c, 0x5d, 0xa5, 0xff, 0xff,
    0xff, 0xff, 0xff, 0xff, 0xff, 0xff, 0xff, 0xff, 0xff, 0xff, 0xff, 0xff, 0xff, 0xff, 0xff, 0xff,
    0xff, 0xff, 0xff, 0xff, 0xff, 0xff, 0xff, 0xff, 0xff, 0xff, 0xff, 0xff, 0xff, 0xff, 0xff, 0xff,
    0xff, 0xff, 0xff, 0xff, 0xff, 0xff, 0xff, 0xff, 0xff, 0xff, 0xff, 0xff, 0xff, 0xff, 0xff, 0xff,
    0xff, 0xff, 0x1e, 0xc6, 0xfc, 0x7b, 0x5d, 0x84, 0x5d, 0x84, 0x7e, 0x8c, 0x7e, 0x8c, 0x7e, 0x8c,
    0x7e, 0x8c, 0x9e, 0x8c, 0x9f, 0x8c, 0x9f, 0x8c, 0x9f, 0x8c, 0x9f, 0x94, 0x9f, 0x94, 0x9f, 0x94,
    0x9f, 0x94, 0x9f, 0x94, 0x9f, 0x94, 0x9f, 0x94, 0x9f, 0x94, 0x9f, 0x94, 0x9f, 0x94, 0x9f, 0x94,
    0x9f, 0x94, 0x9f, 0x94, 0x9f, 0x94, 0x9f, 0x94, 0x9f, 0x94, 0x9f, 0x94, 0x9f, 0x94, 0x9f, 0x94,
    0x9f, 0x94, 0x9f, 0x94, 0x9f, 0x94, 0x9f, 0x94, 0x7f, 0x94, 0x7f, 0x94, 0x7f, 0x94, 0x7f, 0x94,
    0x7f, 0x94, 0x7f, 0x94, 0x7f, 0x94, 0x7f, 0x94, 0x7f, 0x94, 0x7f, 0x94, 0x7f, 0x94, 0x7f, 0x94,
    0x7f, 0x94, 0x7f, 0x94, 0x5e, 0x94, 0x5e, 0x94, 0x5e, 0x94, 0x5e, 0x94, 0x5e, 0x94, 0x5e, 0x94,
    0x5e, 0x94, 0x5e, 0x94, 0x5e, 0x94, 0x5e, 0x94, 0x5e, 0x94, 0x5e, 0x94, 0x5e, 0x94, 0x3e, 0x8c,
    0x3e, 0x8c, 0x3e, 0x8c, 0x3e, 0x8c, 0x3e, 0x8c, 0x3e, 0x8c, 0x3e, 0x8c, 0x3e, 0x8c, 0x3e, 0x8c,
    0x3e, 0x8c, 0x1e, 0x8c, 0x1e, 0x8c, 0x1e, 0x8c, 0x1e, 0x8c, 0x1e, 0x8c, 0x1e, 0x8c, 0x1e, 0x8c,
    0x1d, 0x8c, 0xfd, 0x8b, 0xfc, 0x8b, 0xfc, 0x8b, 0xfc, 0x8b, 0xfc, 0x8b, 0xfd, 0x8b, 0xfd, 0x8b,
    0x7e, 0x6c, 0x5d, 0x6c, 0x5c, 0x6c, 0x7c, 0x74, 0x7c, 0x74, 0x5c, 0x6c, 0x5d, 0x6c, 0x7e, 0x74,
    0x7e, 0x74, 0x9e, 0x74, 0x9e, 0x74, 0x9e, 0x74, 0x9e, 0x74, 0x9e, 0x74, 0x9e, 0x74, 0x9e, 0x74,
    0x9e, 0x74, 0x9e, 0x74, 0x9e, 0x74, 0x9e, 0x74, 0x9e, 0x74, 0x9f, 0x7c, 0x9f, 0x7c, 0x9f, 0x7c,
    0x9f, 0x7c, 0x9f, 0x7c, 0x9f, 0x7c, 0x9f, 0x7c, 0x9f, 0x7c, 0x9f, 0x7c, 0xbf, 0x7c, 0xbf, 0x7c,
    0xbf, 0x7c, 0xbf, 0x7c, 0xbf, 0x7c, 0xbf, 0x7c, 0xbf, 0x7c, 0xbf, 0x7c, 0xbf, 0x7c, 0xbf, 0x7c,
    0xbf, 0x7c, 0xbf, 0x84, 0xbf, 0x84, 0xbf, 0x84, 0xbf, 0x84, 0xbf, 0x84, 0xbf, 0x84, 0xbf, 0x84,
    0xbf, 0x84, 0xbf, 0x84, 0xbf, 0x84, 0xbf, 0x84, 0xbf, 0x84, 0xbf, 0x84, 0xbf, 0x84, 0xbf, 0x84,
    0xbf, 0x84, 0xbf, 0x84, 0xbf, 0x84, 0xbf, 0x84, 0xbf, 0x84, 0xbf, 0x84, 0xbf, 0x84, 0xbf, 0x84,
    0xbf, 0x84, 0xbf, 0x84, 0xbf, 0x84, 0xbf, 0x84, 0xbf, 0x8c, 0xbf, 0x8c, 0xbf, 0x8c, 0xbf, 0x8c,
    0xbf, 0x8c, 0xbf, 0x8c, 0xbf, 0x8c, 0xbf, 0x8c, 0xbf, 0x8c, 0xbf, 0x84, 0xbe, 0x84, 0x9e, 0x84,
    0x9e, 0x84, 0x7e, 0x84, 0x7e, 0x84, 0x7d, 0x84, 0x5d, 0x7c, 0x9d, 0x8c, 0xbf, 0xf7, 0xff, 0xff,
    0xff, 0xff, 0xff, 0xff, 0xff, 0xff, 0xff, 0xff, 0xff, 0xff, 0xff, 0xff, 0xff, 0xff, 0xff, 0xff,
    0xff, 0xff, 0xff, 0xff, 0xff, 0xff, 0xff, 0xff, 0xff, 0xff, 0xff, 0xff, 0xff, 0xff, 0xff, 0xff,
    0xff, 0xff, 0xff, 0xff, 0xff, 0xff, 0xff, 0xff, 0xff, 0xff, 0xff, 0xff, 0xff, 0xff, 0xff, 0xff,
    0xff, 0xff, 0xff, 0xff, 0x3d, 0xa5, 0x1d, 0x7c, 0x5d, 0x8c, 0x5d, 0x84, 0x7e, 0x8c, 0x7e, 0x8c,
    0x7e, 0x8c, 0x9e, 0x8c, 0x9e, 0x8c, 0x9f, 0x8c, 0x9f, 0x8c, 0x9f, 0x8c, 0x9f, 0x94, 0x9f, 0x94,
    0x9f, 0x94, 0x9f, 0x94, 0x9f, 0x94, 0x9f, 0x94, 0x9f, 0x94, 0x9f, 0x94, 0x9f, 0x94, 0x9f, 0x94,
    0x9f, 0x94, 0x9f, 0x94, 0x9f, 0x94, 0x9f, 0x94, 0x9f, 0x94, 0x9f, 0x94, 0x9f, 0x94, 0x9f, 0x94,
    0x9f, 0x94, 0x9f, 0x94, 0x9f, 0x94, 0x7f, 0x94, 0x7f, 0x94, 0x7f, 0x94, 0x7f, 0x94, 0x7f, 0x94,
    0x7f, 0x94, 0x7f, 0x94, 0x7f, 0x94, 0x7f, 0x94, 0x7f, 0x94, 0x7f, 0x94, 0x7f, 0x94, 0x7f, 0x94,
    0x5f, 0x94, 0x5e, 0x94, 0x5e, 0x94, 0x5e, 0x94, 0x5e, 0x94, 0x5e, 0x94, 0x5e, 0x94, 0x5e, 0x94,
    0x5e, 0x94, 0x5e, 0x94, 0x5e, 0x94, 0x5e, 0x94, 0x5e, 0x8c, 0x3e, 0x8c, 0x3e, 0x8c, 0x3e, 0x8c,
    0x3e, 0x8c, 0x3e, 0x8c, 0x3e, 0x8c, 0x3e, 0x8c, 0x3e, 0x8c, 0x3e, 0x8c, 0x3e, 0x8c, 0x1e, 0x8c,
    0x1e, 0x8c, 0x1e, 0x8c, 0x1e, 0x8c, 0x1e, 0x8c, 0x1e, 0x8c, 0x1e, 0x8c, 0x1e, 0x8c, 0x1e, 0x8c,
    0xfd, 0x8b, 0xfd, 0x8b, 0xfc, 0x8b, 0xfc, 0x8b, 0xfc, 0x8b, 0xdc, 0x8b, 0xdd, 0x8b, 0xfd, 0x8b,
    0x7e, 0x6c, 0x5d, 0x6c, 0x5c, 0x6c, 0x5c, 0x74, 0x5c, 0x74, 0x5c, 0x6c, 0x5d, 0x6c, 0x7e, 0x6c,
    0x7e, 0x74, 0x7e, 0x74, 0x7e, 0x74, 0x7e, 0x74, 0x7e, 0x74, 0x7e, 0x74, 0x9e, 0x74, 0x9e, 0x74,
    0x9e, 0x74, 0x9e, 0x74, 0x9e, 0x74, 0x9e, 0x74, 0x9e, 0x74, 0x9e, 0x74, 0x9e, 0x74, 0x9e, 0x74,
    0x9f, 0x7c, 0x9f, 0x7c, 0x9e, 0x7c, 0x9e, 0x7c, 0x9f, 0x7c, 0x9f, 0x7c, 0x9f, 0x7c, 0x9f, 0x7c,
    0x9f, 0x7c, 0xbf, 0x7c, 0xbf, 0x7c, 0xbf, 0x7c, 0xbf, 0x7c, 0xbf, 0x7c, 0xbf, 0x7c, 0xbf, 0x7c,
    0xbf, 0x84, 0xbf, 0x84, 0xbf, 0x84, 0xbf, 0x84, 0xbf, 0x84, 0xbf, 0x84, 0xbf, 0x84, 0xbf, 0x84,
    0xbf, 0x84, 0xbf, 0x84, 0xbf, 0x84, 0xbf, 0x84, 0xbf, 0x84, 0xbf, 0x84, 0xbf, 0x84, 0xbf, 0x84,
    0xbf, 0x84, 0xbf, 0x84, 0xbf, 0x84, 0xbf, 0x84, 0xbf, 0x84, 0xbf, 0x84, 0xbf, 0x84, 0xbf, 0x84,
    0xbf, 0x84, 0xbf, 0x84, 0xbf, 0x84, 0xbf, 0x84, 0xbf, 0x84, 0xbf, 0x84, 0xbf, 0x84, 0xbf, 0x8c,
    0xbf, 0x8c, 0xbf, 0x8c, 0xbf, 0x8c, 0xbf, 0x8c, 0xbf, 0x84, 0x9f, 0x84, 0x9e, 0x84, 0x9e, 0x84,
    0x9e, 0x84, 0x7e, 0x84, 0x7d, 0x84, 0x7d, 0x84, 0x1c, 0x74, 0x9e, 0xd6, 0xff, 0xff, 0xff, 0xff,
    0xff, 0xff, 0xff, 0xff, 0xff, 0xff, 0xff, 0xff, 0xff, 0xff, 0xff, 0xff, 0xff, 0xff, 0xff, 0xff,
    0xff, 0xff, 0xff, 0xff, 0xff, 0xff, 0xff, 0xff, 0xff, 0xff, 0xff, 0xff, 0xff, 0xff, 0xff, 0xff,
    0xff, 0xff, 0xff, 0xff, 0xff, 0xff, 0xff, 0xff, 0xff, 0xff, 0xff, 0xff, 0xff, 0xff, 0xff, 0xff,
    0xff, 0xff, 0xff, 0xff, 0x7f, 0xef, 0x3c, 0x84, 0x5d, 0x84, 0x5d, 0x84, 0x5d, 0x8c, 0x7e, 0x8c,
    0x7e, 0x8c, 0x7e, 0x8c, 0x9e, 0x8c, 0x9f, 0x8c, 0x9f, 0x8c, 0x9f, 0x8c, 0x9f, 0x94, 0x9f, 0x94,
    0x9f, 0x94, 0x9f, 0x94, 0x9f, 0x94, 0x9f, 0x94, 0x9f, 0x94, 0x9f, 0x94, 0x9f, 0x94, 0x9f, 0x94,
    0x9f, 0x94, 0x9f, 0x94, 0x9f, 0x94, 0x9f, 0x94, 0x9f, 0x94, 0x9f, 0x94, 0x9f, 0x94, 0x9f, 0x94,
    0x9f, 0x94, 0x7f, 0x94, 0x7f, 0x94, 0x7f, 0x94, 0x7f, 0x94, 0x7f, 0x94, 0x7f, 0x94, 0x7f, 0x94,
    0x7f, 0x94, 0x7f, 0x94, 0x7f, 0x94, 0x7f, 0x94, 0x7f, 0x94, 0x7f, 0x94, 0x7f, 0x94, 0x5e, 0x94,
    0x5e, 0x94, 0x5e, 0x94, 0x5e, 0x94, 0x5e, 0x94, 0x5e, 0x94, 0x5e, 0x94, 0x5e, 0x94, 0x5e, 0x94,
    0x5e, 0x94, 0x5e, 0x94, 0x5e, 0x8c, 0x3e, 0x8c, 0x3e, 0x8c, 0x3e, 0x8c, 0x3e, 0x8c, 0x3e, 0x8c,
    0x3e, 0x8c, 0x3e, 0x8c, 0x3e, 0x8c, 0x3e, 0x8c, 0x3e, 0x8c, 0x1e, 0x8c, 0x1e, 0x8c, 0x1e, 0x8c,
    0x1e, 0x8c, 0x1e, 0x8c, 0x1e, 0x8c, 0x1e, 0x8c, 0x1e, 0x8c, 0x1e, 0x8c, 0x1e, 0x8c, 0x1e, 0x8c,
    0xfd, 0x8b, 0xdd, 0x8b, 0xdc, 0x8b, 0xfc, 0x8b, 0xfc, 0x8b, 0xdc, 0x83, 0xdd, 0x8b, 0xfd, 0x8b,
    0x7e, 0x6c, 0x5d, 0x6c, 0x5c, 0x6c, 0x5c, 0x74, 0x5c, 0x74, 0x5c, 0x6c, 0x5d, 0x6c, 0x7e, 0x6c,
    0x7e, 0x74, 0x7e, 0x74, 0x7e, 0x74, 0x7e, 0x74, 0x7e, 0x74, 0x7e, 0x74, 0x7e, 0x74, 0x7e, 0x74,
    0x7e, 0x74, 0x7e, 0x74, 0x9e, 0x74, 0x9e, 0x74, 0x9e, 0x74, 0x9e, 0x74, 0x9e, 0x74, 0x9e, 0x74,
    0x9e, 0x7c, 0x9e, 0x7c, 0x9e, 0x7c, 0x9e, 0x7c, 0x9e, 0x7c, 0x9e, 0x7c, 0x9f, 0x7c, 0x9f, 0x7c,
    0x9f, 0x7c, 0x9f, 0x7c, 0x9f, 0x7c, 0xbf, 0x7c, 0xbf, 0x7c, 0xbf, 0x7c, 0xbf, 0x7c, 0xbf, 0x7c,
    0xbf, 0x84, 0xbf, 0x84, 0xbf, 0x84, 0xbf, 0x84, 0xbf, 0x84, 0xbf, 0x84, 0xbf, 0x84, 0xbf, 0x84,
    0xbf, 0x84, 0xbf, 0x84, 0xbf, 0x84, 0xbf, 0x84, 0xbf, 0x84, 0xbf, 0x84, 0xbf, 0x84, 0xbf, 0x84,
    0xbf, 0x84, 0xbf, 0x84, 0xbf, 0x84, 0xbf, 0x84, 0xbf, 0x84, 0xbf, 0x84, 0xbf, 0x84, 0xbf, 0x84,
    0xbf, 0x84, 0xbf, 0x84, 0xbf, 0x84, 0xbf, 0x84, 0xbf, 0x84, 0xbf, 0x84, 0xbf, 0x84, 0xbf, 0x8c,
    0xbf, 0x8c, 0xbf, 0x8c, 0xbf, 0x84, 0xbf, 0x84, 0xbf, 0x84, 0x9e, 0x84, 0x9e, 0x84, 0x9e, 0x84,
    0x7e, 0x84, 0x7d, 0x84, 0x7d, 0x84, 0x3d, 0x7c, 0x3d, 0x9d, 0xff, 0xff, 0xff, 0xff, 0xff, 0xff,
    0xff, 0xff, 0xff, 0xff, 0xff, 0xff, 0xff, 0xff, 0xff, 0xff, 0xff, 0xff, 0xff, 0xff, 0xff, 0xff,
    0xff, 0xff, 0xff, 0xff, 0xff, 0xff, 0xff, 0xff, 0xff, 0xff, 0xff, 0xff, 0xff, 0xff, 0xff, 0xff,
    0xff, 0xff, 0xff, 0xff, 0xff, 0xff, 0xff, 0xff, 0xff, 0xff, 0xff, 0xff, 0xff, 0xff, 0xff, 0xff,
    0xff, 0xff, 0xff, 0xff, 0xff, 0xff, 0x1e, 0xbe, 0xfc, 0x7b, 0x5d, 0x8c, 0x5d, 0x8c, 0x7e, 0x8c,
    0x7e, 0x8c, 0x7e, 0x8c, 0x7e, 0x8c, 0x9e, 0x8c, 0x9f, 0x8c, 0x9f, 0x8c, 0x9f, 0x8c, 0x9f, 0x94,
    0x9f, 0x94, 0x9f, 0x94, 0x9f, 0x94, 0x9f, 0x94, 0x9f, 0x94, 0x9f, 0x94, 0x9f, 0x94, 0x9f, 0x94,
    0x9f, 0x94, 0x9f, 0x94, 0x9f, 0x94, 0x9f, 0x94, 0x9f, 0x94, 0x9f, 0x94, 0x9f, 0x94, 0x9f, 0x94,
    0x7f, 0x94, 0x7f, 0x94, 0x7f, 0x94, 0x7f, 0x94, 0x7f, 0x94, 0x7f, 0x94, 0x7f, 0x94, 0x7f, 0x94,
    0x7f, 0x94, 0x7f, 0x94, 0x7f, 0x94, 0x7f, 0x94, 0x7f, 0x94, 0x5e, 0x94, 0x5e, 0x94, 0x5e, 0x94,
    0x5e, 0x94, 0x5e, 0x94, 0x5e, 0x94, 0x5e, 0x94, 0x5e, 0x8c, 0x5e, 0x8c, 0x5e, 0x94, 0x5e, 0x94,
    0x5e, 0x8c, 0x3e, 0x8c, 0x3e, 0x8c, 0x3e, 0x8c, 0x3e, 0x8c, 0x3e, 0x8c, 0x3e, 0x8c, 0x3e, 0x8c,
    0x3e, 0x8c, 0x3e, 0x8c, 0x3e, 0x8c, 0x1e, 0x8c, 0x1e, 0x8c, 0x1e, 0x8c, 0x1e, 0x8c, 0x1e, 0x8c,
    0x1e, 0x8c, 0x1e, 0x8c, 0x1e, 0x8c, 0x1e, 0x8c, 0x1e, 0x8c, 0x1e, 0x8c, 0x1e, 0x8c, 0xfe, 0x8b,
    0xfd, 0x8b, 0xdd, 0x83, 0xdc, 0x83, 0xfc, 0x8b, 0xfc, 0x8b, 0xdc, 0x83, 0xdc, 0x83, 0xdd, 0x8b,
    0x5e, 0x6c, 0x3d, 0x6c, 0x3c, 0x6c, 0x5c, 0x6c, 0x5c, 0x6c, 0x5c, 0x6c, 0x5d, 0x6c, 0x5e, 0x6c,
    0x7e, 0x74, 0x7e, 0x74, 0x7e, 0x74, 0x7e, 0x74, 0x7e, 0x74, 0x7e, 0x74, 0x7e, 0x74, 0x7e, 0x74,
    0x7e, 0x74, 0x7e, 0x74, 0x7e, 0x74, 0x7e, 0x74, 0x7e, 0x74, 0x7e, 0x74, 0x9e, 0x74, 0x9e, 0x74,
    0x9e, 0x7c, 0x9e, 0x7c, 0x9e, 0x7c, 0x9e, 0x7c, 0x9e, 0x7c, 0x9e, 0x7c, 0x9e, 0x7c, 0x9e, 0x7c,
    0x9f, 0x7c, 0x9f, 0x7c, 0x9f, 0x7c, 0x9f, 0x7c, 0x9f, 0x7c, 0xbf, 0x7c, 0xbf, 0x7c, 0x9f, 0x7c,
    0x9f, 0x7c, 0x9f, 0x7c, 0xbf, 0x7c, 0xbf, 0x84, 0xbf, 0x84, 0xbf, 0x84, 0xbf, 0x84, 0xbf, 0x84,
    0xbf, 0x84, 0xbf, 0x84, 0xbf, 0x84, 0xbf, 0x84, 0xbf, 0x84, 0xbf, 0x84, 0xbf, 0x84, 0xbf, 0x84,
    0xbf, 0x84, 0xbf, 0x84, 0xbf, 0x84, 0xbf, 0x84, 0xbf, 0x84, 0xbf, 0x84, 0xbf, 0x84, 0xbf, 0x84,
    0xbf, 0x84, 0xbf, 0x84, 0xbf, 0x84, 0xbf, 0x84, 0xbf, 0x84, 0xbf, 0x84, 0xbf, 0x8c, 0xbf, 0x8c,
    0xbf, 0x8c, 0xbf, 0x84, 0xbf, 0x84, 0xbf, 0x84, 0x9e, 0x84, 0x9e, 0x84, 0x9e, 0x84, 0x7e, 0x84,
    0x7e, 0x84, 0x7d, 0x84, 0x7d, 0x84, 0x1c, 0x74, 0xbe, 0xd6, 0xff, 0xff, 0xff, 0xff, 0xff, 0xff,
    0xff, 0xff, 0xff, 0xff, 0xff, 0xff, 0xff, 0xff, 0xff, 0xff, 0xff, 0xff, 0xff, 0xff, 0xff, 0xff,
    0xff, 0xff, 0xff, 0xff, 0xff, 0xff, 0xff, 0xff, 0xff, 0xff, 0xff, 0xff, 0xff, 0xff, 0xff, 0xff,
    0xff, 0xff, 0xff, 0xff, 0xff, 0xff, 0xff, 0xff, 0xff, 0xff, 0xff, 0xff, 0xff, 0xff, 0xff, 0xff,
    0xff, 0xff, 0xff, 0xff, 0xff, 0xff, 0x7f, 0xef, 0x3c, 0x84, 0x3d, 0x84, 0x5d, 0x84, 0x5d, 0x8c,
    0x7e, 0x8c, 0x7e, 0x8c, 0x7e, 0x8c, 0x9e, 0x8c, 0x7e, 0x8c, 0x9f, 0x8c, 0x9f, 0x8c, 0x9f, 0x94,
    0x9f, 0x94, 0x9f, 0x94, 0x9f, 0x94, 0x9f, 0x94, 0x9f, 0x94, 0x9f, 0x94, 0x9f, 0x94, 0x9f, 0x94,
    0x9f, 0x94, 0x9f, 0x94, 0x9f, 0x94, 0x9f, 0x94, 0x9f, 0x94, 0x7f, 0x94, 0x7f, 0x94, 0x7f, 0x94,
    0x7f, 0x94, 0x7f, 0x94, 0x7f, 0x94, 0x7f, 0x94, 0x7f, 0x94, 0x7f, 0x94, 0x7f, 0x94, 0x7f, 0x94,
    0x7f, 0x94, 0x7f, 0x94, 0x7f, 0x94, 0x5e, 0x94, 0x5e, 0x94, 0x5e, 0x94, 0x5e, 0x94, 0x5e, 0x94,
    0x5e, 0x94, 0x5e, 0x94, 0x5e, 0x94, 0x5e, 0x8c, 0x5e, 0x8c, 0x5e, 0x94, 0x5e, 0x8c, 0x3e, 0x8c,
    0x3e, 0x8c, 0x3e, 0x8c, 0x3e, 0x8c, 0x3e, 0x8c, 0x3e, 0x8c, 0x3e, 0x8c, 0x3e, 0x8c, 0x3e, 0x8c,
    0x1e, 0x8c, 0x1e, 0x8c, 0x1e, 0x8c, 0x1e, 0x8c, 0x1e, 0x8c, 0x1e, 0x8c, 0x1e, 0x8c, 0x1e, 0x8c,
    0x1e, 0x8c, 0x1e, 0x8c, 0x1e, 0x8c, 0xfe, 0x8b, 0xfe, 0x8b, 0xfe, 0x8b, 0xfe, 0x8b, 0xfe, 0x8b,
    0xfd, 0x8b, 0xdc, 0x83, 0xdc, 0x83, 0xdc, 0x8b, 0xdc, 0x8b, 0xdc, 0x83, 0xdc, 0x83, 0xdd, 0x8b,
    0x5e, 0x6c, 0x3d, 0x6c, 0x3c, 0x6c, 0x5c, 0x6c, 0x5c, 0x6c, 0x3c, 0x6c, 0x3d, 0x6c, 0x5e, 0x6c,
    0x7e, 0x6c, 0x7e, 0x74, 0x7e, 0x74, 0x7e, 0x74, 0x7e, 0x74, 0x7e, 0x74, 0x7e, 0x74, 0x7e, 0x74,
    0x7e, 0x74, 0x7e, 0x74, 0x7e, 0x74, 0x7e, 0x74, 0x7e, 0x74, 0x7e, 0x74, 0x7e, 0x74, 0x7e, 0x74,
    0x9e, 0x74, 0x9e, 0x74, 0x9e, 0x7c, 0x9e, 0x7c, 0x9e, 0x7c, 0x9e, 0x7c, 0x9e, 0x7c, 0x9e, 0x7c,
    0x9e, 0x7c, 0x9e, 0x7c, 0x9f, 0x7c, 0x9f, 0x7c, 0x9f, 0x7c, 0x9f, 0x7c, 0x9f, 0x7c, 0x9f, 0x7c,
    0x9f, 0x7c, 0x9f, 0x7c, 0x9f, 0x7c, 0xbf, 0x84, 0xbf, 0x84, 0xbf, 0x84, 0xbf, 0x84, 0xbf, 0x84,
    0xbf, 0x84, 0xbf, 0x84, 0xbf, 0x84, 0xbf, 0x84, 0xbf, 0x84, 0xbf, 0x84, 0xbf, 0x84, 0xbf, 0x84,
    0xbf, 0x84, 0xbf, 0x84, 0xbf, 0x84, 0xbf, 0x84, 0xbf, 0x84, 0xbf, 0x84, 0xbf, 0x84, 0xbf, 0x84,
    0xbf, 0x84, 0xbf, 0x84, 0xbf, 0x84, 0xbf, 0x84, 0xbf, 0x84, 0xbf, 0x8c, 0xbf, 0x8c, 0xbf, 0x8c,
    0xbf, 0x8c, 0xbf, 0x84, 0xbf, 0x8c, 0xbf, 0x84, 0x9e, 0x84, 0x9e, 0x84, 0x9e, 0x84, 0x7e, 0x84,
    0x7d, 0x84, 0x5d, 0x84, 0x3d, 0x7c, 0x9d, 0x8c, 0xdf, 0xff, 0xff, 0xff, 0xff, 0xff, 0xff, 0xff,
    0xff, 0xff, 0xff, 0xff, 0xff, 0xff, 0xff, 0xff, 0xff, 0xff, 0xff, 0xff, 0xff, 0xff, 0xff, 0xff,
    0xff, 0xff, 0xff, 0xff, 0xff, 0xff, 0xff, 0xff, 0xff, 0xff, 0xff, 0xff, 0xff, 0xff, 0xff, 0xff,
    0xff, 0xff, 0xff, 0xff, 0xff, 0xff, 0xff, 0xff, 0xff, 0xff, 0xff, 0xff, 0xff, 0xff, 0xff, 0xff,
    0xff, 0xff, 0xff, 0xff, 0xff, 0xff, 0xff, 0xff, 0x5d, 0xa5, 0xfc, 0x7b, 0x5d, 0x84, 0x5d, 0x84,
    0x5d, 0x8c, 0x7e, 0x8c, 0x7e, 0x8c, 0x7e, 0x8c, 0x7e, 0x8c, 0x9f, 0x8c, 0x9f, 0x8c, 0x9f, 0x94,
    0x9f, 0x94, 0x9f, 0x94, 0x9f, 0x94, 0x9f, 0x94, 0x9f, 0x94, 0x9f, 0x94, 0x9f, 0x94, 0x9f, 0x94,
    0x9f, 0x94, 0x9f, 0x94, 0x9f, 0x94, 0x7f, 0x94, 0x7f, 0x94, 0x7f, 0x94, 0x7f, 0x94, 0x7f, 0x94,
    0x7f, 0x94, 0x7f, 0x94, 0x7f, 0x94, 0x7f, 0x94, 0x7f, 0x94, 0x7f, 0x94, 0x7f, 0x94, 0x7f, 0x94,
    0x7f, 0x94, 0x5e, 0x94, 0x5e, 0x94, 0x5e, 0x94, 0x5e, 0x94, 0x5e, 0x8c, 0x5e, 0x94, 0x5e, 0x94,
    0x5e, 0x94, 0x5e, 0x8c, 0x5e, 0x8c, 0x5e, 0x8c, 0x5e, 0x8c, 0x3e, 0x8c, 0x3e, 0x8c, 0x3e, 0x8c,
    0x3e, 0x8c, 0x3e, 0x8c, 0x3e, 0x8c, 0x3e, 0x8c, 0x3e, 0x8c, 0x3e, 0x8c, 0x1e, 0x8c, 0x1e, 0x8c,
    0x1e, 0x8c, 0x1e, 0x8c, 0x1e, 0x8c, 0x1e, 0x8c, 0x1e, 0x8c, 0x1e, 0x8c, 0x1e, 0x8c, 0x1e, 0x8c,
    0xfe, 0x8b, 0xfe, 0x8b, 0xfe, 0x8b, 0xfe, 0x8b, 0xfe, 0x8b, 0xfe, 0x8b, 0xfe, 0x8b, 0xfe, 0x8b,
    0xdd, 0x8b, 0xdc, 0x83, 0xdc, 0x83, 0xdc, 0x8b, 0xdc, 0x8b, 0xbc, 0x83, 0xdc, 0x83, 0xdd, 0x8b,
    0x5e, 0x6c, 0x3d, 0x6c, 0x3c, 0x6c, 0x5c, 0x6c, 0x5c, 0x6c, 0x3c, 0x6c, 0x3d, 0x6c, 0x5e, 0x6c,
    0x5e, 0x6c, 0x5e, 0x6c, 0x7e, 0x6c, 0x7e, 0x74, 0x7e, 0x74, 0x7e, 0x74, 0x7e, 0x74, 0x7e, 0x74,
    0x7e, 0x74, 0x7e, 0x74, 0x7e, 0x74, 0x7e, 0x74, 0x7e, 0x74, 0x7e, 0x74, 0x7e, 0x74, 0x7e, 0x74,
    0x7e, 0x74, 0x7e, 0x74, 0x9e, 0x74, 0x9e, 0x74, 0x7e, 0x7c, 0x9e, 0x7c, 0x9e, 0x7c, 0x9e, 0x7c,
    0x9e, 0x7c, 0x9e, 0x7c, 0x9e, 0x7c, 0x9e, 0x7c, 0x9f, 0x7c, 0x9f, 0x7c, 0x9f, 0x7c, 0x9f, 0x7c,
    0x9f, 0x7c, 0x9f, 0x7c, 0x9f, 0x7c, 0x9f, 0x7c, 0x9f, 0x84, 0xbf, 0x84, 0xbf, 0x84, 0xbf, 0x84,
    0xbf, 0x84, 0xbf, 0x84, 0xbf, 0x84, 0xbf, 0x84, 0xbf, 0x84, 0xbf, 0x84, 0xbf, 0x84, 0xbf, 0x84,
    0xbf, 0x84, 0xbf, 0x84, 0xbf, 0x84, 0xbf, 0x84, 0xbf, 0x84, 0xbf, 0x84, 0xbf, 0x84, 0xbf, 0x84,
    0xbf, 0x84, 0xbf, 0x84, 0xbf, 0x84, 0xbf, 0x84, 0xbf, 0x8c, 0xbf, 0x8c, 0xbf, 0x8c, 0xbf, 0x8c,
    0xbf, 0x8c, 0xbf, 0x8c, 0x9f, 0x8c, 0x9f, 0x84, 0x9e, 0x84, 0x9e, 0x84, 0x7e, 0x84, 0x7e, 0x84,
    0x5d, 0x84, 0x5d, 0x84, 0xfc, 0x73, 0x9d, 0xad, 0xff, 0xff, 0xff, 0xff, 0xff, 0xff, 0xff, 0xff,
    0xff, 0xff, 0xff, 0xff, 0xff, 0xff, 0xff, 0xff, 0xff, 0xff, 0xff, 0xff, 0xff, 0xff, 0xff, 0xff,
    0xff, 0xff, 0xff, 0xff, 0xff, 0xff, 0xff, 0xff, 0xff, 0xff, 0xff, 0xff, 0xff, 0xff, 0xff, 0xff,
    0xff, 0xff, 0xff, 0xff, 0xff, 0xff, 0xff, 0xff, 0xff, 0xff, 0xff, 0xff, 0xff, 0xff, 0xff, 0xff,
    0xff, 0xff, 0xff, 0xff, 0xff, 0xff, 0xff, 0xff, 0x9e, 0xce, 0xdc, 0x7b, 0x5d, 0x84, 0x5d, 0x84,
    0x5d, 0x8c, 0x7e, 0x8c, 0x7e, 0x8c, 0x7e, 0x8c, 0x7e, 0x8c, 0x9e, 0x8c, 0x9f, 0x8c, 0x9f, 0x8c,
    0x9f, 0x94, 0x9f, 0x94, 0x9f, 0x94, 0x9f, 0x94, 0x9f, 0x94, 0x9f, 0x94, 0x9f, 0x94, 0x9f, 0x94,
    0x9f, 0x94, 0x7f, 0x94, 0x7f, 0x94, 0x7f, 0x94, 0x7f, 0x94, 0x7f, 0x94, 0x7f, 0x94, 0x7f, 0x94,
    0x7f, 0x94, 0x7f, 0x94, 0x7f, 0x94, 0x7f, 0x94, 0x7f, 0x94, 0x7f, 0x94, 0x7f, 0x94, 0x5f, 0x94,
    0x5e, 0x94, 0x5e, 0x94, 0x5e, 0x94, 0x5e, 0x94, 0x5e, 0x8c, 0x5e, 0x94, 0x5e, 0x94, 0x5e, 0x8c,
    0x5e, 0x8c, 0x5e, 0x8c, 0x5e, 0x8c, 0x3e, 0x8c, 0x3e, 0x8c, 0x3e, 0x8c, 0x3e, 0x8c, 0x3e, 0x8c,
    0x3e, 0x8c, 0x3e, 0x8c, 0x3e, 0x8c, 0x3e, 0x8c, 0x1e, 0x8c, 0x1e, 0x8c, 0x1e, 0x8c, 0x1e, 0x8c,
    0x1e, 0x8c, 0x1e, 0x8c, 0x1e, 0x8c, 0x1e, 0x8c, 0x1e, 0x8c, 0x1e, 0x8c, 0xfe, 0x8b, 0xfe, 0x8b,
    0xfe, 0x8b, 0xfe, 0x8b, 0xfe, 0x8b, 0xfe, 0x8b, 0xfe, 0x8b, 0xfe, 0x8b, 0xfe, 0x8b, 0xfd, 0x8b,
    0xdd, 0x8b, 0xbc, 0x83, 0xbc, 0x83, 0xdc, 0x83, 0xdc, 0x83, 0xbc, 0x83, 0xbc, 0x83, 0xbd, 0x8b,
    0x5d, 0x6c, 0x3d, 0x6c, 0x3c, 0x6c, 0x3c, 0x6c, 0x3c, 0x6c, 0x3c, 0x6c, 0x3d, 0x6c, 0x5e, 0x6c,
    0x5e, 0x6c, 0x5e, 0x6c, 0x5e, 0x6c, 0x5e, 0x6c, 0x5e, 0x6c, 0x7e, 0x6c, 0x7e, 0x74, 0x7e, 0x74,
    0x7e, 0x74, 0x7e, 0x74, 0x7e, 0x74, 0x7e, 0x74, 0x7e, 0x74, 0x7e, 0x74, 0x7e, 0x74, 0x7e, 0x74,
    0x7e, 0x74, 0x7e, 0x74, 0x7e, 0x74, 0x7e, 0x74, 0x7e, 0x74, 0x7e, 0x74, 0x9e, 0x7c, 0x9e, 0x7c,
    0x9e, 0x7c, 0x9e, 0x7c, 0x9e, 0x7c, 0x9e, 0x7c, 0x9e, 0x7c, 0x9f, 0x7c, 0x9f, 0x7c, 0x9f, 0x7c,
    0x9f, 0x7c, 0x9f, 0x7c, 0x9f, 0x7c, 0x9f, 0x7c, 0x9f, 0x7c, 0x9f, 0x7c, 0x9f, 0x84, 0x9f, 0x84,
    0x9f, 0x84, 0xbf, 0x84, 0xbf, 0x84, 0xbf, 0x84, 0xbf, 0x84, 0xbf, 0x84, 0xbf, 0x84, 0xbf, 0x84,
    0xbf, 0x84, 0xbf, 0x84, 0xbf, 0x84, 0xbf, 0x84, 0xbf, 0x84, 0xbf, 0x84, 0xbf, 0x84, 0xbf, 0x84,
    0xbf, 0x84, 0xbf, 0x84, 0xbf, 0x84, 0xbf, 0x84, 0xbf, 0x8c, 0xbf, 0x8c, 0xbf, 0x8c, 0xbf, 0x8c,
    0xbf, 0x84, 0xbf, 0x8c, 0x9f, 0x84, 0x9e, 0x84, 0x9e, 0x84, 0x9e, 0x84, 0x7e, 0x84, 0x7d, 0x84,
    0x5d, 0x84, 0x5d, 0x84, 0xfc, 0x73, 0x9e, 0xce, 0xff, 0xff, 0xff, 0xff, 0xff, 0xff, 0xff, 0xff,
    0xff, 0xff, 0xff, 0xff, 0xff, 0xff, 0xff, 0xff, 0xff, 0xff, 0xff, 0xff, 0xff, 0xff, 0xff, 0xff,
    0xff, 0xff, 0xff, 0xff, 0xff, 0xff, 0xff, 0xff, 0xff, 0xff, 0xff, 0xff, 0xff, 0xff, 0xff, 0xff,
    0xff, 0xff, 0xff, 0xff, 0xff, 0xff, 0xff, 0xff, 0xff, 0xff, 0xff, 0xff, 0xff, 0xff, 0xff, 0xff,
    0xff, 0xff, 0xff, 0xff, 0xff, 0xff, 0xff, 0xff, 0x7f, 0xef, 0x3c, 0x84, 0x3c, 0x84, 0x5d, 0x84,
    0x5d, 0x84, 0x5d, 0x8c, 0x7e, 0x8c, 0x7e, 0x8c, 0x7e, 0x8c, 0x7e, 0x8c, 0x9f, 0x8c, 0x9f, 0x8c,
    0x9f, 0x94, 0x9f, 0x94, 0x9f, 0x94, 0x9f, 0x94, 0x9f, 0x94, 0x9f, 0x94, 0x7f, 0x94, 0x7f, 0x94,
    0x7f, 0x94, 0x7f, 0x94, 0x7f, 0x94, 0x7f, 0x94, 0x7f, 0x94, 0x7f, 0x94, 0x7f, 0x94, 0x7f, 0x94,
    0x7f, 0x94, 0x7f, 0x94, 0x7f, 0x94, 0x7f, 0x94, 0x7f, 0x94, 0x7f, 0x94, 0x5e, 0x94, 0x5e, 0x94,
    0x5e, 0x94, 0x5e, 0x94, 0x5e, 0x8c, 0x5e, 0x8c, 0x5e, 0x94, 0x5e, 0x94, 0x5e, 0x8c, 0x5e, 0x8c,
    0x5e, 0x8c, 0x5e, 0x8c, 0x3e, 0x8c, 0x3e, 0x8c, 0x3e, 0x8c, 0x3e, 0x8c, 0x3e, 0x8c, 0x3e, 0x8c,
    0x3e, 0x8c, 0x3e, 0x8c, 0x1e, 0x8c, 0x1e, 0x8c, 0x1e, 0x8c, 0x1e, 0x8c, 0x1e, 0x8c, 0x1e, 0x8c,
    0x1e, 0x8c, 0x1e, 0x8c, 0x1e, 0x8c, 0xfe, 0x8b, 0xfe, 0x8b, 0xfe, 0x8b, 0xfe, 0x8b, 0xfe, 0x8b,
    0xfe, 0x8b, 0xfe, 0x8b, 0xfe, 0x8b, 0xfe, 0x8b, 0xfd, 0x8b, 0xdd, 0x8b, 0xdd, 0x8b, 0xdd, 0x8b,
    0xdd, 0x83, 0xbc, 0x83, 0xbc, 0x83, 0xdc, 0x83, 0xdb, 0x83, 0xbc, 0x83, 0xbc, 0x83, 0xbd, 0x8b,
    0x3d, 0x6c, 0x3d, 0x64, 0x3c, 0x6c, 0x3c, 0x6c, 0x3c, 0x6c, 0x3c, 0x6c, 0x3d, 0x6c, 0x3d, 0x6c,
    0x5e, 0x6c, 0x5e, 0x6c, 0x5e, 0x6c, 0x5e, 0x6c, 0x5e, 0x6c, 0x5e, 0x6c, 0x5e, 0x74, 0x5e, 0x74,
    0x5e, 0x74, 0x5e, 0x74, 0x5e, 0x74, 0x7e, 0x74, 0x7e, 0x74, 0x7e, 0x74, 0x7e, 0x74, 0x7e, 0x74,
    0x7e, 0x74, 0x7e, 0x74, 0x7e, 0x74, 0x7e, 0x74, 0x7e, 0x74, 0x7e, 0x7c, 0x7e, 0x7c, 0x7e, 0x7c,
    0x7e, 0x7c, 0x9e, 0x7c, 0x9e, 0x7c, 0x9e, 0x7c, 0x9e, 0x7c, 0x9e, 0x7c, 0x9e, 0x7c, 0x9f, 0x7c,
    0x9f, 0x7c, 0x9f, 0x7c, 0x9f, 0x7c, 0x9f, 0x7c, 0x9f, 0x7c, 0x9f, 0x84, 0x9f, 0x84, 0x9f, 0x84,
    0x9f, 0x84, 0x9f, 0x84, 0x9f, 0x84, 0xbf, 0x84, 0xbf, 0x84, 0xbf, 0x84, 0x9f, 0x84, 0x9f, 0x84,
    0xbf, 0x84, 0xbf, 0x84, 0xbf, 0x84, 0xbf, 0x84, 0xbf, 0x84, 0xbf, 0x84, 0xbf, 0x84, 0xbf, 0x84,
    0xbf, 0x84, 0xbf, 0x84, 0xbf, 0x84, 0xbf, 0x84, 0xbf, 0x84, 0xbf, 0x84, 0xbf, 0x84, 0xbf, 0x8c,
    0xbf, 0x84, 0x9f, 0x84, 0x9f, 0x84, 0x9e, 0x84, 0x9e, 0x84, 0x7e, 0x84, 0x7e, 0x84, 0x7d, 0x84,
    0x5d, 0x84, 0x5d, 0x84, 0x1c, 0x7c, 0x1f, 0xe7, 0xff, 0xff, 0xff, 0xff, 0xff, 0xff, 0xff, 0xff,
    0xff, 0xff, 0xff, 0xff, 0xff, 0xff, 0xff, 0xff, 0xff, 0xff, 0xff, 0xff, 0xff, 0xff, 0xff, 0xff,
    0xff, 0xff, 0xff, 0xff, 0xff, 0xff, 0xff, 0xff, 0xff, 0xff, 0xff, 0xff, 0xff, 0xff, 0xff, 0xff,
    0xff, 0xff, 0xff, 0xff, 0xff, 0xff, 0xff, 0xff, 0xff, 0xff, 0xff, 0xff, 0xff, 0xff, 0xff, 0xff,
    0xff, 0xff, 0xff, 0xff, 0xff, 0xff, 0xff, 0xff, 0xdf, 0xff, 0x7c, 0x8c, 0x1c, 0x84, 0x5d, 0x84,
    0x5d, 0x84, 0x5d, 0x8c, 0x5e, 0x8c, 0x7e, 0x8c, 0x7e, 0x8c, 0x7e, 0x8c, 0x9f, 0x8c, 0x9f, 0x8c,
    0x9f, 0x94, 0x9f, 0x94, 0x9f, 0x94, 0x7f, 0x94, 0x7f, 0x94, 0x7f, 0x94, 0x7f, 0x94, 0x7f, 0x94,
    0x7f, 0x94, 0x7f, 0x94, 0x7f, 0x94, 0x7f, 0x94, 0x7f, 0x94, 0x7f, 0x94, 0x7f, 0x94, 0x7f, 0x94,
    0x7f, 0x94, 0x7f, 0x94, 0x7f, 0x94, 0x7f, 0x94, 0x7e, 0x94, 0x5e, 0x94, 0x5e, 0x94, 0x5e, 0x94,
    0x5e, 0x8c, 0x5e, 0x8c, 0x5e, 0x8c, 0x5e, 0x8c, 0x5e, 0x8c, 0x5e, 0x8c, 0x5e, 0x8c, 0x5e, 0x8c,
    0x3e, 0x8c, 0x3e, 0x8c, 0x3e, 0x8c, 0x3e, 0x8c, 0x3e, 0x8c, 0x3e, 0x8c, 0x3e, 0x8c, 0x3e, 0x8c,
    0x3e, 0x8c, 0x1e, 0x8c, 0x1e, 0x8c, 0x1e, 0x8c, 0x1e, 0x8c, 0x1e, 0x8c, 0x1e, 0x8c, 0x1e, 0x8c,
    0x1e, 0x8c, 0x1e, 0x8c, 0xfe, 0x8b, 0xfe, 0x8b, 0xfe, 0x8b, 0xfe, 0x8b, 0xfe, 0x8b, 0xfe, 0x8b,
    0xfe, 0x8b, 0xfd, 0x8b, 0xfd, 0x8b, 0xdd, 0x8b, 0xdd, 0x8b, 0xdd, 0x8b, 0xdd, 0x8b, 0xdd, 0x8b,
    0xdd, 0x83, 0xbc, 0x83, 0xbc, 0x83, 0xdb, 0x83, 0xdb, 0x83, 0xbc, 0x83, 0xbc, 0x83, 0xbd, 0x83,
    0x3d, 0x6c, 0x3d, 0x64, 0x1c, 0x6c, 0x3c, 0x6c, 0x3c, 0x6c, 0x3c, 0x6c, 0x3d, 0x6c, 0x3d, 0x6c,
    0x5e, 0x6c, 0x5e, 0x6c, 0x5e, 0x6c, 0x5e, 0x6c, 0x5e, 0x6c, 0x5e, 0x6c, 0x5e, 0x6c, 0x5e, 0x6c,
    0x5e, 0x6c, 0x5e, 0x74, 0x5e, 0x74, 0x5e, 0x74, 0x5e, 0x74, 0x7e, 0x74, 0x7e, 0x74, 0x7e, 0x74,
    0x7e, 0x74, 0x7e, 0x74, 0x7e, 0x74, 0x7e, 0x74, 0x7e, 0x74, 0x7e, 0x74, 0x7e, 0x7c, 0x7e, 0x7c,
    0x7e, 0x7c, 0x7e, 0x7c, 0x7e, 0x7c, 0x7e, 0x7c, 0x7e, 0x7c, 0x9e, 0x7c, 0x9e, 0x7c, 0x9e, 0x7c,
    0x9e, 0x7c, 0x9f, 0x7c, 0x9f, 0x7c, 0x9f, 0x7c, 0x9f, 0x7c, 0x9f, 0x7c, 0x9f, 0x84, 0x9f, 0x84,
    0x9f, 0x84, 0x9f, 0x84, 0x9f, 0x84, 0x9f, 0x84, 0x9f, 0x84, 0x9f, 0x84, 0x9f, 0x84, 0x9f, 0x84,
    0x9f, 0x84, 0x9f, 0x84, 0xbf, 0x84, 0xbf, 0x84, 0xbf, 0x84, 0xbf, 0x84, 0xbf, 0x84, 0xbf, 0x84,
    0xbf, 0x84, 0xbf, 0x84, 0xbf, 0x84, 0xbf, 0x84, 0xbf, 0x84, 0xbf, 0x84, 0xbf, 0x84, 0xbf, 0x8c,
    0x9f, 0x84, 0x9f, 0x84, 0x9f, 0x84, 0x9e, 0x84, 0x7e, 0x84, 0x7e, 0x84, 0x7e, 0x84, 0x5d, 0x84,
    0x5d, 0x84, 0x3c, 0x7c, 0x5c, 0x84, 0xbf, 0xf7, 0xff, 0xff, 0xff, 0xff, 0xff, 0xff, 0xff, 0xff,
    0xff, 0xff, 0xff, 0xff, 0xff, 0xff, 0xff, 0xff, 0xff, 0xff, 0xff, 0xff, 0xff, 0xff, 0xff, 0xff,
    0xff, 0xff, 0xff, 0xff, 0xff, 0xff, 0xff, 0xff, 0xff, 0xff, 0xff, 0xff, 0xff, 0xff, 0xff, 0xff,
    0xff, 0xff, 0xff, 0xff, 0xff, 0xff, 0xff, 0xff, 0xff, 0xff, 0xff, 0xff, 0xff, 0xff, 0xff, 0xff,
    0xff, 0xff, 0xff, 0xff, 0xff, 0xff, 0xff, 0xff, 0xff, 0xff, 0x1d, 0x9d, 0xfc, 0x7b, 0x3d, 0x84,
    0x3d, 0x84, 0x5d, 0x8c, 0x5e, 0x8c, 0x7e, 0x8c, 0x7e, 0x8c, 0x7e, 0x8c, 0x7e, 0x8c, 0x7f, 0x8c,
    0x7f, 0x94, 0x7f, 0x94, 0x7f, 0x94, 0x7f, 0x94, 0x7f, 0x94, 0x7f, 0x94, 0x7f, 0x94, 0x7f, 0x94,
    0x7f, 0x94, 0x7f, 0x94, 0x7f, 0x94, 0x7f, 0x94, 0x7f, 0x94, 0x7f, 0x94, 0x7f, 0x94, 0x7f, 0x94,
    0x7f, 0x94, 0x7f, 0x94, 0x7e, 0x94, 0x7e, 0x94, 0x5e, 0x8c, 0x5e, 0x94, 0x5e, 0x8c, 0x5e, 0x8c,
    0x5e, 0x8c, 0x5e, 0x8c, 0x5e, 0x8c, 0x5e, 0x8c, 0x5e, 0x8c, 0x5e, 0x8c, 0x3e, 0x8c, 0x3e, 0x8c,
    0x3e, 0x8c, 0x3e, 0x8c, 0x3e, 0x8c, 0x3e, 0x8c, 0x3e, 0x8c, 0x3e, 0x8c, 0x3e, 0x8c, 0x1e, 0x8c,
    0x1e, 0x8c, 0x1e, 0x8c, 0x1e, 0x8c, 0x1e, 0x8c, 0x1e, 0x8c, 0x1e, 0x8c, 0x1e, 0x8c, 0x1e, 0x8c,
    0xfe, 0x8b, 0xfe, 0x8b, 0xfe, 0x8b, 0xfe, 0x8b, 0xfe, 0x8b, 0xfe, 0x8b, 0xfe, 0x8b, 0xfd, 0x8b,
    0xfd, 0x8b, 0xfd, 0x8b, 0xdd, 0x8b, 0xdd, 0x8b, 0xdd, 0x8b, 0xdd, 0x8b, 0xdd, 0x8b, 0xdd, 0x8b,
    0xdd, 0x83, 0xbc, 0x83, 0xbc, 0x83, 0xdb, 0x83, 0xbb, 0x83, 0xbc, 0x83, 0x9c, 0x83, 0xbd, 0x83,
    0x3d, 0x64, 0x1d, 0x64, 0x1c, 0x64, 0x3c, 0x6c, 0x3c, 0x6c, 0x1c, 0x6c, 0x1d, 0x6c, 0x3d, 0x6c,
    0x5e, 0x6c, 0x5e, 0x6c, 0x5e, 0x6c, 0x5e, 0x6c, 0x5e, 0x6c, 0x5e, 0x6c, 0x5e, 0x6c, 0x5e, 0x6c,
    0x5e, 0x6c, 0x5e, 0x74, 0x5e, 0x74, 0x5e, 0x74, 0x5e, 0x74, 0x5e, 0x74, 0x5e, 0x74, 0x5e, 0x74,
    0x5e, 0x74, 0x7e, 0x74, 0x7e, 0x74, 0x7e, 0x74, 0x7e, 0x74, 0x7e, 0x74, 0x7e, 0x74, 0x7e, 0x74,
    0x7e, 0x7c, 0x7e, 0x7c, 0x7e, 0x7c, 0x7e, 0x7c, 0x7e, 0x7c, 0x7e, 0x7c, 0x9e, 0x7c, 0x9e, 0x7c,
    0x9e, 0x7c, 0x9e, 0x7c, 0x9e, 0x7c, 0x9f, 0x7c, 0x9f, 0x7c, 0x9f, 0x7c, 0x9f, 0x7c, 0x9f, 0x7c,
    0x9f, 0x84, 0x9f, 0x84, 0x9f, 0x84, 0x9f, 0x84, 0x9f, 0x84, 0x9f, 0x84, 0x9f, 0x84, 0x9f, 0x84,
    0x9f, 0x84, 0x9f, 0x84, 0x9f, 0x84, 0x9f, 0x84, 0x9f, 0x84, 0xbf, 0x84, 0x9f, 0x84, 0x9f, 0x84,
    0xbf, 0x84, 0xbf, 0x84, 0xbf, 0x84, 0xbf, 0x84, 0xbf, 0x84, 0xbf, 0x84, 0x9f, 0x84, 0x9f, 0x84,
    0x9f, 0x84, 0x9f, 0x84, 0x9e, 0x84, 0x9e, 0x84, 0x7e, 0x84, 0x7e, 0x84, 0x7d, 0x84, 0x5d, 0x84,
    0x5d, 0x84, 0x1c, 0x7c, 0x5c, 0x84, 0xbf, 0xf7, 0xff, 0xff, 0xff, 0xff, 0xff, 0xff, 0xff, 0xff,
    0xff, 0xff, 0xff, 0xff, 0xff, 0xff, 0xff, 0xff, 0xff, 0xff, 0xff, 0xff, 0xff, 0xff, 0xff, 0xff,
    0xff, 0xff, 0xff, 0xff, 0xff, 0xff, 0xff, 0xff, 0xff, 0xff, 0xff, 0xff, 0xff, 0xff, 0xff, 0xff,
    0xff, 0xff, 0xff, 0xff, 0xff, 0xff, 0xff, 0xff, 0xff, 0xff, 0xff, 0xff, 0xff, 0xff, 0xff, 0xff,
    0xff, 0xff, 0xff, 0xff, 0xff, 0xff, 0xff, 0xff, 0xff, 0xff, 0x1d, 0xa5, 0xdc, 0x7b, 0x3c, 0x84,
    0x3d, 0x84, 0x5d, 0x8c, 0x5e, 0x8c, 0x5e, 0x8c, 0x7e, 0x8c, 0x7e, 0x8c, 0x7e, 0x8c, 0x7f, 0x8c,
    0x7f, 0x94, 0x7f, 0x94, 0x7f, 0x94, 0x7f, 0x8c, 0x7f, 0x94, 0x7f, 0x94, 0x7f, 0x94, 0x7f, 0x94,
    0x7f, 0x94, 0x7f, 0x94, 0x7f, 0x94, 0x7f, 0x94, 0x7f, 0x94, 0x7f, 0x8c, 0x7f, 0x8c, 0x7f, 0x94,
    0x7e, 0x94, 0x7e, 0x94, 0x5e, 0x8c, 0x5e, 0x8c, 0x5e, 0x8c, 0x5e, 0x8c, 0x5e, 0x8c, 0x5e, 0x8c,
    0x5e, 0x8c, 0x5e, 0x8c, 0x5e, 0x8c, 0x5e, 0x8c, 0x5e, 0x8c, 0x3e, 0x8c, 0x3e, 0x8c, 0x3e, 0x8c,
    0x3e, 0x8c, 0x3e, 0x8c, 0x3e, 0x8c, 0x3e, 0x8c, 0x3e, 0x8c, 0x3e, 0x8c, 0x1e, 0x8c, 0x1e, 0x8c,
    0x1e, 0x8c, 0x1e, 0x8c, 0x1e, 0x8c, 0x1e, 0x8c, 0x1e, 0x8c, 0x1e, 0x8c, 0xfe, 0x8b, 0xfe, 0x8b,
    0xfe, 0x8b, 0xfe, 0x8b, 0xfe, 0x8b, 0xfe, 0x8b, 0xfd, 0x8b, 0xfd, 0x8b, 0xfd, 0x8b, 0xfd, 0x8b,
    0xfd, 0x8b, 0xdd, 0x8b, 0xdd, 0x8b, 0xdd, 0x8b, 0xdd, 0x83, 0xdd, 0x83, 0xdd, 0x8b, 0xdd, 0x8b,
    0xbd, 0x83, 0xbc, 0x83, 0xbb, 0x83, 0xbb, 0x83, 0xbb, 0x83, 0x9b, 0x83, 0x9c, 0x83, 0xbd, 0x83,
    0x3d, 0x64, 0x1d, 0x64, 0x1c, 0x64, 0x3c, 0x6c, 0x3c, 0x6c, 0x1c, 0x64, 0x1d, 0x64, 0x3d, 0x6c,
    0x3e, 0x6c, 0x3e, 0x6c, 0x3e, 0x6c, 0x5e, 0x6c, 0x5e, 0x6c, 0x3e, 0x6c, 0x5e, 0x6c, 0x5e, 0x6c,
    0x5e, 0x6c, 0x5e, 0x6c, 0x5e, 0x74, 0x5e, 0x74, 0x5e, 0x74, 0x5e, 0x74, 0x5e, 0x74, 0x5e, 0x74,
    0x5e, 0x74, 0x5e, 0x74, 0x5e, 0x74, 0x5e, 0x74, 0x7e, 0x74, 0x7e, 0x74, 0x7e, 0x74, 0x7e, 0x74,
    0x7e, 0x7c, 0x7e, 0x7c, 0x7e, 0x7c, 0x7e, 0x7c, 0x7e, 0x7c, 0x7e, 0x7c, 0x7e, 0x7c, 0x7e, 0x7c,
    0x9e, 0x7c, 0x7e, 0x7c, 0x7e, 0x7c, 0x9e, 0x7c, 0x9e, 0x7c, 0x9f, 0x7c, 0x9f, 0x7c, 0x9f, 0x7c,
    0x9f, 0x84, 0x9f, 0x84, 0x9f, 0x84, 0x9f, 0x84, 0x9f, 0x84, 0x9f, 0x84, 0x9f, 0x84, 0x9f, 0x84,
    0x9f, 0x84, 0x9f, 0x84, 0x9f, 0x84, 0x9f, 0x84, 0x9f, 0x84, 0x9f, 0x84, 0x9f, 0x84, 0x9f, 0x84,
    0x9f, 0x84, 0x9f, 0x84, 0xbf, 0x84, 0xbf, 0x84, 0xbf, 0x84, 0xbf, 0x84, 0x9f, 0x84, 0x9f, 0x84,
    0x9f, 0x84, 0x9e, 0x84, 0x9e, 0x84, 0x9e, 0x84, 0x7e, 0x84, 0x7e, 0x84, 0x5d, 0x84, 0x5d, 0x84,
    0x3d, 0x7c, 0x1c, 0x7c, 0x5c, 0x84, 0xbf, 0xf7, 0xff, 0xff, 0xff, 0xff, 0xff, 0xff, 0xff, 0xff,
    0xff, 0xff, 0xff, 0xff, 0xff, 0xff, 0xff, 0xff, 0xff, 0xff, 0xff, 0xff, 0xff, 0xff, 0xff, 0xff,
    0xff, 0xff, 0xff, 0xff, 0xff, 0xff, 0xff, 0xff, 0xff, 0xff, 0xff, 0xff, 0xff, 0xff, 0xff, 0xff,
    0xff, 0xff, 0xff, 0xff, 0xff, 0xff, 0xff, 0xff, 0xff, 0xff, 0xff, 0xff, 0xff, 0xff, 0xff, 0xff,
    0xff, 0xff, 0xff, 0xff, 0xff, 0xff, 0xff, 0xff, 0xff, 0xff, 0xfc, 0xa4, 0xdc, 0x7b, 0x3c, 0x84,
    0x3d, 0x84, 0x3d, 0x84, 0x5e, 0x8c, 0x5e, 0x8c, 0x7e, 0x8c, 0x7e, 0x8c, 0x7e, 0x8c, 0x7f, 0x8c,
    0x7f, 0x8c, 0x7f, 0x8c, 0x7f, 0x8c, 0x7f, 0x94, 0x7f, 0x94, 0x7f, 0x94, 0x7f, 0x94, 0x7f, 0x94,
    0x7f, 0x94, 0x7f, 0x94, 0x7f, 0x8c, 0x7f, 0x8c, 0x7f, 0x8c, 0x7e, 0x8c, 0x7e, 0x94, 0x7e, 0x94,
    0x5e, 0x8c, 0x5e, 0x8c, 0x5e, 0x8c, 0x5e, 0x8c, 0x5e, 0x8c, 0x5e, 0x8c, 0x5e, 0x8c, 0x5e, 0x8c,
    0x5e, 0x8c, 0x5e, 0x8c, 0x5e, 0x8c, 0x3e, 0x8c, 0x3e, 0x8c, 0x3e, 0x8c, 0x3e, 0x8c, 0x3e, 0x8c,
    0x3e, 0x8c, 0x3e, 0x8c, 0x3e, 0x8c, 0x3e, 0x8c, 0x3e, 0x8c, 0x1e, 0x8c, 0x1e, 0x8c, 0x1e, 0x8c,
    0x1e, 0x8c, 0x1e, 0x8c, 0x1e, 0x8c, 0x1e, 0x8c, 0xfe, 0x8b, 0xfe, 0x8b, 0xfe, 0x8b, 0xfe, 0x8b,
    0xfe, 0x8b, 0xfd, 0x8b, 0xfd, 0x8b, 0xfd, 0x8b, 0xfd, 0x8b, 0xdd, 0x8b, 0xdd, 0x8b, 0xdd, 0x8b,
    0xdd, 0x8b, 0xdd, 0x83, 0xdd, 0x83, 0xdd, 0x83, 0xdd, 0x83, 0xdd, 0x83, 0xdd, 0x83, 0xdd, 0x83,
    0xbd, 0x83, 0x9c, 0x83, 0x9b, 0x83, 0xbb, 0x83, 0xbb, 0x83, 0x9b, 0x83, 0x9c, 0x83, 0xbd, 0x83,
    0x1d, 0x64, 0x1c, 0x64, 0x1c, 0x64, 0x1c, 0x6c, 0x1c, 0x6c, 0x1c, 0x64, 0x1d, 0x64, 0x3d, 0x6c,
    0x3e, 0x6c, 0x3e, 0x6c, 0x3e, 0x6c, 0x3e, 0x6c, 0x3e, 0x6c, 0x3e, 0x6c, 0x3e, 0x6c, 0x3e, 0x6c,
    0x5e, 0x6c, 0x5e, 0x6c, 0x5e, 0x6c, 0x5e, 0x6c, 0x5e, 0x74, 0x5e, 0x74, 0x5e, 0x74, 0x5e, 0x74,
    0x5e, 0x74, 0x5e, 0x74, 0x5e, 0x74, 0x5e, 0x74, 0x5e, 0x74, 0x7e, 0x74, 0x7e, 0x74, 0x7e, 0x74,
    0x7e, 0x74, 0x7e, 0x74, 0x7e, 0x74, 0x7e, 0x7c, 0x7e, 0x7c, 0x7e, 0x7c, 0x7e, 0x7c, 0x7e, 0x7c,
    0x7e, 0x7c, 0x7e, 0x7c, 0x7e, 0x7c, 0x7e, 0x7c, 0x7e, 0x7c, 0x9e, 0x7c, 0x9e, 0x7c, 0x9f, 0x7c,
    0x9f, 0x7c, 0x9f, 0x7c, 0x9f, 0x7c, 0x9f, 0x84, 0x9f, 0x84, 0x9f, 0x84, 0x9f, 0x84, 0x9f, 0x84,
    0x9f, 0x84, 0x9f, 0x84, 0x9f, 0x84, 0x9f, 0x84, 0x9f, 0x84, 0x9f, 0x84, 0x9f, 0x84, 0x9f, 0x84,
    0x9f, 0x84, 0x9f, 0x84, 0x9f, 0x84, 0x9f, 0x84, 0x9f, 0x84, 0x9f, 0x84, 0x9f, 0x84, 0x9f, 0x84,
    0x9f, 0x84, 0x9e, 0x84, 0x9e, 0x84, 0x7e, 0x84, 0x7e, 0x84, 0x7e, 0x84, 0x5d, 0x84, 0x5d, 0x84,
    0x3c, 0x7c, 0x1c, 0x7c, 0x5c, 0x84, 0xbf, 0xf7, 0xff, 0xff, 0xff, 0xff, 0xff, 0xff, 0xff, 0xff,
    0xff, 0xff, 0xff, 0xff, 0xff, 0xff, 0xff, 0xff, 0xff, 0xff, 0xff, 0xff, 0xff, 0xff, 0xff, 0xff,
    0xff, 0xff, 0xff, 0xff, 0xff, 0xff, 0xff, 0xff, 0xff, 0xff, 0xff, 0xff, 0xff, 0xff, 0xff, 0xff,
    0xff, 0xff, 0xff, 0xff, 0xff, 0xff, 0xff, 0xff, 0xff, 0xff, 0xff, 0xff, 0xff, 0xff, 0xff, 0xff,
    0xff, 0xff, 0xff, 0xff, 0xff, 0xff, 0xff, 0xff, 0xff, 0xff, 0xfc, 0x9c, 0xdc, 0x7b, 0x3c, 0x84,
    0x3d, 0x84, 0x3d, 0x84, 0x5d, 0x8c, 0x5e, 0x8c, 0x5e, 0x8c, 0x7e, 0x8c, 0x7e, 0x8c, 0x7e, 0x8c,
    0x7f, 0x8c, 0x7f, 0x8c, 0x7f, 0x94, 0x7f, 0x94, 0x7f, 0x8c, 0x7f, 0x8c, 0x7f, 0x8c, 0x7f, 0x8c,
    0x7f, 0x8c, 0x7f, 0x8c, 0x7f, 0x8c, 0x7e, 0x8c, 0x7e, 0x8c, 0x7e, 0x94, 0x5e, 0x8c, 0x5e, 0x8c,
    0x5e, 0x8c, 0x5e, 0x8c, 0x5e, 0x8c, 0x5e, 0x8c, 0x5e, 0x8c, 0x5e, 0x8c, 0x5e, 0x8c, 0x5e, 0x8c,
    0x5e, 0x8c, 0x3e, 0x8c, 0x3e, 0x8c, 0x3e, 0x8c, 0x3e, 0x8c, 0x3e, 0x8c, 0x3e, 0x8c, 0x3e, 0x8c,
    0x3e, 0x8c, 0x3e, 0x8c, 0x3e, 0x8c, 0x1e, 0x8c, 0x1e, 0x8c, 0x1e, 0x8c, 0x1e, 0x8c, 0x1e, 0x8c,
    0x1e, 0x8c, 0x1e, 0x8c, 0x1e, 0x8c, 0xfe, 0x8b, 0xfe, 0x8b, 0xfe, 0x8b, 0xfe, 0x8b, 0xfe, 0x8b,
    0xfd, 0x8b, 0xfd, 0x8b, 0xfd, 0x8b, 0xfd, 0x8b, 0xdd, 0x8b, 0xdd, 0x83, 0xdd, 0x83, 0xdd, 0x83,
    0xdd, 0x83, 0xdd, 0x83, 0xdd, 0x83, 0xdd, 0x83, 0xdd, 0x83, 0xbd, 0x83, 0xbd, 0x83, 0xbd, 0x83,
    0xbd, 0x83, 0x9c, 0x83, 0x9b, 0x83, 0xbb, 0x83, 0xbb, 0x83, 0x9b, 0x83, 0x9c, 0x83, 0x9d, 0x83,
    0x1d, 0x64, 0x1c, 0x64, 0x1c, 0x64, 0x1c, 0x6c, 0x1c, 0x6c, 0x1c, 0x64, 0x1c, 0x64, 0x1d, 0x64,
    0x3e, 0x6c, 0x3e, 0x6c, 0x3e, 0x6c, 0x3e, 0x6c, 0x3e, 0x6c, 0x3e, 0x6c, 0x3e, 0x6c, 0x3e, 0x6c,
    0x3e, 0x6c, 0x3e, 0x6c, 0x3e, 0x6c, 0x5e, 0x6c, 0x5e, 0x6c, 0x3e, 0x74, 0x5e, 0x74, 0x5e, 0x74,
    0x5e, 0x74, 0x5e, 0x74, 0x5e, 0x74, 0x5e, 0x74, 0x5e, 0x74, 0x5e, 0x74, 0x5e, 0x74, 0x5e, 0x74,
    0x5e, 0x74, 0x7e, 0x74, 0x7e, 0x74, 0x7e, 0x7c, 0x7e, 0x7c, 0x7e, 0x7c, 0x7e, 0x7c, 0x7e, 0x7c,
    0x7e, 0x7c, 0x7e, 0x7c, 0x7e, 0x7c, 0x7e, 0x7c, 0x7e, 0x7c, 0x7e, 0x7c, 0x7e, 0x7c, 0x9e, 0x7c,
    0x9e, 0x7c, 0x9f, 0x7c, 0x9f, 0x7c, 0x9f, 0x84, 0x9f, 0x84, 0x9f, 0x84, 0x9f, 0x84, 0x9f, 0x84,
    0x9f, 0x84, 0x9f, 0x84, 0x9f, 0x84, 0x9f, 0x84, 0x9f, 0x84, 0x9f, 0x84, 0x9f, 0x84, 0x9f, 0x84,
    0x9f, 0x84, 0x9f, 0x84, 0x9f, 0x84, 0x9f, 0x84, 0x9f, 0x84, 0x9f, 0x84, 0x9f, 0x84, 0x9f, 0x84,
    0x9f, 0x84, 0x9e, 0x84, 0x9e, 0x84, 0x7e, 0x84, 0x7e, 0x84, 0x5d, 0x84, 0x5d, 0x84, 0x3d, 0x7c,
    0x3c, 0x7c, 0x1c, 0x7c, 0x5c, 0x84, 0xbf, 0xf7, 0xff, 0xff, 0xff, 0xff, 0xff, 0xff, 0xff, 0xff,
    0xff, 0xff, 0xff, 0xff, 0xff, 0xff, 0xff, 0xff, 0xff, 0xff, 0xff, 0xff, 0xff, 0xff, 0xff, 0xff,
    0xff, 0xff, 0xff, 0xff, 0xff, 0xff, 0xff, 0xff, 0xff, 0xff, 0xff, 0xff, 0xff, 0xff, 0xff, 0xff,
    0xff, 0xff, 0xff, 0xff, 0xff, 0xff, 0xff, 0xff, 0xff, 0xff, 0xff, 0xff, 0xff, 0xff, 0xff, 0xff,
    0xff, 0xff, 0xff, 0xff, 0xff, 0xff, 0xff, 0xff, 0xff, 0xff, 0xfc, 0x9c, 0xdb, 0x7b, 0x1c, 0x84,
    0x1c, 0x84, 0x3d, 0x84, 0x3d, 0x8c, 0x5e, 0x8c, 0x5e, 0x8c, 0x5e, 0x8c, 0x7e, 0x8c, 0x7e, 0x8c,
    0x7f, 0x8c, 0x7f, 0x8c, 0x7f, 0x8c, 0x7f, 0x8c, 0x7f, 0x8c, 0x7f, 0x8c, 0x7f, 0x8c, 0x7f, 0x8c,
    0x7e, 0x8c, 0x7e, 0x8c, 0x7e, 0x8c, 0x7e, 0x8c, 0x5e, 0x8c, 0x5e, 0x8c, 0x5e, 0x8c, 0x5e, 0x8c,
    0x5e, 0x8c, 0x5e, 0x8c, 0x5e, 0x8c, 0x5e, 0x8c, 0x5e, 0x8c, 0x5e, 0x8c, 0x5e, 0x8c, 0x3e, 0x8c,
    0x3e, 0x8c, 0x3e, 0x8c, 0x3e, 0x8c, 0x3e, 0x8c, 0x3e, 0x8c, 0x3e, 0x8c, 0x3e, 0x8c, 0x3e, 0x8c,
    0x3e, 0x8c, 0x3e, 0x8c, 0x1e, 0x8c, 0x1e, 0x8c, 0x1e, 0x8c, 0x1e, 0x8c, 0x1e, 0x8c, 0x1e, 0x8c,
    0x1e, 0x8c, 0xfe, 0x8b, 0xfe, 0x8b, 0xfe, 0x8b, 0xfe, 0x8b, 0xfe, 0x8b, 0xfd, 0x8b, 0xfd, 0x8b,
    0xfd, 0x8b, 0xdd, 0x8b, 0xdd, 0x8b, 0xdd, 0x83, 0xdd, 0x83, 0xdd, 0x83, 0xdd, 0x83, 0xdd, 0x83,
    0xdd, 0x83, 0xdd, 0x83, 0xbd, 0x83, 0xbd, 0x83, 0xbd, 0x83, 0xbd, 0x83, 0xbd, 0x83, 0xbd, 0x83,
    0xbd, 0x83, 0x9c, 0x83, 0x9b, 0x83, 0xbb, 0x83, 0xbb, 0x83, 0x9b, 0x83, 0x9c, 0x83, 0x9d, 0x83,
    0x1d, 0x64, 0xfc, 0x63, 0xfc, 0x63, 0x1c, 0x6c, 0x1c, 0x6c, 0x1c, 0x64, 0x1c, 0x64, 0x1d, 0x64,
    0x3e, 0x6c, 0x3e, 0x6c, 0x3e, 0x6c, 0x3e, 0x6c, 0x3e, 0x6c, 0x3e, 0x6c, 0x3e, 0x6c, 0x3e, 0x6c,
    0x3e, 0x6c, 0x3e, 0x6c, 0x3e, 0x6c, 0x3e, 0x6c, 0x3e, 0x6c, 0x3e, 0x6c, 0x3e, 0x6c, 0x5e, 0x74,
    0x5e, 0x74, 0x5e, 0x74, 0x5e, 0x74, 0x5e, 0x74, 0x5e, 0x74, 0x5e, 0x74, 0x5e, 0x74, 0x5e, 0x74,
    0x5e, 0x74, 0x5e, 0x74, 0x5e, 0x74, 0x7e, 0x74, 0x7e, 0x7c, 0x7e, 0x7c, 0x7e, 0x7c, 0x7e, 0x7c,
    0x7e, 0x7c, 0x7e, 0x7c, 0x7e, 0x7c, 0x7e, 0x7c, 0x7e, 0x7c, 0x7e, 0x7c, 0x7e, 0x7c, 0x7e, 0x7c,
    0x7e, 0x7c, 0x7e, 0x7c, 0x7e, 0x7c, 0x9f, 0x84, 0x9f, 0x84, 0x9e, 0x84, 0x9e, 0x84, 0x9f, 0x84,
    0x9f, 0x84, 0x9f, 0x84, 0x9f, 0x84, 0x9f, 0x84, 0x9f, 0x84, 0x9f, 0x84, 0x9f, 0x84, 0x9f, 0x84,
    0x9f, 0x84, 0x9f, 0x84, 0x9f, 0x84, 0x9f, 0x84, 0x9f, 0x84, 0x9f, 0x84, 0x9f, 0x84, 0x9f, 0x84,
    0x9f, 0x84, 0x9e, 0x84, 0x7e, 0x84, 0x7e, 0x84, 0x7e, 0x84, 0x5d, 0x84, 0x5d, 0x84, 0x3d, 0x7c,
    0x3c, 0x7c, 0xfc, 0x7b, 0x3b, 0x84, 0xbf, 0xf7, 0xff, 0xff, 0xff, 0xff, 0xff, 0xff, 0xff, 0xff,
    0xff, 0xff, 0xff, 0xff, 0xff, 0xff, 0xff, 0xff, 0xff, 0xff, 0xff, 0xff, 0xff, 0xff, 0xff, 0xff,
    0xff, 0xff, 0xff, 0xff, 0xff, 0xff, 0xff, 0xff, 0xff, 0xff, 0xff, 0xff, 0xff, 0xff, 0xff, 0xff,
    0xff, 0xff, 0xff, 0xff, 0xff, 0xff, 0xff, 0xff, 0xff, 0xff, 0xff, 0xff, 0xff, 0xff, 0xff, 0xff,
    0xff, 0xff, 0xff, 0xff, 0xff, 0xff, 0xff, 0xff, 0xff, 0xff, 0xfc, 0x9c, 0xbb, 0x7b, 0x1c, 0x84,
    0x1c, 0x84, 0x3d, 0x84, 0x5d, 0x84, 0x5e, 0x8c, 0x5e, 0x8c, 0x5e, 0x8c, 0x7e, 0x8c, 0x7e, 0x8c,
    0x7f, 0x8c, 0x7f, 0x8c, 0x7f, 0x8c, 0x7f, 0x8c, 0x7f, 0x8c, 0x7f, 0x8c, 0x7e, 0x8c, 0x7e, 0x8c,
    0x7e, 0x8c, 0x5e, 0x8c, 0x5e, 0x8c, 0x5e, 0x8c, 0x5e, 0x8c, 0x5e, 0x8c, 0x5e, 0x8c, 0x5e, 0x8c,
    0x5e, 0x8c, 0x5e, 0x8c, 0x5e, 0x8c, 0x5e, 0x8c, 0x5e, 0x8c, 0x3e, 0x8c, 0x3e, 0x8c, 0x3e, 0x8c,
    0x3e, 0x8c, 0x3e, 0x8c, 0x3e, 0x8c, 0x3e, 0x8c, 0x3e, 0x8c, 0x3e, 0x8c, 0x3e, 0x8c, 0x1e, 0x8c,
    0x1e, 0x8c, 0x1e, 0x8c, 0x1e, 0x8c, 0x1e, 0x8c, 0x1e, 0x8c, 0x1e, 0x8c, 0x1e, 0x8c, 0xfe, 0x8b,
    0xfe, 0x8b, 0xfe, 0x8b, 0xfe, 0x8b, 0xfe, 0x8b, 0xfe, 0x8b, 0xfd, 0x8b, 0xfd, 0x8b, 0xdd, 0x8b,
    0xdd, 0x8b, 0xdd, 0x83, 0xdd, 0x83, 0xdd, 0x83, 0xdd, 0x83, 0xdd, 0x83, 0xdd, 0x83, 0xbd, 0x83,
    0xbd, 0x83, 0xbd, 0x83, 0xbd, 0x83, 0xbd, 0x83, 0xbd, 0x83, 0xbd, 0x83, 0xbd, 0x83, 0xbd, 0x83,
    0x9d, 0x83, 0x9c, 0x83, 0x9b, 0x83, 0x9b, 0x83, 0x9b, 0x83, 0x9b, 0x83, 0x7c, 0x83, 0x9d, 0x83,
    0x1d, 0x64, 0xfc, 0x63, 0xfc, 0x63, 0x1c, 0x64, 0x1c, 0x6c, 0xfc, 0x63, 0xfc, 0x63, 0x1d, 0x64,
    0x1e, 0x64, 0x1e, 0x6c, 0x1e, 0x6c, 0x3e, 0x6c, 0x3e, 0x6c, 0x3d, 0x6c, 0x3e, 0x6c, 0x3e, 0x6c,
    0x3e, 0x6c, 0x3e, 0x6c, 0x3e, 0x6c, 0x3e, 0x6c, 0x3e, 0x6c, 0x3e, 0x6c, 0x3e, 0x6c, 0x3e, 0x74,
    0x3e, 0x74, 0x5e, 0x74, 0x5e, 0x74, 0x5e, 0x74, 0x5e, 0x74, 0x5e, 0x74, 0x5e, 0x74, 0x5e, 0x74,
    0x5e, 0x74, 0x5e, 0x74, 0x5e, 0x74, 0x5e, 0x74, 0x7e, 0x74, 0x5e, 0x74, 0x5e, 0x7c, 0x7e, 0x7c,
    0x7e, 0x7c, 0x7e, 0x7c, 0x7e, 0x7c, 0x7e, 0x7c, 0x7e, 0x7c, 0x7e, 0x7c, 0x7e, 0x7c, 0x7e, 0x7c,
    0x7e, 0x7c, 0x7e, 0x7c, 0x7e, 0x7c, 0x7e, 0x7c, 0x7e, 0x7c, 0x9e, 0x84, 0x9e, 0x84, 0x9e, 0x84,
    0x9e, 0x84, 0x9f, 0x84, 0x9f, 0x84, 0x9f, 0x84, 0x9f, 0x84, 0x9f, 0x84, 0x9f, 0x84, 0x9f, 0x84,
    0x9f, 0x84, 0x9f, 0x84, 0x9f, 0x84, 0x9f, 0x84, 0x9f, 0x84, 0x9f, 0x84, 0x9f, 0x84, 0x9f, 0x84,
    0x9e, 0x84, 0x9e, 0x84, 0x7e, 0x84, 0x7e, 0x84, 0x5e, 0x84, 0x5d, 0x84, 0x5d, 0x84, 0x3d, 0x7c,
    0x3c, 0x7c, 0xfc, 0x7b, 0x3b, 0x84, 0xbf, 0xf7, 0xff, 0xff, 0xff, 0xff, 0xff, 0xff, 0xff, 0xff,
    0xff, 0xff, 0xff, 0xff, 0xff, 0xff, 0xff, 0xff, 0xff, 0xff, 0xff, 0xff, 0xff, 0xff, 0xff, 0xff,
    0xff, 0xff, 0xff, 0xff, 0xff, 0xff, 0xff, 0xff, 0xff, 0xff, 0xff, 0xff, 0xff, 0xff, 0xff, 0xff,
    0xff, 0xff, 0xff, 0xff, 0xff, 0xff, 0xff, 0xff, 0xff, 0xff, 0xff, 0xff, 0xff, 0xff, 0xff, 0xff,
    0xff, 0xff, 0xff, 0xff, 0xff, 0xff, 0xff, 0xff, 0xff, 0xff, 0xfc, 0x9c, 0xbb, 0x7b, 0x1c, 0x84,
    0x1c, 0x84, 0x3d, 0x84, 0x3d, 0x84, 0x3e, 0x8c, 0x5e, 0x8c, 0x5e, 0x8c, 0x5e, 0x8c, 0x7e, 0x8c,
    0x7e, 0x8c, 0x7e, 0x8c, 0x7e, 0x8c, 0x7f, 0x8c, 0x7e, 0x8c, 0x5e, 0x8c, 0x5e, 0x8c, 0x5e, 0x8c,
    0x5e, 0x8c, 0x5e, 0x8c, 0x5e, 0x8c, 0x5e, 0x8c, 0x5e, 0x8c, 0x5e, 0x8c, 0x5e, 0x8c, 0x5e, 0x8c,
    0x5e, 0x8c, 0x5e, 0x8c, 0x5e, 0x8c, 0x3e, 0x8c, 0x3e, 0x8c, 0x3e, 0x8c, 0x3e, 0x8c, 0x3e, 0x8c,
    0x3e, 0x8c, 0x3e, 0x8c, 0x3e, 0x8c, 0x3e, 0x8c, 0x3e, 0x8c, 0x1e, 0x8c, 0x1e, 0x8c, 0x1e, 0x8c,
    0x1e, 0x8c, 0x1e, 0x8c, 0x1e, 0x8c, 0x1e, 0x8c, 0x1e, 0x8c, 0xfe, 0x8b, 0xfe, 0x8b, 0xfe, 0x8b,
    0xfe, 0x8b, 0xfe, 0x8b, 0xfe, 0x8b, 0xfe, 0x8b, 0xfd, 0x8b, 0xdd, 0x83, 0xdd, 0x83, 0xdd, 0x83,
    0xdd, 0x83, 0xdd, 0x83, 0xdd, 0x83, 0xdd, 0x83, 0xdd, 0x83, 0xbd, 0x83, 0xbd, 0x83, 0xbd, 0x83,
    0xbd, 0x83, 0xbd, 0x83, 0xbd, 0x83, 0xbd, 0x83, 0xbd, 0x83, 0xbd, 0x83, 0x9d, 0x83, 0x9d, 0x83,
    0x9d, 0x83, 0x9c, 0x83, 0x7b, 0x83, 0x9b, 0x83, 0x9b, 0x83, 0x7b, 0x83, 0x7c, 0x83, 0x7d, 0x83,
    0xfd, 0x63, 0xfc, 0x63, 0xfc, 0x63, 0x1c, 0x64, 0x1c, 0x64, 0xfc, 0x63, 0xfc, 0x63, 0x1d, 0x64,
    0x1d, 0x64, 0x1e, 0x64, 0x1e, 0x64, 0x1e, 0x6c, 0x1d, 0x6c, 0x1d, 0x6c, 0x1d, 0x6c, 0x3e, 0x6c,
    0x3e, 0x6c, 0x3e, 0x6c, 0x3e, 0x6c, 0x3e, 0x6c, 0x3e, 0x6c, 0x3e, 0x6c, 0x3e, 0x6c, 0x3e, 0x6c,
    0x3e, 0x6c, 0x3e, 0x6c, 0x3e, 0x74, 0x3e, 0x74, 0x5e, 0x74, 0x5e, 0x74, 0x5e, 0x74, 0x5e, 0x74,
    0x5e, 0x74, 0x5e, 0x74, 0x5e, 0x74, 0x5e, 0x74, 0x5e, 0x74, 0x5e, 0x74, 0x5e, 0x7c, 0x5e, 0x7c,
    0x7e, 0x7c, 0x7e, 0x7c, 0x7e, 0x7c, 0x7e, 0x7c, 0x7e, 0x7c, 0x7e, 0x7c, 0x7e, 0x7c, 0x7e, 0x7c,
    0x7e, 0x7c, 0x7e, 0x7c, 0x7e, 0x7c, 0x7e, 0x7c, 0x7e, 0x7c, 0x7e, 0x84, 0x7e, 0x84, 0x7e, 0x84,
    0x7e, 0x84, 0x9e, 0x84, 0x9e, 0x84, 0x9f, 0x84, 0x9f, 0x84, 0x9f, 0x84, 0x9f, 0x84, 0x9f, 0x84,
    0x9f, 0x84, 0x9f, 0x84, 0x9f, 0x84, 0x9f, 0x84, 0x9f, 0x84, 0x9f, 0x84, 0x9f, 0x84, 0x9f, 0x84,
    0x9e, 0x84, 0x9e, 0x84, 0x7e, 0x84, 0x7e, 0x84, 0x5e, 0x84, 0x5d, 0x84, 0x3d, 0x7c, 0x3c, 0x7c,
    0x1c, 0x7c, 0xfb, 0x73, 0x3b, 0x84, 0xbf, 0xf7, 0xff, 0xff, 0xff, 0xff, 0xff, 0xff, 0xff, 0xff,
    0xff, 0xff, 0xff, 0xff, 0xff, 0xff, 0xff, 0xff, 0xff, 0xff, 0xff, 0xff, 0xff, 0xff, 0xff, 0xff,
    0xff, 0xff, 0xff, 0xff, 0xff, 0xff, 0xff, 0xff, 0xff, 0xff, 0xff, 0xff, 0xff, 0xff, 0xff, 0xff,
    0xff, 0xff, 0xff, 0xff, 0xff, 0xff, 0xff, 0xff, 0xff, 0xff, 0xff, 0xff, 0xff, 0xff, 0xff, 0xff,
    0xff, 0xff, 0xff, 0xff, 0xff, 0xff, 0xff, 0xff, 0xff, 0xff, 0xfc, 0x9c, 0xbb, 0x73, 0x1c, 0x84,
    0x1c, 0x84, 0x3d, 0x84, 0x3d, 0x84, 0x3d, 0x8c, 0x5e, 0x8c, 0x5e, 0x8c, 0x5e, 0x8c, 0x7e, 0x8c,
    0x7e, 0x8c, 0x7e, 0x8c, 0x7f, 0x8c, 0x7f, 0x8c, 0x5e, 0x8c, 0x5e, 0x8c, 0x5e, 0x8c, 0x5e, 0x8c,
    0x5e, 0x8c, 0x5e, 0x8c, 0x5e, 0x8c, 0x5e, 0x8c, 0x5e, 0x8c, 0x5e, 0x8c, 0x5e, 0x8c, 0x5e, 0x8c,
    0x5e, 0x8c, 0x3e, 0x8c, 0x3e, 0x8c, 0x3e, 0x8c, 0x3e, 0x8c, 0x3e, 0x8c, 0x3e, 0x8c, 0x3e, 0x8c,
    0x3e, 0x8c, 0x3e, 0x8c, 0x3e, 0x8c, 0x3e, 0x8c, 0x1e, 0x8c, 0x1e, 0x8c, 0x1e, 0x8c, 0x1e, 0x8c,
    0x1e, 0x8c, 0x1e, 0x8c, 0x1e, 0x8c, 0xfe, 0x8b, 0xfe, 0x8b, 0xfe, 0x8b, 0xfe, 0x8b, 0xfe, 0x8b,
    0xfe, 0x8b, 0xfe, 0x8b, 0xfe, 0x8b, 0xfd, 0x8b, 0xdd, 0x83, 0xdd, 0x83, 0xdd, 0x83, 0xdd, 0x83,
    0xdd, 0x83, 0xdd, 0x83, 0xdd, 0x83, 0xbd, 0x83, 0xbd, 0x83, 0xbd, 0x83, 0xbd, 0x83, 0xbd, 0x83,
    0xbd, 0x83, 0xbd, 0x83, 0xbd, 0x83, 0xbd, 0x83, 0xbd, 0x83, 0x9d, 0x83, 0x9d, 0x83, 0x9d, 0x83,
    0x9d, 0x83, 0x7c, 0x7b, 0x7b, 0x7b, 0x9b, 0x83, 0x9b, 0x83, 0x7b, 0x7b, 0x7c, 0x7b, 0x7d, 0x83,
    0xfd, 0x63, 0xfc, 0x63, 0xfc, 0x63, 0xfc, 0x63, 0xfc, 0x63, 0xfc, 0x63, 0xfc, 0x63, 0xfd, 0x63,
    0x1d, 0x64, 0x1d, 0x64, 0x1d, 0x64, 0x1d, 0x64, 0x1d, 0x6c, 0x1d, 0x6c, 0x1d, 0x6c, 0x1d, 0x6c,
    0x1d, 0x6c, 0x1d, 0x6c, 0x1e, 0x6c, 0x3e, 0x6c, 0x3e, 0x6c, 0x3e, 0x6c, 0x3e, 0x6c, 0x3e, 0x6c,
    0x3e, 0x6c, 0x3e, 0x6c, 0x3e, 0x74, 0x3e, 0x74, 0x3e, 0x74, 0x3e, 0x74, 0x5e, 0x74, 0x5e, 0x74,
    0x5e, 0x74, 0x5e, 0x74, 0x5e, 0x74, 0x5e, 0x74, 0x5e, 0x74, 0x5e, 0x74, 0x5e, 0x74, 0x5e, 0x74,
    0x5e, 0x7c, 0x5e, 0x7c, 0x7e, 0x7c, 0x7e, 0x7c, 0x7e, 0x7c, 0x7e, 0x7c, 0x7e, 0x7c, 0x7e, 0x7c,
    0x7e, 0x7c, 0x7e, 0x7c, 0x7e, 0x7c, 0x7e, 0x7c, 0x7e, 0x7c, 0x7e, 0x7c, 0x7e, 0x7c, 0x7e, 0x7c,
    0x7e, 0x84, 0x7e, 0x84, 0x7e, 0x84, 0x7e, 0x84, 0x9e, 0x84, 0x9e, 0x84, 0x9f, 0x84, 0x9f, 0x84,
    0x9f, 0x84, 0x9f, 0x84, 0x9f, 0x84, 0x9f, 0x84, 0x9f, 0x84, 0x9f, 0x84, 0x9e, 0x84, 0x7f, 0x84,
    0x9e, 0x84, 0x7e, 0x84, 0x7e, 0x84, 0x7e, 0x84, 0x5e, 0x84, 0x5d, 0x84, 0x3d, 0x7c, 0x3c, 0x7c,
    0x1c, 0x7c, 0xfb, 0x73, 0x3b, 0x84, 0xbf, 0xf7, 0xff, 0xff, 0xff, 0xff, 0xff, 0xff, 0xff, 0xff,
    0xff, 0xff, 0xff, 0xff, 0xff, 0xff, 0xff, 0xff, 0xff, 0xff, 0xff, 0xff, 0xff, 0xff, 0xff, 0xff,
    0xff, 0xff, 0xff, 0xff, 0xff, 0xff, 0xff, 0xff, 0xff, 0xff, 0xff, 0xff, 0xff, 0xff, 0xff, 0xff,
    0xff, 0xff, 0xff, 0xff, 0xff, 0xff, 0xff, 0xff, 0xff, 0xff, 0xff, 0xff, 0xff, 0xff, 0xff, 0xff,
    0xff, 0xff, 0xff, 0xff, 0xff, 0xff, 0xff, 0xff, 0xff, 0xff, 0xfc, 0x9c, 0xbb, 0x73, 0x1c, 0x84,
    0x1c, 0x84, 0x1d, 0x84, 0x3d, 0x84, 0x3d, 0x8c, 0x5e, 0x8c, 0x5e, 0x8c, 0x5e, 0x8c, 0x5e, 0x8c,
    0x5e, 0x8c, 0x7e, 0x8c, 0x7e, 0x8c, 0x5e, 0x8c, 0x5e, 0x8c, 0x5e, 0x8c, 0x5e, 0x8c, 0x5e, 0x8c,
    0x5e, 0x8c, 0x5e, 0x8c, 0x5e, 0x8c, 0x5e, 0x8c, 0x5e, 0x8c, 0x5e, 0x8c, 0x5e, 0x8c, 0x3e, 0x8c,
    0x3e, 0x8c, 0x3e, 0x8c, 0x3e, 0x8c, 0x3e, 0x8c, 0x3e, 0x8c, 0x3e, 0x8c, 0x3e, 0x8c, 0x3e, 0x8c,
    0x3e, 0x8c, 0x3e, 0x8c, 0x1e, 0x8c, 0x1e, 0x8c, 0x1e, 0x8c, 0x1e, 0x8c, 0x1e, 0x8c, 0x1e, 0x8c,
    0x1e, 0x8c, 0xfe, 0x8b, 0xfe, 0x8b, 0xfe, 0x8b, 0xfe, 0x8b, 0xfe, 0x8b, 0xfe, 0x8b, 0xfe, 0x8b,
    0xfe, 0x8b, 0xde, 0x8b, 0xdd, 0x83, 0xdd, 0x83, 0xdd, 0x83, 0xdd, 0x83, 0xdd, 0x83, 0xdd, 0x83,
    0xdd, 0x83, 0xdd, 0x83, 0xbd, 0x83, 0xbd, 0x83, 0xbd, 0x83, 0xbd, 0x83, 0xbd, 0x83, 0xbd, 0x83,
    0xbd, 0x83, 0xbd, 0x83, 0xbd, 0x83, 0x9d, 0x83, 0x9d, 0x83, 0x9d, 0x83, 0x9d, 0x83, 0x9d, 0x83,
    0x9d, 0x83, 0x7c, 0x7b, 0x7b, 0x7b, 0x9b, 0x83, 0x9b, 0x83, 0x7b, 0x7b, 0x7c, 0x7b, 0x7c, 0x83,
    0xfd, 0x63, 0xfc, 0x63, 0xfc, 0x63, 0xfb, 0x63, 0xfb, 0x63, 0xfc, 0x63, 0xfc, 0x63, 0xfd, 0x63,
    0x1d, 0x64, 0x1d, 0x64, 0x1d, 0x64, 0x1d, 0x64, 0x1d, 0x64, 0x1d, 0x64, 0x1d, 0x6c, 0x1d, 0x6c,
    0x1d, 0x6c, 0x1d, 0x6c, 0x1d, 0x6c, 0x1d, 0x6c, 0x1e, 0x6c, 0x3e, 0x6c, 0x3e, 0x6c, 0x3e, 0x6c,
    0x3e, 0x6c, 0x3e, 0x6c, 0x3e, 0x6c, 0x3e, 0x74, 0x3e, 0x74, 0x3e, 0x74, 0x3e, 0x74, 0x3e, 0x74,
    0x3e, 0x74, 0x5e, 0x74, 0x5e, 0x74, 0x5e, 0x74, 0x5e, 0x74, 0x5e, 0x74, 0x5e, 0x74, 0x5e, 0x74,
    0x5e, 0x7c, 0x5e, 0x7c, 0x5e, 0x7c, 0x5e, 0x7c, 0x5e, 0x7c, 0x5e, 0x7c, 0x5e, 0x7c, 0x7e, 0x7c,
    0x7e, 0x7c, 0x7e, 0x7c, 0x7e, 0x7c, 0x7e, 0x7c, 0x7e, 0x7c, 0x7e, 0x7c, 0x7e, 0x7c, 0x7e, 0x7c,
    0x7e, 0x84, 0x7e, 0x84, 0x7e, 0x84, 0x7e, 0x84, 0x7e, 0x84, 0x7e, 0x84, 0x7e, 0x84, 0x7e, 0x84,
    0x7e, 0x84, 0x7f, 0x84, 0x7f, 0x84, 0x9f, 0x84, 0x9f, 0x84, 0x9f, 0x84, 0x9e, 0x84, 0x7e, 0x84,
    0x7e, 0x84, 0x7e, 0x84, 0x7e, 0x84, 0x7e, 0x84, 0x5e, 0x84, 0x5d, 0x84, 0x3d, 0x7c, 0x3c, 0x7c,
    0x1c, 0x7c, 0xfb, 0x73, 0x3b, 0x84, 0xbf, 0xf7, 0xff, 0xff, 0xff, 0xff, 0xff, 0xff, 0xff, 0xff,
    0xff, 0xff, 0xff, 0xff, 0xff, 0xff, 0xff, 0xff, 0xff, 0xff, 0xff, 0xff, 0xff, 0xff, 0xff, 0xff,
    0xff, 0xff, 0xff, 0xff, 0xff, 0xff, 0xff, 0xff, 0xff, 0xff, 0xff, 0xff, 0xff, 0xff, 0xff, 0xff,
    0xff, 0xff, 0xff, 0xff, 0xff, 0xff, 0xff, 0xff, 0xff, 0xff, 0xff, 0xff, 0xff, 0xff, 0xff, 0xff,
    0xff, 0xff, 0xff, 0xff, 0xff, 0xff, 0xff, 0xff, 0xff, 0xff, 0xfc, 0x9c, 0xbb, 0x73, 0x1c, 0x84,
    0x1c, 0x84, 0x1d, 0x84, 0x3d, 0x84, 0x3d, 0x84, 0x3e, 0x8c, 0x5e, 0x8c, 0x5e, 0x8c, 0x5e, 0x8c,
    0x5e, 0x8c, 0x5e, 0x8c, 0x5e, 0x8c, 0x5e, 0x8c, 0x5e, 0x8c, 0x5e, 0x8c, 0x5e, 0x8c, 0x5e, 0x8c,
    0x5e, 0x8c, 0x5e, 0x8c, 0x5e, 0x8c, 0x5e, 0x8c, 0x3e, 0x8c, 0x3e, 0x8c, 0x3e, 0x8c, 0x3e, 0x8c,
    0x3e, 0x8c, 0x3e, 0x8c, 0x3e, 0x8c, 0x3e, 0x8c, 0x3e, 0x8c, 0x3e, 0x8c, 0x3e, 0x8c, 0x3e, 0x8c,
    0x1e, 0x8c, 0x1e, 0x8c, 0x1e, 0x8c, 0x1e, 0x8c, 0x1e, 0x8c, 0x1e, 0x8c, 0x1e, 0x8c, 0xfe, 0x8b,
    0xfe, 0x8b, 0xfe, 0x8b, 0xfe, 0x8b, 0xfe, 0x8b, 0xfe, 0x8b, 0xfe, 0x83, 0xfe, 0x8b, 0xfe, 0x8b,
    0xdd, 0x83, 0xdd, 0x83, 0xdd, 0x83, 0xdd, 0x83, 0xdd, 0x83, 0xdd, 0x83, 0xdd, 0x83, 0xdd, 0x83,
    0xbd, 0x83, 0xbd, 0x83, 0xbd, 0x83, 0xbd, 0x83, 0xbd, 0x83, 0xbd, 0x83, 0xbd, 0x83, 0xbd, 0x83,
    0x9d, 0x83, 0x9d, 0x83, 0x9d, 0x83, 0x9d, 0x83, 0x9d, 0x83, 0x9d, 0x83, 0x9d, 0x83, 0x9d, 0x83,
    0x7c, 0x83, 0x7c, 0x7b, 0x7b, 0x7b, 0x9b, 0x83, 0x7b, 0x83, 0x7b, 0x7b, 0x5c, 0x7b, 0x7c, 0x83,
    0xfd, 0x63, 0xdc, 0x5b, 0xdc, 0x63, 0xfb, 0x63, 0xfb, 0x63, 0xdc, 0x63, 0xdc, 0x63, 0xfd, 0x63,
    0x1d, 0x64, 0x1d, 0x64, 0x1d, 0x64, 0x1d, 0x64, 0x1d, 0x64, 0x1d, 0x64, 0x1d, 0x6c, 0x1d, 0x6c,
    0x1d, 0x6c, 0x1d, 0x6c, 0x1d, 0x6c, 0x1d, 0x6c, 0x1d, 0x6c, 0x1d, 0x6c, 0x1e, 0x6c, 0x1e, 0x6c,
    0x1e, 0x6c, 0x3e, 0x6c, 0x3e, 0x6c, 0x3e, 0x6c, 0x3e, 0x6c, 0x3e, 0x74, 0x3e, 0x74, 0x3e, 0x74,
    0x3e, 0x74, 0x3e, 0x74, 0x3e, 0x74, 0x3e, 0x74, 0x5e, 0x74, 0x5e, 0x74, 0x5e, 0x74, 0x5e, 0x74,
    0x5e, 0x74, 0x5e, 0x74, 0x5e, 0x7c, 0x5e, 0x7c, 0x5e, 0x7c, 0x5e, 0x7c, 0x5e, 0x7c, 0x5e, 0x7c,
    0x5e, 0x7c, 0x7e, 0x7c, 0x7e, 0x7c, 0x7e, 0x7c, 0x7e, 0x7c, 0x7e, 0x7c, 0x7e, 0x7c, 0x7e, 0x7c,
    0x7e, 0x7c, 0x7e, 0x7c, 0x7e, 0x84, 0x7e, 0x84, 0x7e, 0x84, 0x7e, 0x84, 0x7e, 0x84, 0x7e, 0x84,
    0x7e, 0x84, 0x7e, 0x84, 0x7e, 0x84, 0x7e, 0x84, 0x7f, 0x84, 0x7f, 0x84, 0x9e, 0x84, 0x7e, 0x84,
    0x7e, 0x84, 0x7e, 0x84, 0x7e, 0x84, 0x5e, 0x84, 0x5d, 0x84, 0x3d, 0x7c, 0x3d, 0x7c, 0x3c, 0x7c,
    0x1c, 0x7c, 0xfb, 0x73, 0x3b, 0x7c, 0xbf, 0xf7, 0xff, 0xff, 0xff, 0xff, 0xff, 0xff, 0xff, 0xff,
    0xff, 0xff, 0xff, 0xff, 0xff, 0xff, 0xff, 0xff, 0xff, 0xff, 0xff, 0xff, 0xff, 0xff, 0xff, 0xff,
    0xff, 0xff, 0xff, 0xff, 0xff, 0xff, 0xff, 0xff, 0xff, 0xff, 0xff, 0xff, 0xff, 0xff, 0xff, 0xff,
    0xff, 0xff, 0xff, 0xff, 0xff, 0xff, 0xff, 0xff, 0xff, 0xff, 0xff, 0xff, 0xff, 0xff, 0xff, 0xff,
    0xff, 0xff, 0xff, 0xff, 0xff, 0xff, 0xff, 0xff, 0xff, 0xff, 0xfc, 0x9c, 0xbb, 0x73, 0xfc, 0x83,
    0x1c, 0x84, 0x1d, 0x84, 0x3d, 0x84, 0x3d, 0x84, 0x3e, 0x8c, 0x5e, 0x8c, 0x5e, 0x8c, 0x5e, 0x8c,
    0x5e, 0x8c, 0x5e, 0x8c, 0x5e, 0x8c, 0x5e, 0x8c, 0x5e, 0x8c, 0x5e, 0x8c, 0x5e, 0x8c, 0x5e, 0x8c,
    0x5e, 0x8c, 0x5e, 0x8c, 0x3e, 0x8c, 0x3e, 0x8c, 0x3e, 0x8c, 0x3e, 0x8c, 0x3e, 0x8c, 0x3e, 0x8c,
    0x3e, 0x8c, 0x3e, 0x8c, 0x3e, 0x8c, 0x3e, 0x8c, 0x3e, 0x8c, 0x3e, 0x8c, 0x1e, 0x8c, 0x1e, 0x8c,
    0x1e, 0x8c, 0x1e, 0x8c, 0x1e, 0x8c, 0x1e, 0x8c, 0x1e, 0x8c, 0x1e, 0x8c, 0xfe, 0x8b, 0xfe, 0x8b,
    0xfe, 0x8b, 0xfe, 0x8b, 0xfe, 0x8b, 0xfe, 0x8b, 0xfe, 0x83, 0xfe, 0x83, 0xfd, 0x83, 0xdd, 0x83,
    0xdd, 0x83, 0xdd, 0x83, 0xdd, 0x83, 0xdd, 0x83, 0xdd, 0x83, 0xdd, 0x83, 0xbd, 0x83, 0xbd, 0x83,
    0xbd, 0x83, 0xbd, 0x83, 0xbd, 0x83, 0xbd, 0x83, 0xbd, 0x83, 0xbd, 0x83, 0x9d, 0x83, 0x9d, 0x83,
    0x9d, 0x83, 0x9d, 0x83, 0x9d, 0x83, 0x9d, 0x83, 0x9d, 0x83, 0x9d, 0x83, 0x9d, 0x83, 0x9d, 0x83,
    0x7c, 0x83, 0x7c, 0x7b, 0x7b, 0x7b, 0x7b, 0x7b, 0x7b, 0x83, 0x5b, 0x7b, 0x5c, 0x7b, 0x7c, 0x83,
    0xfd, 0x5b, 0xdc, 0x5b, 0xdc, 0x63, 0xfb, 0x63, 0xfb, 0x63, 0xdc, 0x63, 0xdc, 0x63, 0xfd, 0x63,
    0xfd, 0x63, 0xfd, 0x63, 0xfd, 0x63, 0x1d, 0x64, 0x1d, 0x64, 0x1d, 0x64, 0x1d, 0x64, 0x1d, 0x64,
    0x1d, 0x64, 0x1d, 0x6c, 0x1d, 0x6c, 0x1d, 0x6c, 0x1d, 0x6c, 0x1d, 0x6c, 0x1d, 0x6c, 0x1d, 0x6c,
    0x1e, 0x6c, 0x1e, 0x6c, 0x1e, 0x6c, 0x3e, 0x6c, 0x3e, 0x6c, 0x3e, 0x6c, 0x3e, 0x74, 0x3e, 0x74,
    0x3e, 0x74, 0x3e, 0x74, 0x3e, 0x74, 0x3e, 0x74, 0x3e, 0x74, 0x3e, 0x74, 0x5e, 0x74, 0x5e, 0x74,
    0x5e, 0x74, 0x5e, 0x74, 0x5e, 0x74, 0x5e, 0x7c, 0x5e, 0x7c, 0x5e, 0x7c, 0x5e, 0x7c, 0x5e, 0x7c,
    0x5e, 0x7c, 0x5e, 0x7c, 0x5e, 0x7c, 0x5e, 0x7c, 0x5e, 0x7c, 0x5e, 0x7c, 0x7e, 0x7c, 0x7e, 0x7c,
    0x7e, 0x7c, 0x7e, 0x7c, 0x7e, 0x7c, 0x7e, 0x84, 0x7e, 0x84, 0x7e, 0x84, 0x7e, 0x84, 0x7e, 0x84,
    0x7e, 0x84, 0x7e, 0x84, 0x7e, 0x84, 0x7e, 0x84, 0x7e, 0x84, 0x7e, 0x84, 0x7e, 0x84, 0x7e, 0x84,
    0x7e, 0x84, 0x7e, 0x84, 0x5e, 0x84, 0x5e, 0x84, 0x5d, 0x84, 0x3d, 0x7c, 0x3d, 0x7c, 0x1c, 0x7c,
    0x1c, 0x7c, 0xfb, 0x73, 0x3b, 0x7c, 0xbf, 0xf7, 0xff, 0xff, 0xff, 0xff, 0xff, 0xff, 0xff, 0xff,
    0xff, 0xff, 0xff, 0xff, 0xff, 0xff, 0xff, 0xff, 0xff, 0xff, 0xff, 0xff, 0xff, 0xff, 0xff, 0xff,
    0xff, 0xff, 0xff, 0xff, 0xff, 0xff, 0xff, 0xff, 0xff, 0xff, 0xff, 0xff, 0xff, 0xff, 0xff, 0xff,
    0xff, 0xff, 0xff, 0xff, 0xff, 0xff, 0xff, 0xff, 0xff, 0xff, 0xff, 0xff, 0xff, 0xff, 0xff, 0xff,
    0xff, 0xff, 0xff, 0xff, 0xff, 0xff, 0xff, 0xff, 0xff, 0xff, 0xdc, 0x9c, 0x9b, 0x73, 0xfc, 0x83,
    0x1c, 0x84, 0x1c, 0x84, 0x1d, 0x84, 0x3d, 0x84, 0x3d, 0x8c, 0x5e, 0x8c, 0x5e, 0x8c, 0x5e, 0x8c,
    0x5e, 0x8c, 0x5e, 0x8c, 0x5e, 0x8c, 0x5e, 0x8c, 0x5e, 0x8c, 0x5e, 0x8c, 0x5e, 0x8c, 0x5e, 0x8c,
    0x5e, 0x8c, 0x3e, 0x8c, 0x3e, 0x8c, 0x3e, 0x8c, 0x3e, 0x8c, 0x3e, 0x8c, 0x3e, 0x8c, 0x3e, 0x8c,
    0x3e, 0x8c, 0x3e, 0x8c, 0x3e, 0x8c, 0x1e, 0x8c, 0x1e, 0x8c, 0x1e, 0x8c, 0x1e, 0x8c, 0x1e, 0x8c,
    0x1e, 0x8c, 0x1e, 0x8c, 0x1e, 0x8c, 0x1e, 0x8c, 0xfe, 0x8b, 0xfe, 0x8b, 0xfe, 0x8b, 0xfe, 0x8b,
    0xfe, 0x8b, 0xfe, 0x8b, 0xfe, 0x83, 0xfe, 0x83, 0xfd, 0x83, 0xdd, 0x83, 0xdd, 0x83, 0xdd, 0x83,
    0xdd, 0x83, 0xdd, 0x83, 0xdd, 0x83, 0xdd, 0x83, 0xbd, 0x83, 0xbd, 0x83, 0xbd, 0x83, 0xbd, 0x83,
    0xbd, 0x83, 0xbd, 0x83, 0xbd, 0x83, 0x9d, 0x83, 0x9d, 0x83, 0x9d, 0x83, 0x9d, 0x83, 0x9d, 0x83,
    0x9d, 0x83, 0x9d, 0x83, 0x9d, 0x83, 0x9d, 0x83, 0x9d, 0x83, 0x7d, 0x83, 0x7d, 0x83, 0x7d, 0x83,
    0x7c, 0x7b, 0x5c, 0x7b, 0x5b, 0x7b, 0x7b, 0x7b, 0x7b, 0x7b, 0x5b, 0x7b, 0x5c, 0x7b, 0x5c, 0x7b,
    0xfd, 0x5b, 0xdc, 0x5b, 0xdc, 0x63, 0xfb, 0x63, 0xfb, 0x63, 0xdc, 0x63, 0xdc, 0x63, 0xfd, 0x63,
    0xfd, 0x63, 0xfd, 0x63, 0xfd, 0x63, 0xfd, 0x63, 0xfd, 0x63, 0xfd, 0x63, 0xfd, 0x63, 0xfd, 0x63,
    0x1d, 0x64, 0x1d, 0x6c, 0x1d, 0x6c, 0x1d, 0x6c, 0x1d, 0x6c, 0x1d, 0x6c, 0x1d, 0x6c, 0x1d, 0x6c,
    0x1d, 0x6c, 0x1d, 0x6c, 0x1e, 0x6c, 0x1e, 0x6c, 0x1e, 0x6c, 0x3e, 0x6c, 0x3e, 0x6c, 0x3e, 0x74,
    0x3e, 0x74, 0x3e, 0x74, 0x3e, 0x74, 0x3e, 0x74, 0x3e, 0x74, 0x3e, 0x74, 0x3e, 0x74, 0x3e, 0x74,
    0x3e, 0x74, 0x3e, 0x74, 0x5e, 0x74, 0x5e, 0x7c, 0x5e, 0x7c, 0x5e, 0x7c, 0x5e, 0x7c, 0x5e, 0x7c,
    0x5e, 0x7c, 0x5e, 0x7c, 0x5e, 0x7c, 0x5e, 0x7c, 0x5e, 0x7c, 0x5e, 0x7c, 0x5e, 0x7c, 0x5e, 0x7c,
    0x7e, 0x7c, 0x7e, 0x7c, 0x7e, 0x7c, 0x7e, 0x84, 0x7e, 0x84, 0x7e, 0x84, 0x7e, 0x84, 0x7e, 0x84,
    0x7e, 0x84, 0x7e, 0x84, 0x7e, 0x84, 0x7e, 0x84, 0x7e, 0x84, 0x7e, 0x84, 0x7e, 0x84, 0x7e, 0x84,
    0x7e, 0x84, 0x7e, 0x84, 0x5e, 0x84, 0x5e, 0x84, 0x5d, 0x84, 0x3d, 0x7c, 0x3d, 0x7c, 0x1c, 0x7c,
    0x1c, 0x7c, 0xdb, 0x73, 0x1b, 0x7c, 0xbf, 0xf7, 0xff, 0xff, 0xff, 0xff, 0xff, 0xff, 0xff, 0xff,
    0xff, 0xff, 0xff, 0xff, 0xff, 0xff, 0xff, 0xff, 0xff, 0xff, 0xff, 0xff, 0xff, 0xff, 0xff, 0xff,
    0xff, 0xff, 0xff, 0xff, 0xff, 0xff, 0xff, 0xff, 0xff, 0xff, 0xff, 0xff, 0xff, 0xff, 0xff, 0xff,
    0xff, 0xff, 0xff, 0xff, 0xff, 0xff, 0xff, 0xff, 0xff, 0xff, 0xff, 0xff, 0xff, 0xff, 0xff, 0xff,
    0xff, 0xff, 0xff, 0xff, 0xff, 0xff, 0xff, 0xff, 0xff, 0xff, 0xdc, 0x9c, 0x9b, 0x73, 0xfc, 0x83,
    0xfc, 0x83, 0x1c, 0x84, 0x1d, 0x84, 0x3d, 0x84, 0x3d, 0x8c, 0x3e, 0x8c, 0x3e, 0x8c, 0x5e, 0x8c,
    0x5e, 0x8c, 0x5e, 0x8c, 0x5e, 0x8c, 0x5e, 0x8c, 0x5e, 0x8c, 0x5e, 0x8c, 0x5e, 0x8c, 0x5e, 0x8c,
    0x3e, 0x8c, 0x3e, 0x8c, 0x3e, 0x8c, 0x3e, 0x8c, 0x3e, 0x8c, 0x3e, 0x8c, 0x3e, 0x8c, 0x3e, 0x8c,
    0x3e, 0x8c, 0x3e, 0x8c, 0x1e, 0x8c, 0x1e, 0x8c, 0x1e, 0x8c, 0x1e, 0x8c, 0x1e, 0x8c, 0x1e, 0x8c,
    0x1e, 0x8c, 0x1e, 0x8c, 0x1e, 0x8c, 0xfe, 0x8b, 0xfe, 0x8b, 0xfe, 0x8b, 0xfe, 0x8b, 0xfe, 0x8b,
    0xfe, 0x83, 0xfe, 0x83, 0xfd, 0x83, 0xfd, 0x83, 0xdd, 0x83, 0xdd, 0x83, 0xdd, 0x83, 0xdd, 0x83,
    0xdd, 0x83, 0xdd, 0x83, 0xbd, 0x83, 0xbd, 0x83, 0xbd, 0x83, 0xbd, 0x83, 0xbd, 0x83, 0xbd, 0x83,
    0xbd, 0x83, 0x9d, 0x83, 0x9d, 0x83, 0x9d, 0x83, 0x9d, 0x83, 0x9d, 0x83, 0x9d, 0x83, 0x9d, 0x83,
    0x9d, 0x83, 0x9d, 0x83, 0x7d, 0x83, 0x7d, 0x83, 0x7d, 0x83, 0x7d, 0x83, 0x7d, 0x83, 0x7d, 0x83,
    0x7c, 0x7b, 0x5c, 0x7b, 0x5b, 0x7b, 0x7b, 0x7b, 0x7b, 0x7b, 0x5b, 0x7b, 0x5c, 0x7b, 0x5c, 0x7b,
    0xfd, 0x5b, 0xdc, 0x5b, 0xdc, 0x5b, 0xdb, 0x63, 0xfb, 0x63, 0xdc, 0x63, 0xdc, 0x63, 0xfd, 0x63,
    0xfd, 0x63, 0xfd, 0x63, 0xfd, 0x63, 0xfd, 0x63, 0xfd, 0x63, 0xfd, 0x63, 0xfd, 0x63, 0xfd, 0x63,
    0xfd, 0x63, 0xfd, 0x63, 0xfd, 0x63, 0x1d, 0x64, 0x1d, 0x6c, 0x1d, 0x6c, 0x1d, 0x6c, 0x1d, 0x6c,
    0x1d, 0x6c, 0x1d, 0x6c, 0x1d, 0x6c, 0x1d, 0x6c, 0x1e, 0x6c, 0x1e, 0x6c, 0x1e, 0x6c, 0x1e, 0x6c,
    0x3e, 0x74, 0x3e, 0x74, 0x3e, 0x74, 0x3e, 0x74, 0x3e, 0x74, 0x3e, 0x74, 0x3e, 0x74, 0x3e, 0x74,
    0x3e, 0x74, 0x3e, 0x74, 0x3e, 0x74, 0x3e, 0x74, 0x5e, 0x74, 0x5e, 0x74, 0x5e, 0x7c, 0x5e, 0x7c,
    0x5e, 0x7c, 0x5e, 0x7c, 0x5e, 0x7c, 0x5e, 0x7c, 0x5e, 0x7c, 0x5e, 0x7c, 0x5e, 0x7c, 0x5e, 0x7c,
    0x5e, 0x7c, 0x5e, 0x7c, 0x5e, 0x7c, 0x5e, 0x7c, 0x7e, 0x7c, 0x7e, 0x7c, 0x7e, 0x84, 0x7e, 0x84,
    0x7e, 0x84, 0x7e, 0x84, 0x7e, 0x84, 0x7e, 0x84, 0x7e, 0x84, 0x7e, 0x84, 0x7e, 0x84, 0x7e, 0x84,
    0x7e, 0x84, 0x7e, 0x84, 0x5e, 0x84, 0x5e, 0x84, 0x5d, 0x84, 0x3d, 0x7c, 0x1d, 0x7c, 0x1c, 0x7c,
    0xfc, 0x7b, 0xdb, 0x73, 0x1b, 0x7c, 0xbf, 0xf7, 0xff, 0xff, 0xff, 0xff, 0xff, 0xff, 0xff, 0xff,
    0xff, 0xff, 0xff, 0xff, 0xff, 0xff, 0xff, 0xff, 0xff, 0xff, 0xff, 0xff, 0xff, 0xff, 0xff, 0xff,
    0xff, 0xff, 0xff, 0xff, 0xff, 0xff, 0xff, 0xff, 0xff, 0xff, 0xff, 0xff, 0xff, 0xff, 0xff, 0xff,
    0xff, 0xff, 0xff, 0xff, 0xff, 0xff, 0xff, 0xff, 0xff, 0xff, 0xff, 0xff, 0xff, 0xff, 0xff, 0xff,
    0xff, 0xff, 0xff, 0xff, 0xff, 0xff, 0xff, 0xff, 0xff, 0xff, 0xdc, 0x9c, 0x9b, 0x73, 0xfc, 0x7b,
    0xfc, 0x83, 0x1c, 0x84, 0x1d, 0x84, 0x3d, 0x84, 0x3d, 0x84, 0x3e, 0x8c, 0x3e, 0x8c, 0x3e, 0x8c,
    0x3e, 0x8c, 0x5e, 0x8c, 0x5e, 0x8c, 0x5e, 0x8c, 0x5e, 0x8c, 0x5e, 0x8c, 0x5e, 0x8c, 0x3e, 0x8c,
    0x3e, 0x8c, 0x3e, 0x8c, 0x3e, 0x8c, 0x3e, 0x8c, 0x3e, 0x8c, 0x3e, 0x8c, 0x3e, 0x8c, 0x3e, 0x8c,
    0x3e, 0x8c, 0x1e, 0x8c, 0x1e, 0x8c, 0x1e, 0x8c, 0x1e, 0x8c, 0x1e, 0x8c, 0x1e, 0x8c, 0x1e, 0x8c,
    0x1e, 0x8c, 0x1e, 0x8c, 0xfe, 0x8b, 0xfe, 0x8b, 0xfe, 0x83, 0xfe, 0x83, 0xfe, 0x83, 0xfe, 0x83,
    0xfd, 0x83, 0xdd, 0x83, 0xdd, 0x83, 0xdd, 0x83, 0xdd, 0x83, 0xdd, 0x83, 0xdd, 0x83, 0xdd, 0x83,
    0xdd, 0x83, 0xbd, 0x83, 0xbd, 0x83, 0xbd, 0x83, 0xbd, 0x83, 0xbd, 0x83, 0xbd, 0x83, 0xbd, 0x83,
    0x9d, 0x83, 0x9d, 0x83, 0x9d, 0x83, 0x9d, 0x83, 0x9d, 0x83, 0x9d, 0x83, 0x9d, 0x83, 0x7d, 0x83,
    0x7d, 0x83, 0x7d, 0x83, 0x7d, 0x83, 0x7d, 0x83, 0x7d, 0x83, 0x7d, 0x83, 0x7d, 0x83, 0x7d, 0x83,
    0x5c, 0x7b, 0x5c, 0x7b, 0x5b, 0x7b, 0x7b, 0x7b, 0x7b, 0x7b, 0x5b, 0x7b, 0x5c, 0x7b, 0x5c, 0x7b,
    0xdd, 0x5b, 0xdc, 0x5b, 0xdc, 0x5b, 0xdb, 0x63, 0xdb, 0x63, 0xdb, 0x5b, 0xdc, 0x5b, 0xdd, 0x63,
    0xfd, 0x63, 0xfd, 0x63, 0xfd, 0x63, 0xfd, 0x63, 0xfd, 0x63, 0xfd, 0x63, 0xfd, 0x63, 0xfd, 0x63,
    0xfd, 0x63, 0xfd, 0x63, 0xfd, 0x63, 0xfd, 0x63, 0xfd, 0x6b, 0xfd, 0x6b, 0xfd, 0x6b, 0x1d, 0x6c,
    0x1d, 0x6c, 0x1d, 0x6c, 0x1d, 0x6c, 0x1d, 0x6c, 0x1d, 0x6c, 0x1d, 0x6c, 0x1e, 0x6c, 0x1e, 0x6c,
    0x1e, 0x6c, 0x1e, 0x6c, 0x3e, 0x74, 0x3e, 0x74, 0x3e, 0x74, 0x3e, 0x74, 0x3e, 0x74, 0x3e, 0x74,
    0x3e, 0x74, 0x3e, 0x74, 0x3e, 0x74, 0x3e, 0x74, 0x3e, 0x74, 0x3e, 0x74, 0x3e, 0x7c, 0x5e, 0x7c,
    0x5e, 0x7c, 0x5e, 0x7c, 0x5e, 0x7c, 0x5e, 0x7c, 0x5e, 0x7c, 0x5e, 0x7c, 0x5e, 0x7c, 0x5e, 0x7c,
    0x5e, 0x7c, 0x5e, 0x7c, 0x5e, 0x7c, 0x5e, 0x7c, 0x5e, 0x7c, 0x5e, 0x7c, 0x7e, 0x84, 0x7e, 0x84,
    0x7e, 0x84, 0x7e, 0x84, 0x7e, 0x84, 0x7e, 0x84, 0x5e, 0x84, 0x7e, 0x84, 0x7e, 0x84, 0x7e, 0x84,
    0x7e, 0x84, 0x5e, 0x84, 0x5e, 0x84, 0x5e, 0x84, 0x3d, 0x7c, 0x3d, 0x7c, 0x1d, 0x7c, 0x1c, 0x7c,
    0xfc, 0x7b, 0xdb, 0x73, 0x1b, 0x7c, 0xbf, 0xf7, 0xff, 0xff, 0xff, 0xff, 0xff, 0xff, 0xff, 0xff,
    0xff, 0xff, 0xff, 0xff, 0xff, 0xff, 0xff, 0xff, 0xff, 0xff, 0xff, 0xff, 0xff, 0xff, 0xff, 0xff,
    0xff, 0xff, 0xff, 0xff, 0xff, 0xff, 0xff, 0xff, 0xff, 0xff, 0xff, 0xff, 0xff, 0xff, 0xff, 0xff,
    0xff, 0xff, 0xff, 0xff, 0xff, 0xff, 0xff, 0xff, 0xff, 0xff, 0xff, 0xff, 0xff, 0xff, 0xff, 0xff,
    0xff, 0xff, 0xff, 0xff, 0xff, 0xff, 0xff, 0xff, 0xff, 0xff, 0xdc, 0x9c, 0x9b, 0x73, 0xfb, 0x7b,
    0xfc, 0x83, 0x1c, 0x84, 0x1d, 0x84, 0x1d, 0x84, 0x3d, 0x84, 0x3d, 0x8c, 0x3e, 0x8c, 0x3e, 0x8c,
    0x3e, 0x8c, 0x5e, 0x8c, 0x5e, 0x8c, 0x5e, 0x8c, 0x3e, 0x8c, 0x3e, 0x8c, 0x3e, 0x8c, 0x3e, 0x8c,
    0x3e, 0x8c, 0x3e, 0x8c, 0x3e, 0x8c, 0x3e, 0x8c, 0x3e, 0x8c, 0x3e, 0x8c, 0x3e, 0x8c, 0x1e, 0x8c,
    0x1e, 0x8c, 0x1e, 0x8c, 0x1e, 0x8c, 0x1e, 0x8c, 0x1e, 0x8c, 0x1e, 0x8c, 0x1e, 0x8c, 0x1e, 0x8c,
    0x1e, 0x8c, 0xfe, 0x8b, 0xfe, 0x83, 0xfe, 0x83, 0xfe, 0x83, 0xfe, 0x83, 0xfe, 0x83, 0xfd, 0x83,
    0xdd, 0x83, 0xdd, 0x83, 0xdd, 0x83, 0xdd, 0x83, 0xdd, 0x83, 0xdd, 0x83, 0xbd, 0x83, 0xbd, 0x83,
    0xbd, 0x83, 0xbd, 0x83, 0xbd, 0x83, 0xbd, 0x83, 0xbd, 0x83, 0x9d, 0x83, 0x9d, 0x83, 0x9d, 0x83,
    0x9d, 0x83, 0x9d, 0x83, 0x9d, 0x83, 0x9d, 0x83, 0x9d, 0x83, 0x9d, 0x83, 0x7d, 0x83, 0x7d, 0x83,
    0x7d, 0x83, 0x7d, 0x83, 0x7d, 0x7b, 0x7d, 0x83, 0x7d, 0x83, 0x7d, 0x83, 0x7d, 0x7b, 0x7d, 0x7b,
    0x5c, 0x7b, 0x5c, 0x7b, 0x5b, 0x7b, 0x7b, 0x7b, 0x5b, 0x7b, 0x5b, 0x7b, 0x3c, 0x7b, 0x5c, 0x7b,
    0xdd, 0x5b, 0xbc, 0x5b, 0xbb, 0x5b, 0xdb, 0x63, 0xdb, 0x63, 0xbb, 0x5b, 0xdc, 0x5b, 0xdd, 0x5b,
    0xfd, 0x63, 0xfd, 0x63, 0xfd, 0x63, 0xfd, 0x63, 0xfd, 0x63, 0xfd, 0x63, 0xfd, 0x63, 0xfd, 0x63,
    0xfd, 0x63, 0xfd, 0x63, 0xfd, 0x63, 0xfd, 0x63, 0xfd, 0x63, 0xfd, 0x6b, 0xfd, 0x6b, 0xfd, 0x6b,
    0xfd, 0x6b, 0x1d, 0x6c, 0x1d, 0x6c, 0x1d, 0x6c, 0x1d, 0x6c, 0x1d, 0x6c, 0x1d, 0x6c, 0x1d, 0x6c,
    0x1e, 0x6c, 0x1e, 0x6c, 0x1e, 0x74, 0x1e, 0x74, 0x3e, 0x74, 0x3e, 0x74, 0x3e, 0x74, 0x3e, 0x74,
    0x3e, 0x74, 0x3e, 0x74, 0x3e, 0x74, 0x3e, 0x74, 0x3e, 0x74, 0x3e, 0x74, 0x3e, 0x74, 0x3e, 0x74,
    0x3e, 0x74, 0x5e, 0x7c, 0x5e, 0x7c, 0x5e, 0x7c, 0x5e, 0x7c, 0x5e, 0x7c, 0x5e, 0x7c, 0x5e, 0x7c,
    0x5e, 0x7c, 0x5e, 0x7c, 0x5e, 0x7c, 0x5e, 0x7c, 0x5e, 0x7c, 0x5e, 0x7c, 0x5e, 0x7c, 0x5e, 0x7c,
    0x5e, 0x7c, 0x7e, 0x84, 0x5e, 0x84, 0x5e, 0x84, 0x5e, 0x84, 0x5e, 0x84, 0x5e, 0x84, 0x5e, 0x84,
    0x5e, 0x84, 0x5e, 0x84, 0x5e, 0x84, 0x5d, 0x7c, 0x3d, 0x7c, 0x3d, 0x7c, 0x1d, 0x7c, 0x1c, 0x7c,
    0xfc, 0x7b, 0xdb, 0x73, 0x1b, 0x7c, 0xbf, 0xf7, 0xff, 0xff, 0xff, 0xff, 0xff, 0xff, 0xff, 0xff,
    0xff, 0xff, 0xff, 0xff, 0xff, 0xff, 0xff, 0xff, 0xff, 0xff, 0xff, 0xff, 0xff, 0xff, 0xff, 0xff,
    0xff, 0xff, 0xff, 0xff, 0xff, 0xff, 0xff, 0xff, 0xff, 0xff, 0xff, 0xff, 0xff, 0xff, 0xff, 0xff,
    0xff, 0xff, 0xff, 0xff, 0xff, 0xff, 0xff, 0xff, 0xff, 0xff, 0xff, 0xff, 0xff, 0xff, 0xff, 0xff,
    0xff, 0xff, 0xff, 0xff, 0xff, 0xff, 0xff, 0xff, 0xff, 0xff, 0xdc, 0x9c, 0x9b, 0x73, 0xfb, 0x7b,
    0xfc, 0x83, 0xfc, 0x83, 0x1d, 0x84, 0x1d, 0x84, 0x1d, 0x84, 0x3d, 0x8c, 0x3e, 0x8c, 0x3e, 0x8c,
    0x3e, 0x8c, 0x3e, 0x8c, 0x3e, 0x8c, 0x3e, 0x8c, 0x3e, 0x8c, 0x3e, 0x8c, 0x3e, 0x8c, 0x3e, 0x8c,
    0x3e, 0x8c, 0x3e, 0x8c, 0x3e, 0x8c, 0x1e, 0x8c, 0x1e, 0x8c, 0x1e, 0x8c, 0x1e, 0x8c, 0x1e, 0x8c,
    0x1e, 0x8c, 0x1e, 0x8c, 0x1e, 0x8c, 0x1e, 0x8c, 0x1e, 0x8c, 0x1e, 0x8c, 0xfe, 0x8b, 0xfe, 0x83,
    0xfe, 0x83, 0xfe, 0x83, 0xfe, 0x83, 0xfe, 0x83, 0xfe, 0x83, 0xfd, 0x83, 0xdd, 0x83, 0xdd, 0x83,
    0xdd, 0x83, 0xdd, 0x83, 0xdd, 0x83, 0xdd, 0x83, 0xbd, 0x83, 0xbd, 0x83, 0xbd, 0x83, 0xbd, 0x83,
    0xbd, 0x83, 0xbd, 0x83, 0xbd, 0x83, 0xbd, 0x83, 0x9d, 0x83, 0x9d, 0x83, 0x9d, 0x83, 0x9d, 0x83,
    0x9d, 0x83, 0x9d, 0x83, 0x9d, 0x83, 0x9d, 0x83, 0x9d, 0x83, 0x7d, 0x83, 0x7d, 0x83, 0x7d, 0x83,
    0x7d, 0x83, 0x7d, 0x7b, 0x7d, 0x7b, 0x7d, 0x7b, 0x7d, 0x7b, 0x7d, 0x7b, 0x5d, 0x7b, 0x5d, 0x7b,
    0x5c, 0x7b, 0x3c, 0x7b, 0x5b, 0x7b, 0x5b, 0x7b, 0x5b, 0x7b, 0x5b, 0x7b, 0x3c, 0x7b, 0x5c, 0x7b,
    0xdd, 0x5b, 0xbc, 0x5b, 0xbb, 0x5b, 0xdb, 0x63, 0xdb, 0x63, 0xbb, 0x5b, 0xbc, 0x5b, 0xdd, 0x5b,
    0xdd, 0x63, 0xdd, 0x63, 0xdd, 0x63, 0xdd, 0x63, 0xfd, 0x63, 0xfd, 0x63, 0xfd, 0x63, 0xfd, 0x63,
    0xfd, 0x63, 0xfd, 0x63, 0xfd, 0x63, 0xfd, 0x63, 0xfd, 0x63, 0xfd, 0x63, 0xfd, 0x63, 0xfd, 0x6b,
    0xfd, 0x6b, 0xfd, 0x6b, 0xfd, 0x6b, 0xfd, 0x6b, 0xfd, 0x6b, 0x1d, 0x6c, 0x1d, 0x6c, 0x1d, 0x6c,
    0x1d, 0x6c, 0x1d, 0x6c, 0x1e, 0x6c, 0x1e, 0x6c, 0x1e, 0x74, 0x1e, 0x74, 0x1e, 0x74, 0x1e, 0x74,
    0x1e, 0x74, 0x3e, 0x74, 0x3e, 0x74, 0x3e, 0x74, 0x3e, 0x74, 0x3e, 0x74, 0x3e, 0x74, 0x3e, 0x74,
    0x3e, 0x74, 0x3e, 0x7c, 0x3e, 0x7c, 0x3e, 0x7c, 0x5e, 0x7c, 0x5e, 0x7c, 0x5e, 0x7c, 0x5e, 0x7c,
    0x5e, 0x7c, 0x5e, 0x7c, 0x5e, 0x7c, 0x5e, 0x7c, 0x5e, 0x7c, 0x5e, 0x7c, 0x5e, 0x7c, 0x5e, 0x7c,
    0x5e, 0x7c, 0x5e, 0x84, 0x5e, 0x84, 0x5e, 0x84, 0x5e, 0x84, 0x5e, 0x84, 0x5e, 0x84, 0x5e, 0x84,
    0x5e, 0x84, 0x5e, 0x84, 0x5e, 0x7c, 0x3d, 0x7c, 0x3d, 0x7c, 0x1d, 0x7c, 0x1c, 0x7c, 0x1c, 0x7c,
    0xfc, 0x7b, 0xdb, 0x73, 0x1b, 0x7c, 0xbf, 0xf7, 0xff, 0xff, 0xff, 0xff, 0xff, 0xff, 0xff, 0xff,
    0xff, 0xff, 0xff, 0xff, 0xff, 0xff, 0xff, 0xff, 0xff, 0xff, 0xff, 0xff, 0xff, 0xff, 0xff, 0xff,
    0xff, 0xff, 0xff, 0xff, 0xff, 0xff, 0xff, 0xff, 0xff, 0xff, 0xff, 0xff, 0xff, 0xff, 0xff, 0xff,
    0xff, 0xff, 0xff, 0xff, 0xff, 0xff, 0xff, 0xff, 0xff, 0xff, 0xff, 0xff, 0xff, 0xff, 0xff, 0xff,
    0xff, 0xff, 0xff, 0xff, 0xff, 0xff, 0xff, 0xff, 0xff, 0xff, 0xdc, 0x9c, 0x9b, 0x73, 0xfb, 0x7b,
    0xfc, 0x7b, 0xfc, 0x83, 0x1d, 0x84, 0x1d, 0x84, 0x1d, 0x84, 0x3d, 0x84, 0x3e, 0x8c, 0x3e, 0x8c,
    0x3e, 0x8c, 0x3e, 0x8c, 0x3e, 0x8c, 0x3e, 0x8c, 0x3e, 0x8c, 0x3e, 0x8c, 0x3e, 0x8c, 0x3e, 0x8c,
    0x3e, 0x8c, 0x1e, 0x8c, 0x1e, 0x8c, 0x1e, 0x8c, 0x1e, 0x8c, 0x1e, 0x8c, 0x1e, 0x8c, 0x1e, 0x8c,
    0x1e, 0x8c, 0x1e, 0x8c, 0x1e, 0x8c, 0x1e, 0x8c, 0xfe, 0x83, 0xfe, 0x8b, 0xfe, 0x83, 0xfe, 0x83,
    0xfe, 0x83, 0xfe, 0x83, 0xfd, 0x83, 0xfd, 0x83, 0xdd, 0x83, 0xdd, 0x83, 0xdd, 0x83, 0xdd, 0x83,
    0xdd, 0x83, 0xdd, 0x83, 0xbd, 0x83, 0xbd, 0x83, 0xbd, 0x83, 0xbd, 0x83, 0xbd, 0x83, 0xbd, 0x83,
    0xbd, 0x83, 0xbd, 0x83, 0x9d, 0x83, 0x9d, 0x83, 0x9d, 0x83, 0x9d, 0x83, 0x9d, 0x83, 0x9d, 0x83,
    0x9d, 0x83, 0x9d, 0x83, 0x9d, 0x83, 0x7d, 0x7b, 0x7d, 0x83, 0x7d, 0x83, 0x7d, 0x7b, 0x7d, 0x7b,
    0x7d, 0x7b, 0x7d, 0x7b, 0x7d, 0x7b, 0x7d, 0x7b, 0x7d, 0x7b, 0x5d, 0x7b, 0x5d, 0x7b, 0x5d, 0x7b,
    0x5c, 0x7b, 0x3c, 0x7b, 0x5b, 0x7b, 0x5b, 0x7b, 0x5b, 0x7b, 0x3b, 0x7b, 0x3c, 0x7b, 0x3c, 0x7b,
    0xdd, 0x5b, 0xbc, 0x5b, 0xbb, 0x5b, 0xdb, 0x63, 0xdb, 0x63, 0xbb, 0x5b, 0xbc, 0x5b, 0xdd, 0x5b,
    0xdd, 0x63, 0xdd, 0x63, 0xdd, 0x63, 0xdd, 0x63, 0xdd, 0x63, 0xdd, 0x63, 0xdd, 0x63, 0xfd, 0x63,
    0xfd, 0x63, 0xdd, 0x63, 0xfd, 0x63, 0xfd, 0x63, 0xfd, 0x63, 0xfd, 0x63, 0xfd, 0x63, 0xfd, 0x6b,
    0xfd, 0x6b, 0xfd, 0x6b, 0xfd, 0x6b, 0xfd, 0x6b, 0xfd, 0x6b, 0xfd, 0x6b, 0xfd, 0x6b, 0x1d, 0x6c,
    0x1d, 0x6c, 0x1d, 0x6c, 0x1d, 0x6c, 0x1d, 0x6c, 0x1e, 0x6c, 0x1e, 0x74, 0x1e, 0x74, 0x1e, 0x74,
    0x1e, 0x74, 0x1e, 0x74, 0x1e, 0x74, 0x3e, 0x74, 0x3e, 0x74, 0x3e, 0x74, 0x3e, 0x74, 0x3e, 0x74,
    0x3e, 0x74, 0x3e, 0x74, 0x3e, 0x74, 0x3e, 0x7c, 0x3e, 0x7c, 0x3e, 0x7c, 0x3e, 0x7c, 0x3e, 0x7c,
    0x3e, 0x7c, 0x5e, 0x7c, 0x5e, 0x7c, 0x5e, 0x7c, 0x5e, 0x7c, 0x5e, 0x7c, 0x5e, 0x7c, 0x5e, 0x7c,
    0x5e, 0x7c, 0x5e, 0x7c, 0x5e, 0x7c, 0x5e, 0x84, 0x5e, 0x84, 0x5e, 0x84, 0x5e, 0x84, 0x5e, 0x84,
    0x5e, 0x84, 0x5e, 0x7c, 0x3e, 0x7c, 0x3d, 0x7c, 0x3d, 0x7c, 0x1d, 0x7c, 0x1c, 0x7c, 0xfc, 0x7b,
    0xfc, 0x7b, 0xdb, 0x73, 0x1b, 0x7c, 0xbf, 0xf7, 0xff, 0xff, 0xff, 0xff, 0xff, 0xff, 0xff, 0xff,
    0xff, 0xff, 0xff, 0xff, 0xff, 0xff, 0xff, 0xff, 0xff, 0xff, 0xff, 0xff, 0xff, 0xff, 0xff, 0xff,
    0xff, 0xff, 0xff, 0xff, 0xff, 0xff, 0xff, 0xff, 0xff, 0xff, 0xff, 0xff, 0xff, 0xff, 0xff, 0xff,
    0xff, 0xff, 0xff, 0xff, 0xff, 0xff, 0xff, 0xff, 0xff, 0xff, 0xff, 0xff, 0xff, 0xff, 0xff, 0xff,
    0xff, 0xff, 0xff, 0xff, 0xff, 0xff, 0xff, 0xff, 0xff, 0xff, 0xdc, 0x9c, 0x9b, 0x73, 0xdb, 0x7b,
    0xfc, 0x7b, 0xfc, 0x83, 0xfc, 0x83, 0x1d, 0x84, 0x1d, 0x84, 0x1d, 0x84, 0x3e, 0x84, 0x3e, 0x8c,
    0x3e, 0x8c, 0x3e, 0x8c, 0x3e, 0x8c, 0x3e, 0x8c, 0x3e, 0x8c, 0x1e, 0x8c, 0x1e, 0x8c, 0x1e, 0x8c,
    0x1e, 0x8c, 0x1e, 0x8c, 0x1e, 0x8c, 0x1e, 0x8c, 0x1e, 0x8c, 0x1e, 0x8c, 0x1e, 0x8c, 0x1e, 0x8c,
    0x1e, 0x8c, 0x1e, 0x8c, 0xfe, 0x83, 0xfe, 0x83, 0xfe, 0x83, 0xfe, 0x83, 0xfe, 0x83, 0xfe, 0x83,
    0xfd, 0x83, 0xdd, 0x83, 0xdd, 0x83, 0xdd, 0x83, 0xdd, 0x83, 0xdd, 0x83, 0xdd, 0x83, 0xdd, 0x83,
    0xbd, 0x83, 0xbd, 0x83, 0xbd, 0x83, 0xbd, 0x83, 0xbd, 0x83, 0xbd, 0x83, 0xbd, 0x83, 0xbd, 0x83,
    0xbd, 0x83, 0x9d, 0x83, 0x9d, 0x83, 0x9d, 0x83, 0x9d, 0x83, 0x9d, 0x83, 0x9d, 0x83, 0x9d, 0x83,
    0x9d, 0x83, 0x9d, 0x83, 0x7d, 0x7b, 0x7d, 0x7b, 0x7d, 0x7b, 0x7d, 0x7b, 0x7d, 0x7b, 0x7d, 0x7b,
    0x7d, 0x7b, 0x7d, 0x7b, 0x7d, 0x7b, 0x5d, 0x7b, 0x5d, 0x7b, 0x5d, 0x7b, 0x5d, 0x7b, 0x5d, 0x7b,
    0x5c, 0x7b, 0x3c, 0x7b, 0x3b, 0x7b, 0x5b, 0x7b, 0x5b, 0x7b, 0x3b, 0x7b, 0x3c, 0x7b, 0x3c, 0x7b,
    0xdd, 0x5b, 0xbc, 0x5b, 0xbb, 0x5b, 0xdb, 0x63, 0xdb, 0x63, 0xbb, 0x5b, 0xbc, 0x5b, 0xdd, 0x5b,
    0xdd, 0x5b, 0xdd, 0x63, 0xdd, 0x63, 0xdd, 0x63, 0xdd, 0x63, 0xdd, 0x63, 0xdd, 0x63, 0xdd, 0x63,
    0xdd, 0x63, 0xdd, 0x63, 0xdd, 0x63, 0xdd, 0x63, 0xfd, 0x63, 0xfd, 0x63, 0xfd, 0x63, 0xfd, 0x63,
    0xfd, 0x63, 0xfd, 0x6b, 0xfd, 0x6b, 0xfd, 0x6b, 0xfd, 0x6b, 0xfd, 0x6b, 0xfd, 0x6b, 0xfd, 0x6b,
    0xfd, 0x6b, 0x1d, 0x6c, 0x1d, 0x6c, 0x1d, 0x6c, 0x1d, 0x6c, 0x1d, 0x74, 0x1e, 0x74, 0x1e, 0x74,
    0x1d, 0x74, 0x1d, 0x74, 0x1e, 0x74, 0x1e, 0x74, 0x1e, 0x74, 0x1e, 0x74, 0x3e, 0x74, 0x3e, 0x74,
    0x3e, 0x74, 0x3e, 0x74, 0x3e, 0x74, 0x3e, 0x74, 0x3e, 0x7c, 0x3e, 0x7c, 0x3e, 0x7c, 0x3e, 0x7c,
    0x3e, 0x7c, 0x3e, 0x7c, 0x3e, 0x7c, 0x3e, 0x7c, 0x3e, 0x7c, 0x5e, 0x7c, 0x5e, 0x7c, 0x5e, 0x7c,
    0x5e, 0x7c, 0x5e, 0x7c, 0x5e, 0x7c, 0x5e, 0x7c, 0x5e, 0x7c, 0x5e, 0x7c, 0x5e, 0x84, 0x5e, 0x7c,
    0x5e, 0x7c, 0x3e, 0x7c, 0x3e, 0x7c, 0x3d, 0x7c, 0x3d, 0x7c, 0x1d, 0x7c, 0x1c, 0x7c, 0xfc, 0x7b,
    0xfb, 0x7b, 0xbb, 0x73, 0xfb, 0x7b, 0xbf, 0xf7, 0xff, 0xff, 0xff, 0xff, 0xff, 0xff, 0xff, 0xff,
    0xff, 0xff, 0xff, 0xff, 0xff, 0xff, 0xff, 0xff, 0xff, 0xff, 0xff, 0xff, 0xff, 0xff, 0xff, 0xff,
    0xff, 0xff, 0xff, 0xff, 0xff, 0xff, 0xff, 0xff, 0xff, 0xff, 0xff, 0xff, 0xff, 0xff, 0xff, 0xff,
    0xff, 0xff, 0xff, 0xff, 0xff, 0xff, 0xff, 0xff, 0xff, 0xff, 0xff, 0xff, 0xff, 0xff, 0xff, 0xff,
    0xff, 0xff, 0xff, 0xff, 0xff, 0xff, 0xff, 0xff, 0xff, 0xff, 0xdc, 0x9c, 0x7b, 0x73, 0xdb, 0x7b,
    0xdc, 0x7b, 0xfc, 0x83, 0xfc, 0x83, 0xfd, 0x83, 0x1d, 0x84, 0x1d, 0x84, 0x1d, 0x84, 0x3e, 0x8c,
    0x3e, 0x8c, 0x3e, 0x8c, 0x3e, 0x8c, 0x1e, 0x8c, 0x1e, 0x8c, 0x1e, 0x8c, 0x1e, 0x8c, 0x1e, 0x8c,
    0x1e, 0x8c, 0x1e, 0x8c, 0x1e, 0x8c, 0x1e, 0x84, 0x1e, 0x84, 0x1e, 0x84, 0x1e, 0x8c, 0xfe, 0x83,
    0xfe, 0x83, 0xfe, 0x83, 0xfe, 0x83, 0xfe, 0x83, 0xfe, 0x83, 0xfe, 0x83, 0xfd, 0x83, 0xdd, 0x83,
    0xdd, 0x83, 0xdd, 0x83, 0xdd, 0x83, 0xdd, 0x83, 0xdd, 0x83, 0xdd, 0x83, 0xdd, 0x83, 0xbd, 0x83,
    0xbd, 0x83, 0xbd, 0x83, 0xbd, 0x83, 0xbd, 0x83, 0xbd, 0x83, 0xbd, 0x83, 0xbd, 0x83, 0x9d, 0x83,
    0x9d, 0x83, 0x9d, 0x83, 0x9d, 0x83, 0x9d, 0x83, 0x9d, 0x83, 0x9d, 0x83, 0x9d, 0x83, 0x7d, 0x83,
    0x7d, 0x7b, 0x7d, 0x7b, 0x7d, 0x7b, 0x7d, 0x7b, 0x7d, 0x7b, 0x7d, 0x7b, 0x7d, 0x7b, 0x7d, 0x7b,
    0x5d, 0x7b, 0x5d, 0x7b, 0x5d, 0x7b, 0x5d, 0x7b, 0x5d, 0x7b, 0x5d, 0x7b, 0x5d, 0x7b, 0x5d, 0x7b,
    0x5c, 0x7b, 0x3c, 0x7b, 0x3b, 0x7b, 0x5b, 0x7b, 0x5b, 0x7b, 0x3b, 0x7b, 0x3c, 0x7b, 0x3c, 0x7b,
    0xdd, 0x5b, 0xbc, 0x5b, 0xbb, 0x5b, 0xdb, 0x63, 0xdb, 0x63, 0xbb, 0x5b, 0xbc, 0x5b, 0xdd, 0x5b,
    0xdd, 0x5b, 0xdd, 0x63, 0xdd, 0x63, 0xdd, 0x63, 0xdd, 0x63, 0xdd, 0x63, 0xdd, 0x63, 0xdd, 0x63,
    0xdd, 0x63, 0xdd, 0x63, 0xdd, 0x63, 0xdd, 0x63, 0xdd, 0x63, 0xdd, 0x63, 0xfd, 0x63, 0xfd, 0x63,
    0xfd, 0x63, 0xfd, 0x63, 0xfd, 0x6b, 0xfd, 0x6b, 0xfd, 0x6b, 0xfd, 0x6b, 0xfd, 0x6b, 0xfd, 0x6b,
    0xfd, 0x6b, 0xfd, 0x6b, 0xfd, 0x6b, 0xfd, 0x6b, 0xfd, 0x6b, 0x1d, 0x6c, 0x1d, 0x6c, 0x1d, 0x6c,
    0x1d, 0x74, 0x1d, 0x74, 0x1d, 0x74, 0x1d, 0x74, 0x1e, 0x74, 0x1e, 0x74, 0x1e, 0x74, 0x1e, 0x74,
    0x1e, 0x74, 0x3e, 0x74, 0x3e, 0x74, 0x3e, 0x74, 0x3e, 0x7c, 0x3e, 0x7c, 0x3e, 0x7c, 0x3e, 0x7c,
    0x3e, 0x7c, 0x3e, 0x7c, 0x3e, 0x7c, 0x3e, 0x7c, 0x3e, 0x7c, 0x3e, 0x7c, 0x3e, 0x7c, 0x3e, 0x7c,
    0x3e, 0x7c, 0x3e, 0x7c, 0x3e, 0x7c, 0x5e, 0x7c, 0x5e, 0x7c, 0x5e, 0x7c, 0x5e, 0x7c, 0x5e, 0x7c,
    0x3e, 0x7c, 0x3e, 0x7c, 0x3d, 0x7c, 0x3d, 0x7c, 0x1d, 0x7c, 0x1d, 0x7c, 0xfc, 0x7b, 0xfc, 0x7b,
    0xfb, 0x73, 0xbb, 0x73, 0xfb, 0x7b, 0xbf, 0xf7, 0xff, 0xff, 0xff, 0xff, 0xff, 0xff, 0xff, 0xff,
    0xff, 0xff, 0xff, 0xff, 0xff, 0xff, 0xff, 0xff, 0xff, 0xff, 0xff, 0xff, 0xff, 0xff, 0xff, 0xff,
    0xff, 0xff, 0xff, 0xff, 0xff, 0xff, 0xff, 0xff, 0xff, 0xff, 0xff, 0xff, 0xff, 0xff, 0xff, 0xff,
    0xff, 0xff, 0xff, 0xff, 0xff, 0xff, 0xff, 0xff, 0xff, 0xff, 0xff, 0xff, 0xff, 0xff, 0xff, 0xff,
    0xff, 0xff, 0xff, 0xff, 0xff, 0xff, 0xff, 0xff, 0xff, 0xff, 0xbc, 0x9c, 0x7a, 0x73, 0xdb, 0x7b,
    0xdc, 0x7b, 0xdc, 0x7b, 0xfc, 0x83, 0xfd, 0x83, 0x1d, 0x84, 0x1d, 0x84, 0x1d, 0x84, 0x1e, 0x84,
    0x1e, 0x84, 0x1e, 0x8c, 0x1e, 0x8c, 0x1e, 0x8c, 0x1e, 0x8c, 0x1e, 0x8c, 0x1e, 0x84, 0x1e, 0x8c,
    0x1e, 0x8c, 0x1e, 0x84, 0x1e, 0x84, 0x1e, 0x84, 0x1e, 0x84, 0xfe, 0x83, 0xfe, 0x83, 0xfe, 0x83,
    0xfe, 0x83, 0xfe, 0x83, 0xfe, 0x83, 0xfe, 0x83, 0xfd, 0x83, 0xdd, 0x83, 0xdd, 0x83, 0xdd, 0x83,
    0xdd, 0x83, 0xdd, 0x83, 0xdd, 0x83, 0xdd, 0x83, 0xdd, 0x83, 0xdd, 0x83, 0xbd, 0x83, 0xbd, 0x83,
    0xbd, 0x83, 0xbd, 0x83, 0xbd, 0x83, 0xbd, 0x83, 0xbd, 0x83, 0xbd, 0x83, 0x9d, 0x83, 0x9d, 0x83,
    0x9d, 0x83, 0x9d, 0x83, 0x9d, 0x83, 0x9d, 0x7b, 0x9d, 0x83, 0x9d, 0x83, 0x7d, 0x7b, 0x7d, 0x7b,
    0x7d, 0x7b, 0x7d, 0x7b, 0x7d, 0x7b, 0x7d, 0x7b, 0x7d, 0x7b, 0x7d, 0x7b, 0x5d, 0x7b, 0x5d, 0x7b,
    0x5d, 0x7b, 0x5d, 0x7b, 0x5d, 0x7b, 0x5d, 0x7b, 0x5d, 0x7b, 0x5d, 0x7b, 0x5d, 0x7b, 0x5d, 0x7b,
    0x3c, 0x7b, 0x3c, 0x7b, 0x3b, 0x7b, 0x5b, 0x7b, 0x5b, 0x7b, 0x3b, 0x7b, 0x1c, 0x7b, 0x3c, 0x7b,
    0xbd, 0x5b, 0xbc, 0x5b, 0xbb, 0x5b, 0xdb, 0x63, 0xdb, 0x63, 0xbb, 0x5b, 0xbc, 0x5b, 0xbd, 0x5b,
    0xdd, 0x5b, 0xdd, 0x5b, 0xdd, 0x5b, 0xdd, 0x63, 0xdd, 0x63, 0xdd, 0x63, 0xdd, 0x63, 0xdd, 0x63,
    0xdd, 0x63, 0xdd, 0x63, 0xdd, 0x63, 0xdd, 0x63, 0xdd, 0x63, 0xdd, 0x63, 0xdd, 0x63, 0xdd, 0x63,
    0xdd, 0x63, 0xdd, 0x63, 0xfd, 0x63, 0xfd, 0x6b, 0xfd, 0x6b, 0xfd, 0x6b, 0xfd, 0x6b, 0xfd, 0x6b,
    0xfd, 0x6b, 0xfd, 0x6b, 0xfd, 0x6b, 0xfd, 0x6b, 0xfd, 0x6b, 0xfd, 0x6b, 0xfd, 0x6b, 0x1d, 0x6c,
    0x1d, 0x74, 0x1d, 0x74, 0x1d, 0x74, 0x1d, 0x74, 0x1d, 0x74, 0x1d, 0x74, 0x1e, 0x74, 0x1e, 0x74,
    0x1e, 0x74, 0x1e, 0x74, 0x1e, 0x74, 0x1e, 0x74, 0x1e, 0x74, 0x1e, 0x74, 0x3e, 0x74, 0x3e, 0x7c,
    0x3e, 0x7c, 0x3e, 0x7c, 0x3e, 0x7c, 0x3e, 0x7c, 0x3e, 0x7c, 0x3e, 0x7c, 0x3e, 0x7c, 0x3e, 0x7c,
    0x3e, 0x7c, 0x3e, 0x7c, 0x3e, 0x7c, 0x3e, 0x7c, 0x3e, 0x7c, 0x5e, 0x7c, 0x3e, 0x7c, 0x3e, 0x7c,
    0x3e, 0x7c, 0x3e, 0x7c, 0x3d, 0x7c, 0x3d, 0x7c, 0x1d, 0x7c, 0x1d, 0x7c, 0xfc, 0x7b, 0xfc, 0x73,
    0xdb, 0x73, 0xbb, 0x73, 0xfb, 0x7b, 0xbf, 0xf7, 0xff, 0xff, 0xff, 0xff, 0xff, 0xff, 0xff, 0xff,
    0xff, 0xff, 0xff, 0xff, 0xff, 0xff, 0xff, 0xff, 0xff, 0xff, 0xff, 0xff, 0xff, 0xff, 0xff, 0xff,
    0xff, 0xff, 0xff, 0xff, 0xff, 0xff, 0xff, 0xff, 0xff, 0xff, 0xff, 0xff, 0xff, 0xff, 0xff, 0xff,
    0xff, 0xff, 0xff, 0xff, 0xff, 0xff, 0xff, 0xff, 0xff, 0xff, 0xff, 0xff, 0xff, 0xff, 0xff, 0xff,
    0xff, 0xff, 0xff, 0xff, 0xff, 0xff, 0xff, 0xff, 0xff, 0xff, 0xbc, 0x9c, 0x7a, 0x73, 0xdb, 0x7b,
    0xdc, 0x7b, 0xdc, 0x7b, 0xfc, 0x83, 0xfd, 0x83, 0x1d, 0x84, 0x1d, 0x84, 0x1d, 0x84, 0x1e, 0x84,
    0x1e, 0x84, 0x1e, 0x84, 0x1e, 0x8c, 0x1e, 0x84, 0x1e, 0x84, 0x1e, 0x84, 0x1e, 0x84, 0x1e, 0x84,
    0x1e, 0x84, 0x1e, 0x84, 0xfe, 0x83, 0xfe, 0x83, 0xfe, 0x83, 0xfe, 0x83, 0xfe, 0x83, 0xfe, 0x83,
    0xfe, 0x83, 0xfd, 0x83, 0xfd, 0x83, 0xdd, 0x83, 0xdd, 0x83, 0xdd, 0x83, 0xdd, 0x83, 0xdd, 0x83,
    0xdd, 0x83, 0xdd, 0x83, 0xdd, 0x83, 0xdd, 0x83, 0xbd, 0x83, 0xbd, 0x83, 0xbd, 0x83, 0xbd, 0x83,
    0xbd, 0x83, 0xbd, 0x83, 0xbd, 0x83, 0xbd, 0x83, 0x9d, 0x83, 0x9d, 0x83, 0x9d, 0x83, 0x9d, 0x83,
    0x9d, 0x83, 0x9d, 0x7b, 0x9d, 0x7b, 0x9d, 0x7b, 0x7d, 0x7b, 0x7d, 0x7b, 0x7d, 0x7b, 0x7d, 0x7b,
    0x7d, 0x7b, 0x7d, 0x7b, 0x7d, 0x7b, 0x7d, 0x7b, 0x5d, 0x7b, 0x5d, 0x7b, 0x5d, 0x7b, 0x5d, 0x7b,
    0x5d, 0x7b, 0x5d, 0x7b, 0x5d, 0x7b, 0x5d, 0x7b, 0x5d, 0x7b, 0x5d, 0x7b, 0x5d, 0x7b, 0x5d, 0x7b,
    0x3c, 0x7b, 0x3c, 0x7b, 0x3b, 0x7b, 0x5b, 0x7b, 0x5b, 0x7b, 0x3b, 0x7b, 0x1c, 0x7b, 0x3c, 0x7b,
    0xbd, 0x5b, 0xbc, 0x5b, 0xbb, 0x5b, 0xbb, 0x5b, 0xbb, 0x63, 0xbb, 0x5b, 0xbc, 0x5b, 0xbd, 0x5b,
    0xdd, 0x5b, 0xdd, 0x5b, 0xdd, 0x5b, 0xdd, 0x5b, 0xdd, 0x63, 0xdd, 0x63, 0xdd, 0x63, 0xdd, 0x63,
    0xdd, 0x63, 0xdd, 0x63, 0xdd, 0x63, 0xdd, 0x63, 0xdd, 0x63, 0xdd, 0x63, 0xdd, 0x63, 0xdd, 0x63,
    0xdd, 0x63, 0xdd, 0x63, 0xdd, 0x63, 0xdd, 0x63, 0xfd, 0x6b, 0xfd, 0x6b, 0xfd, 0x6b, 0xfd, 0x6b,
    0xfd, 0x6b, 0xfd, 0x6b, 0xfd, 0x6b, 0xfd, 0x6b, 0xfd, 0x6b, 0xfd, 0x6b, 0xfd, 0x6b, 0xfd, 0x6b,
    0xfd, 0x6b, 0xfd, 0x6b, 0xfd, 0x6b, 0x1d, 0x74, 0x1d, 0x74, 0x1d, 0x74, 0x1d, 0x74, 0x1d, 0x74,
    0x1e, 0x74, 0x1e, 0x74, 0x1e, 0x74, 0x1e, 0x74, 0x1e, 0x74, 0x1e, 0x74, 0x1e, 0x74, 0x1e, 0x74,
    0x3e, 0x7c, 0x3e, 0x7c, 0x3e, 0x7c, 0x3e, 0x7c, 0x3e, 0x7c, 0x3e, 0x7c, 0x3e, 0x7c, 0x3e, 0x7c,
    0x3e, 0x7c, 0x3e, 0x7c, 0x3e, 0x7c, 0x3e, 0x7c, 0x3e, 0x7c, 0x3e, 0x7c, 0x3e, 0x7c, 0x3e, 0x7c,
    0x3e, 0x7c, 0x3e, 0x7c, 0x3d, 0x7c, 0x1d, 0x7c, 0x1d, 0x7c, 0x1d, 0x7c, 0xfc, 0x7b, 0xfc, 0x73,
    0xdb, 0x73, 0xbb, 0x73, 0xfb, 0x7b, 0xbf, 0xf7, 0xff, 0xff, 0xff, 0xff, 0xff, 0xff, 0xff, 0xff,
    0xff, 0xff, 0xff, 0xff, 0xff, 0xff, 0xff, 0xff, 0xff, 0xff, 0xff, 0xff, 0xff, 0xff, 0xff, 0xff,
    0xff, 0xff, 0xff, 0xff, 0xff, 0xff, 0xff, 0xff, 0xff, 0xff, 0xff, 0xff, 0xff, 0xff, 0xff, 0xff,
    0xff, 0xff, 0xff, 0xff, 0xff, 0xff, 0xff, 0xff, 0xff, 0xff, 0xff, 0xff, 0xff, 0xff, 0xff, 0xff,
    0xff, 0xff, 0xff, 0xff, 0xff, 0xff, 0xff, 0xff, 0xff, 0xff, 0xbc, 0x9c, 0x7a, 0x73, 0xdb, 0x7b,
    0xdc, 0x7b, 0xdc, 0x7b, 0xfc, 0x83, 0xfd, 0x83, 0xfd, 0x83, 0x1d, 0x84, 0x1d, 0x84, 0x1d, 0x84,
    0x1e, 0x84, 0x1e, 0x84, 0x1e, 0x84, 0x1e, 0x84, 0x1e, 0x84, 0x1e, 0x84, 0x1e, 0x84, 0x1e, 0x84,
    0xfe, 0x83, 0xfe, 0x83, 0xfe, 0x83, 0xfe, 0x83, 0xfe, 0x83, 0xfe, 0x83, 0xfe, 0x83, 0xfd, 0x83,
    0xfd, 0x83, 0xfd, 0x83, 0xdd, 0x83, 0xdd, 0x83, 0xdd, 0x83, 0xdd, 0x83, 0xdd, 0x83, 0xdd, 0x83,
    0xdd, 0x83, 0xdd, 0x83, 0xdd, 0x83, 0xbd, 0x83, 0xbd, 0x83, 0xbd, 0x83, 0xbd, 0x83, 0xbd, 0x83,
    0xbd, 0x83, 0xbd, 0x83, 0x9d, 0x83, 0x9d, 0x83, 0x9d, 0x83, 0x9d, 0x83, 0x9d, 0x83, 0x9d, 0x83,
    0x9d, 0x7b, 0x9d, 0x7b, 0x7d, 0x7b, 0x7d, 0x7b, 0x7d, 0x7b, 0x7d, 0x7b, 0x7d, 0x7b, 0x7d, 0x7b,
    0x7d, 0x7b, 0x7d, 0x7b, 0x5d, 0x7b, 0x5d, 0x7b, 0x5d, 0x7b, 0x5d, 0x7b, 0x5d, 0x7b, 0x5d, 0x7b,
    0x5d, 0x7b, 0x5d, 0x7b, 0x5d, 0x7b, 0x5d, 0x7b, 0x5d, 0x7b, 0x5d, 0x7b, 0x3d, 0x7b, 0x3d, 0x7b,
    0x3c, 0x7b, 0x3c, 0x7b, 0x3b, 0x7b, 0x5b, 0x7b, 0x3b, 0x7b, 0x3b, 0x7b, 0x1c, 0x7b, 0x3c, 0x7b,
    0xbd, 0x5b, 0xbc, 0x5b, 0xbb, 0x5b, 0xbb, 0x5b, 0xbb, 0x5b, 0xbb, 0x5b, 0x9c, 0x5b, 0xbd, 0x5b,
    0xdd, 0x5b, 0xdd, 0x5b, 0xdd, 0x5b, 0xdd, 0x5b, 0xbd, 0x5b, 0xbd, 0x63, 0xdd, 0x63, 0xdd, 0x63,
    0xdd, 0x63, 0xdd, 0x63, 0xdd, 0x63, 0xdd, 0x63, 0xdd, 0x63, 0xdd, 0x63, 0xdd, 0x63, 0xdd, 0x63,
    0xdd, 0x63, 0xdd, 0x63, 0xdd, 0x63, 0xdd, 0x63, 0xdd, 0x63, 0xdd, 0x63, 0xdd, 0x6b, 0xdd, 0x6b,
    0xdd, 0x6b, 0xfd, 0x6b, 0xfd, 0x6b, 0xfd, 0x6b, 0xfd, 0x6b, 0xfd, 0x6b, 0xfd, 0x6b, 0xfd, 0x6b,
    0xfd, 0x6b, 0xfd, 0x6b, 0xfd, 0x6b, 0xfd, 0x73, 0xfd, 0x73, 0xfd, 0x73, 0x1d, 0x74, 0x1d, 0x74,
    0x1d, 0x74, 0x1d, 0x74, 0x1e, 0x74, 0x1e, 0x74, 0x1e, 0x74, 0x1e, 0x74, 0x1e, 0x74, 0x1e, 0x74,
    0x1e, 0x74, 0x1e, 0x74, 0x3e, 0x7c, 0x1e, 0x7c, 0x1e, 0x7c, 0x3e, 0x7c, 0x3e, 0x7c, 0x3e, 0x7c,
    0x3e, 0x7c, 0x3e, 0x7c, 0x3e, 0x7c, 0x3e, 0x7c, 0x3e, 0x7c, 0x3e, 0x7c, 0x3e, 0x7c, 0x3e, 0x7c,
    0x3e, 0x7c, 0x3e, 0x7c, 0x1d, 0x7c, 0x1d, 0x7c, 0x1d, 0x7c, 0xfc, 0x7b, 0xfc, 0x7b, 0xdc, 0x73,
    0xdb, 0x73, 0xbb, 0x73, 0xfb, 0x7b, 0xbf, 0xf7, 0xff, 0xff, 0xff, 0xff, 0xff, 0xff, 0xff, 0xff,
    0xff, 0xff, 0xff, 0xff, 0xff, 0xff, 0xff, 0xff, 0xff, 0xff, 0xff, 0xff, 0xff, 0xff, 0xff, 0xff,
    0xff, 0xff, 0xff, 0xff, 0xff, 0xff, 0xff, 0xff, 0xff, 0xff, 0xff, 0xff, 0xff, 0xff, 0xff, 0xff,
    0xff, 0xff, 0xff, 0xff, 0xff, 0xff, 0xff, 0xff, 0xff, 0xff, 0xff, 0xff, 0xff, 0xff, 0xff, 0xff,
    0xff, 0xff, 0xff, 0xff, 0xff, 0xff, 0xff, 0xff, 0xff, 0xff, 0xbb, 0x9c, 0x7a, 0x73, 0xbb, 0x7b,
    0xbb, 0x7b, 0xdc, 0x7b, 0xdc, 0x7b, 0xfd, 0x83, 0xfd, 0x83, 0xfd, 0x83, 0xfd, 0x83, 0xfd, 0x83,
    0x1e, 0x84, 0x1e, 0x84, 0x1e, 0x84, 0x1e, 0x84, 0x1e, 0x84, 0xfe, 0x83, 0xfe, 0x83, 0xfe, 0x83,
    0xfe, 0x83, 0xfe, 0x83, 0xfe, 0x83, 0xfe, 0x83, 0xfd, 0x83, 0xfd, 0x83, 0xfd, 0x83, 0xfd, 0x83,
    0xdd, 0x83, 0xdd, 0x83, 0xdd, 0x83, 0xdd, 0x83, 0xdd, 0x83, 0xdd, 0x83, 0xdd, 0x83, 0xdd, 0x83,
    0xbd, 0x83, 0xbd, 0x83, 0xbd, 0x83, 0xbd, 0x83, 0xbd, 0x83, 0xbd, 0x83, 0xbd, 0x83, 0xbd, 0x83,
    0x9d, 0x83, 0x9d, 0x83, 0x9d, 0x83, 0x9d, 0x83, 0x9d, 0x83, 0x9d, 0x7b, 0x9d, 0x7b, 0x9d, 0x7b,
    0x7d, 0x7b, 0x7d, 0x7b, 0x7d, 0x7b, 0x7d, 0x7b, 0x7d, 0x7b, 0x7d, 0x7b, 0x7d, 0x7b, 0x7d, 0x7b,
    0x5d, 0x7b, 0x5d, 0x7b, 0x5d, 0x7b, 0x5d, 0x7b, 0x5d, 0x7b, 0x5d, 0x7b, 0x5d, 0x7b, 0x5d, 0x7b,
    0x5d, 0x7b, 0x5d, 0x7b, 0x5d, 0x7b, 0x3d, 0x7b, 0x3d, 0x7b, 0x3d, 0x7b, 0x3d, 0x7b, 0x3d, 0x7b,
    0x3c, 0x7b, 0x1c, 0x7b, 0x3b, 0x7b, 0x3b, 0x7b, 0x3b, 0x7b, 0x3b, 0x7b, 0x1c, 0x7b, 0x3c, 0x7b,
    0xbd, 0x5b, 0x9c, 0x5b, 0x9b, 0x5b, 0xbb, 0x5b, 0xbb, 0x5b, 0xbb, 0x5b, 0x9c, 0x5b, 0xbd, 0x5b,
    0xbd, 0x5b, 0xbd, 0x5b, 0xbd, 0x5b, 0xbd, 0x5b, 0xbd, 0x5b, 0xbd, 0x5b, 0xbd, 0x5b, 0xbd, 0x63,
    0xbd, 0x63, 0xdd, 0x63, 0xdd, 0x63, 0xdd, 0x63, 0xdd, 0x63, 0xdd, 0x63, 0xdd, 0x63, 0xdd, 0x63,
    0xdd, 0x63, 0xdd, 0x63, 0xdd, 0x63, 0xdd, 0x63, 0xdd, 0x63, 0xdd, 0x63, 0xdd, 0x63, 0xdd, 0x6b,
    0xdd, 0x6b, 0xdd, 0x6b, 0xfd, 0x6b, 0xfd, 0x6b, 0xfd, 0x6b, 0xfd, 0x6b, 0xfd, 0x6b, 0xfd, 0x6b,
    0xfd, 0x6b, 0xfd, 0x6b, 0xfd, 0x6b, 0xfd, 0x6b, 0xfd, 0x73, 0xfd, 0x73, 0xfd, 0x73, 0x1d, 0x74,
    0x1d, 0x74, 0x1d, 0x74, 0x1d, 0x74, 0x1d, 0x74, 0x1d, 0x74, 0x1e, 0x74, 0x1e, 0x74, 0x1e, 0x74,
    0x1e, 0x74, 0x1e, 0x74, 0x1e, 0x74, 0x1e, 0x74, 0x1e, 0x7c, 0x1e, 0x7c, 0x1e, 0x7c, 0x3e, 0x7c,
    0x3e, 0x7c, 0x3e, 0x7c, 0x3e, 0x7c, 0x3e, 0x7c, 0x3e, 0x7c, 0x3e, 0x7c, 0x3e, 0x7c, 0x3e, 0x7c,
    0x1e, 0x7c, 0x1d, 0x7c, 0x1d, 0x7c, 0x1d, 0x7c, 0x1d, 0x7c, 0xfc, 0x7b, 0xfc, 0x73, 0xdc, 0x73,
    0xdb, 0x73, 0xbb, 0x73, 0xfb, 0x7b, 0xbf, 0xf7, 0xff, 0xff, 0xff, 0xff, 0xff, 0xff, 0xff, 0xff,
    0xff, 0xff, 0xff, 0xff, 0xff, 0xff, 0xff, 0xff, 0xff, 0xff, 0xff, 0xff, 0xff, 0xff, 0xff, 0xff,
    0xff, 0xff, 0xff, 0xff, 0xff, 0xff, 0xff, 0xff, 0xff, 0xff, 0xff, 0xff, 0xff, 0xff, 0xff, 0xff,
    0xff, 0xff, 0xff, 0xff, 0xff, 0xff, 0xff, 0xff, 0xff, 0xff, 0xff, 0xff, 0xff, 0xff, 0xff, 0xff,
    0xff, 0xff, 0xff, 0xff, 0xff, 0xff, 0xff, 0xff, 0xff, 0xff, 0xbb, 0x9c, 0x5a, 0x6b, 0xbb, 0x7b,
    0xbb, 0x7b, 0xdc, 0x7b, 0xdc, 0x7b, 0xfc, 0x83, 0xfd, 0x83, 0xfd, 0x83, 0xfd, 0x83, 0xfd, 0x83,
    0xfe, 0x83, 0xfd, 0x83, 0xfe, 0x83, 0xfe, 0x83, 0xfe, 0x83, 0xfe, 0x83, 0xfe, 0x83, 0xfe, 0x83,
    0xfe, 0x83, 0xfd, 0x83, 0xfd, 0x83, 0xfd, 0x83, 0xdd, 0x83, 0xdd, 0x83, 0xdd, 0x83, 0xdd, 0x83,
    0xdd, 0x83, 0xdd, 0x83, 0xdd, 0x83, 0xdd, 0x83, 0xdd, 0x83, 0xbd, 0x83, 0xbd, 0x83, 0xbd, 0x83,
    0xbd, 0x83, 0xbd, 0x83, 0xbd, 0x83, 0xbd, 0x83, 0xbd, 0x83, 0x9d, 0x83, 0x9d, 0x83, 0x9d, 0x83,
    0x9d, 0x83, 0x9d, 0x7b, 0x9d, 0x7b, 0x9d, 0x83, 0x9d, 0x7b, 0x9d, 0x7b, 0x7d, 0x7b, 0x7d, 0x7b,
    0x7d, 0x7b, 0x7d, 0x7b, 0x7d, 0x7b, 0x7d, 0x7b, 0x7d, 0x7b, 0x7d, 0x7b, 0x5d, 0x7b, 0x5d, 0x7b,
    0x5d, 0x7b, 0x5d, 0x7b, 0x5d, 0x7b, 0x5d, 0x7b, 0x5d, 0x7b, 0x5d, 0x7b, 0x5d, 0x7b, 0x5d, 0x7b,
    0x5d, 0x7b, 0x3d, 0x7b, 0x3d, 0x7b, 0x3d, 0x7b, 0x3d, 0x7b, 0x3d, 0x7b, 0x3d, 0x7b, 0x3d, 0x7b,
    0x3c, 0x7b, 0x1c, 0x7b, 0x3b, 0x7b, 0x3b, 0x7b, 0x3b, 0x7b, 0x1b, 0x7b, 0x1c, 0x7b, 0x1c, 0x7b,
    0xbd, 0x5b, 0x9c, 0x5b, 0x9b, 0x5b, 0xbb, 0x5b, 0xbb, 0x5b, 0x9b, 0x5b, 0x9c, 0x5b, 0xbd, 0x5b,
    0xbd, 0x5b, 0xbd, 0x5b, 0xbd, 0x5b, 0xbd, 0x5b, 0xbd, 0x5b, 0xbd, 0x5b, 0xbd, 0x5b, 0xbd, 0x63,
    0xbd, 0x63, 0xbd, 0x63, 0xdd, 0x63, 0xbd, 0x63, 0xbd, 0x63, 0xbd, 0x63, 0xdd, 0x63, 0xdd, 0x63,
    0xdd, 0x63, 0xdd, 0x63, 0xdd, 0x63, 0xdd, 0x63, 0xdd, 0x63, 0xdd, 0x63, 0xdd, 0x63, 0xdd, 0x6b,
    0xdd, 0x6b, 0xdd, 0x6b, 0xdd, 0x6b, 0xdd, 0x6b, 0xdd, 0x6b, 0xfd, 0x6b, 0xfd, 0x6b, 0xfd, 0x6b,
    0xfd, 0x6b, 0xfd, 0x6b, 0xfd, 0x6b, 0xfd, 0x6b, 0xfd, 0x6b, 0xfd, 0x6b, 0xfd, 0x73, 0xfd, 0x73,
    0xfd, 0x73, 0xfd, 0x73, 0xfd, 0x73, 0xfd, 0x73, 0xfd, 0x73, 0x1d, 0x74, 0x1d, 0x74, 0x1e, 0x74,
    0x1e, 0x74, 0x1e, 0x74, 0x1e, 0x74, 0x1e, 0x74, 0x1e, 0x74, 0x1e, 0x74, 0x1e, 0x7c, 0x1e, 0x7c,
    0x1e, 0x7c, 0x1e, 0x7c, 0x1e, 0x7c, 0x1e, 0x7c, 0x1e, 0x7c, 0x1e, 0x7c, 0x1e, 0x7c, 0x1e, 0x7c,
    0x1e, 0x7c, 0x1d, 0x7c, 0x1d, 0x7c, 0x1d, 0x7c, 0xfd, 0x7b, 0xfc, 0x7b, 0xdc, 0x73, 0xdc, 0x73,
    0xbb, 0x73, 0x9b, 0x6b, 0xfa, 0x7b, 0xbf, 0xf7, 0xff, 0xff, 0xff, 0xff, 0xff, 0xff, 0xff, 0xff,
    0xff, 0xff, 0xff, 0xff, 0xff, 0xff, 0xff, 0xff, 0xff, 0xff, 0xff, 0xff, 0xff, 0xff, 0xff, 0xff,
    0xff, 0xff, 0xff, 0xff, 0xff, 0xff, 0xff, 0xff, 0xff, 0xff, 0xff, 0xff, 0xff, 0xff, 0xff, 0xff,
    0xff, 0xff, 0xff, 0xff, 0xff, 0xff, 0xff, 0xff, 0xff, 0xff, 0xff, 0xff, 0xff, 0xff, 0xff, 0xff,
    0xff, 0xff, 0xff, 0xff, 0xff, 0xff, 0xff, 0xff, 0xff, 0xff, 0xbb, 0x94, 0x5a, 0x6b, 0xbb, 0x7b,
    0xbb, 0x7b, 0xdc, 0x7b, 0xdc, 0x7b, 0xdc, 0x83, 0xdd, 0x83, 0xfd, 0x83, 0xfd, 0x83, 0xfd, 0x83,
    0xfd, 0x83, 0xfd, 0x83, 0xfd, 0x83, 0xfe, 0x83, 0xfe, 0x83, 0xfe, 0x83, 0xfd, 0x83, 0xfd, 0x83,
    0xfd, 0x83, 0xdd, 0x83, 0xdd, 0x83, 0xdd, 0x83, 0xdd, 0x83, 0xdd, 0x83, 0xdd, 0x83, 0xdd, 0x83,
    0xdd, 0x83, 0xdd, 0x83, 0xdd, 0x83, 0xdd, 0x83, 0xbd, 0x83, 0xbd, 0x83, 0xbd, 0x83, 0xbd, 0x83,
    0xbd, 0x83, 0xbd, 0x83, 0xbd, 0x83, 0x9d, 0x83, 0x9d, 0x83, 0x9d, 0x83, 0x9d, 0x83, 0x9d, 0x83,
    0x9d, 0x7b, 0x9d, 0x7b, 0x9d, 0x7b, 0x7d, 0x7b, 0x7d, 0x7b, 0x7d, 0x7b, 0x7d, 0x7b, 0x7d, 0x7b,
    0x7d, 0x7b, 0x7d, 0x7b, 0x7d, 0x7b, 0x7d, 0x7b, 0x5d, 0x7b, 0x5d, 0x7b, 0x5d, 0x7b, 0x5d, 0x7b,
    0x5d, 0x7b, 0x5d, 0x7b, 0x5d, 0x7b, 0x5d, 0x7b, 0x5d, 0x7b, 0x5d, 0x7b, 0x3d, 0x7b, 0x3d, 0x7b,
    0x3d, 0x7b, 0x3d, 0x7b, 0x3d, 0x7b, 0x3d, 0x7b, 0x3d, 0x7b, 0x3d, 0x7b, 0x3d, 0x7b, 0x3d, 0x7b,
    0x3c, 0x7b, 0x1c, 0x7b, 0x1b, 0x7b, 0x3b, 0x7b, 0x3b, 0x7b, 0x1b, 0x7b, 0x1c, 0x7b, 0x1c, 0x7b,
    0xbd, 0x5b, 0x9c, 0x5b, 0x9b, 0x5b, 0xbb, 0x5b, 0xbb, 0x5b, 0x9b, 0x5b, 0x9c, 0x5b, 0xbd, 0x5b,
    0xbd, 0x5b, 0xbd, 0x5b, 0xbd, 0x5b, 0xbd, 0x5b, 0xbd, 0x5b, 0xbd, 0x5b, 0xbd, 0x5b, 0xbd, 0x5b,
    0xbd, 0x63, 0xbd, 0x63, 0xbd, 0x63, 0xbd, 0x63, 0xbd, 0x63, 0xbd, 0x63, 0xbd, 0x63, 0xbd, 0x63,
    0xdd, 0x63, 0xdd, 0x63, 0xdd, 0x63, 0xdd, 0x63, 0xdd, 0x63, 0xdd, 0x63, 0xdd, 0x63, 0xdd, 0x63,
    0xdd, 0x63, 0xdd, 0x6b, 0xdd, 0x6b, 0xdd, 0x6b, 0xdd, 0x6b, 0xdd, 0x6b, 0xdd, 0x6b, 0xdd, 0x6b,
    0xdd, 0x6b, 0xfd, 0x6b, 0xfd, 0x6b, 0xfd, 0x6b, 0xfd, 0x6b, 0xfd, 0x6b, 0xfd, 0x6b, 0xfd, 0x73,
    0xfd, 0x73, 0xfd, 0x73, 0xfd, 0x73, 0xfd, 0x73, 0xfd, 0x73, 0xfd, 0x73, 0xfd, 0x73, 0x1d, 0x74,
    0x1d, 0x74, 0x1d, 0x74, 0x1e, 0x74, 0x1e, 0x74, 0x1e, 0x74, 0x1e, 0x74, 0x1e, 0x74, 0x1e, 0x7c,
    0x1e, 0x7c, 0x1e, 0x7c, 0x1e, 0x7c, 0x1e, 0x7c, 0x1e, 0x7c, 0x1e, 0x7c, 0x1e, 0x7c, 0x1e, 0x7c,
    0x1d, 0x7c, 0x1d, 0x7c, 0x1d, 0x7c, 0xfd, 0x7b, 0xfd, 0x7b, 0xfc, 0x7b, 0xdc, 0x73, 0xdb, 0x73,
    0xbb, 0x73, 0x9a, 0x6b, 0xda, 0x7b, 0xbf, 0xf7, 0xff, 0xff, 0xff, 0xff, 0xff, 0xff, 0xff, 0xff,
    0xff, 0xff, 0xff, 0xff, 0xff, 0xff, 0xff, 0xff, 0xff, 0xff, 0xff, 0xff, 0xff, 0xff, 0xff, 0xff,
    0xff, 0xff, 0xff, 0xff, 0xff, 0xff, 0xff, 0xff, 0xff, 0xff, 0xff, 0xff, 0xff, 0xff, 0xff, 0xff,
    0xff, 0xff, 0xff, 0xff, 0xff, 0xff, 0xff, 0xff, 0xff, 0xff, 0xff, 0xff, 0xff, 0xff, 0xff, 0xff,
    0xff, 0xff, 0xff, 0xff, 0xff, 0xff, 0xff, 0xff, 0xff, 0xff, 0xbb, 0x94, 0x5a, 0x6b, 0xbb, 0x7b,
    0xbb, 0x7b, 0xbc, 0x7b, 0xdc, 0x7b, 0xdc, 0x7b, 0xdd, 0x83, 0xfd, 0x83, 0xfd, 0x83, 0xfd, 0x83,
    0xfd, 0x83, 0xfd, 0x83, 0xfd, 0x83, 0xfd, 0x83, 0xfd, 0x83, 0xfd, 0x83, 0xfd, 0x83, 0xdd, 0x83,
    0xdd, 0x83, 0xdd, 0x83, 0xdd, 0x83, 0xdd, 0x83, 0xdd, 0x83, 0xdd, 0x83, 0xdd, 0x83, 0xdd, 0x83,
    0xdd, 0x83, 0xbd, 0x83, 0xbd, 0x83, 0xbd, 0x83, 0xbd, 0x83, 0xbd, 0x83, 0xbd, 0x83, 0xbd, 0x83,
    0xbd, 0x83, 0xbd, 0x83, 0x9d, 0x83, 0x9d, 0x83, 0x9d, 0x83, 0x9d, 0x83, 0x9d, 0x7b, 0x9d, 0x7b,
    0x9d, 0x7b, 0x9d, 0x7b, 0x7d, 0x7b, 0x7d, 0x7b, 0x7d, 0x7b, 0x7d, 0x7b, 0x7d, 0x7b, 0x7d, 0x7b,
    0x7d, 0x7b, 0x7d, 0x7b, 0x7d, 0x7b, 0x5d, 0x7b, 0x5d, 0x7b, 0x5d, 0x7b, 0x5d, 0x7b, 0x5d, 0x7b,
    0x5d, 0x7b, 0x5d, 0x7b, 0x5d, 0x7b, 0x5d, 0x7b, 0x3d, 0x7b, 0x3d, 0x7b, 0x3d, 0x7b, 0x3d, 0x7b,
    0x3d, 0x7b, 0x3d, 0x7b, 0x3d, 0x7b, 0x3d, 0x7b, 0x3d, 0x7b, 0x3d, 0x7b, 0x3d, 0x7b, 0x3d, 0x7b,
    0x1c, 0x7b, 0x1c, 0x7b, 0x1b, 0x7b, 0x3b, 0x7b, 0x3b, 0x7b, 0x1b, 0x7b, 0x1c, 0x7b, 0x1c, 0x7b,
    0xbd, 0x5b, 0x9c, 0x5b, 0x9c, 0x5b, 0xbb, 0x5b, 0xbb, 0x5b, 0x9b, 0x5b, 0x9c, 0x5b, 0xbd, 0x5b,
    0xbd, 0x5b, 0xbd, 0x5b, 0xbd, 0x5b, 0xbd, 0x5b, 0xbd, 0x5b, 0xbd, 0x5b, 0xbd, 0x5b, 0xbd, 0x5b,
    0xbd, 0x5b, 0xbd, 0x5b, 0xbd, 0x63, 0xbd, 0x63, 0xbd, 0x63, 0xbd, 0x63, 0xbd, 0x63, 0xbd, 0x63,
    0xbd, 0x63, 0xbd, 0x63, 0xdd, 0x63, 0xbd, 0x63, 0xbd, 0x63, 0xdd, 0x63, 0xdd, 0x63, 0xdd, 0x63,
    0xdd, 0x63, 0xdd, 0x63, 0xdd, 0x6b, 0xdd, 0x6b, 0xdd, 0x6b, 0xdd, 0x6b, 0xdd, 0x6b, 0xdd, 0x6b,
    0xdd, 0x6b, 0xdd, 0x6b, 0xdd, 0x6b, 0xfd, 0x6b, 0xfd, 0x6b, 0xfd, 0x6b, 0xfd, 0x6b, 0xfd, 0x6b,
    0xfd, 0x6b, 0xfd, 0x73, 0xfd, 0x73, 0xfd, 0x73, 0xfd, 0x73, 0xfd, 0x73, 0xfd, 0x73, 0xfd, 0x73,
    0xfd, 0x73, 0xfd, 0x73, 0xfd, 0x73, 0x1d, 0x74, 0x1d, 0x74, 0x1e, 0x74, 0x1e, 0x74, 0x1e, 0x74,
    0x1e, 0x74, 0x1e, 0x7c, 0x1e, 0x7c, 0x1e, 0x7c, 0x1e, 0x7c, 0x1e, 0x7c, 0x1e, 0x7c, 0x1e, 0x7c,
    0x1d, 0x7c, 0x1d, 0x7c, 0xfd, 0x7b, 0xfd, 0x7b, 0xfd, 0x7b, 0xdc, 0x73, 0xdc, 0x73, 0xdb, 0x73,
    0xbb, 0x73, 0x9a, 0x6b, 0xda, 0x7b, 0xbf, 0xf7, 0xff, 0xff, 0xff, 0xff, 0xff, 0xff, 0xff, 0xff,
    0xff, 0xff, 0xff, 0xff, 0xff, 0xff, 0xff, 0xff, 0xff, 0xff, 0xff, 0xff, 0xff, 0xff, 0xff, 0xff,
    0xff, 0xff, 0xff, 0xff, 0xff, 0xff, 0xff, 0xff, 0xff, 0xff, 0xff, 0xff, 0xff, 0xff, 0xff, 0xff,
    0xff, 0xff, 0xff, 0xff, 0xff, 0xff, 0xff, 0xff, 0xff, 0xff, 0xff, 0xff, 0xff, 0xff, 0xff, 0xff,
    0xff, 0xff, 0xff, 0xff, 0xff, 0xff, 0xff, 0xff, 0xff, 0xff, 0x9b, 0x94, 0x3a, 0x6b, 0x9b, 0x7b,
    0xbb, 0x7b, 0xbc, 0x7b, 0xbc, 0x7b, 0xdc, 0x7b, 0xdd, 0x83, 0xdd, 0x83, 0xdd, 0x83, 0xfd, 0x83,
    0xfd, 0x83, 0xfd, 0x83, 0xfd, 0x83, 0xfd, 0x83, 0xdd, 0x83, 0xdd, 0x83, 0xdd, 0x83, 0xdd, 0x83,
    0xdd, 0x83, 0xdd, 0x83, 0xdd, 0x83, 0xdd, 0x83, 0xdd, 0x83, 0xdd, 0x83, 0xbd, 0x83, 0xbd, 0x83,
    0xbd, 0x83, 0xbd, 0x83, 0xbd, 0x83, 0xbd, 0x83, 0xbd, 0x83, 0xbd, 0x83, 0xbd, 0x83, 0x9d, 0x83,
    0x9d, 0x83, 0x9d, 0x7b, 0x9d, 0x7b, 0x9d, 0x83, 0x9d, 0x7b, 0x9d, 0x7b, 0x9d, 0x7b, 0x9d, 0x7b,
    0x7d, 0x7b, 0x7d, 0x7b, 0x7d, 0x7b, 0x7d, 0x7b, 0x7d, 0x7b, 0x7d, 0x7b, 0x7d, 0x7b, 0x7d, 0x7b,
    0x7d, 0x7b, 0x7d, 0x7b, 0x5d, 0x7b, 0x5d, 0x7b, 0x5d, 0x7b, 0x5d, 0x7b, 0x5d, 0x7b, 0x5d, 0x7b,
    0x5d, 0x7b, 0x5d, 0x7b, 0x5d, 0x7b, 0x3d, 0x7b, 0x3d, 0x7b, 0x3d, 0x7b, 0x3d, 0x7b, 0x3d, 0x7b,
    0x3d, 0x7b, 0x3d, 0x7b, 0x3d, 0x7b, 0x3d, 0x7b, 0x3d, 0x7b, 0x3d, 0x7b, 0x3d, 0x7b, 0x3d, 0x7b,
    0x1c, 0x7b, 0x1c, 0x7b, 0x1b, 0x7b, 0x3b, 0x7b, 0x3b, 0x7b, 0x1b, 0x7b, 0x1c, 0x7b, 0x1c, 0x7b,
    0xbd, 0x5b, 0x9c, 0x5b, 0x9c, 0x5b, 0xbb, 0x5b, 0xbb, 0x5b, 0x9c, 0x5b, 0x9c, 0x5b, 0xbd, 0x5b,
    0xbd, 0x5b, 0xbd, 0x5b, 0xbd, 0x5b, 0xbd, 0x5b, 0xbd, 0x5b, 0xbd, 0x5b, 0xbd, 0x5b, 0xbd, 0x5b,
    0xbd, 0x5b, 0xbd, 0x63, 0xbd, 0x63, 0xbd, 0x63, 0xbd, 0x63, 0xbd, 0x63, 0xbd, 0x63, 0xbd, 0x63,
    0xbd, 0x63, 0xbd, 0x63, 0xbd, 0x63, 0xbd, 0x63, 0xbd, 0x63, 0xbd, 0x63, 0xbd, 0x63, 0xdd, 0x63,
    0xdd, 0x63, 0xdd, 0x63, 0xdd, 0x63, 0xdd, 0x6b, 0xdd, 0x6b, 0xdd, 0x6b, 0xdd, 0x6b, 0xdd, 0x6b,
    0xdd, 0x6b, 0xdd, 0x6b, 0xdd, 0x6b, 0xdd, 0x6b, 0xdd, 0x6b, 0xdd, 0x6b, 0xdd, 0x6b, 0xfd, 0x6b,
    0xfd, 0x6b, 0xfd, 0x73, 0xfd, 0x73, 0xfd, 0x73, 0xfd, 0x73, 0xfd, 0x73, 0xfd, 0x73, 0xfd, 0x73,
    0xfd, 0x73, 0xfd, 0x73, 0xfd, 0x73, 0xfd, 0x73, 0xfd, 0x73, 0xfd, 0x73, 0x1d, 0x74, 0xfd, 0x73,
    0xfe, 0x73, 0xfe, 0x7b, 0x1e, 0x7c, 0x1e, 0x7c, 0x1e, 0x7c, 0x1e, 0x7c, 0x1d, 0x7c, 0x1d, 0x7c,
    0x1d, 0x7c, 0xfd, 0x7b, 0xfd, 0x7b, 0xfd, 0x7b, 0xfc, 0x73, 0xdc, 0x73, 0xdc, 0x73, 0xbb, 0x73,
    0xbb, 0x73, 0x9a, 0x6b, 0xda, 0x73, 0xbf, 0xf7, 0xff, 0xff, 0xff, 0xff, 0xff, 0xff, 0xff, 0xff,
    0xff, 0xff, 0xff, 0xff, 0xff, 0xff, 0xff, 0xff, 0xff, 0xff, 0xff, 0xff, 0xff, 0xff, 0xff, 0xff,
    0xff, 0xff, 0xff, 0xff, 0xff, 0xff, 0xff, 0xff, 0xff, 0xff, 0xff, 0xff, 0xff, 0xff, 0xff, 0xff,
    0xff, 0xff, 0xff, 0xff, 0xff, 0xff, 0xff, 0xff, 0xff, 0xff, 0xff, 0xff, 0xff, 0xff, 0xff, 0xff,
    0xff, 0xff, 0xff, 0xff, 0xff, 0xff, 0xff, 0xff, 0xff, 0xff, 0x9b, 0x94, 0x3a, 0x6b, 0x9b, 0x7b,
    0xbb, 0x73, 0xbc, 0x7b, 0xbc, 0x7b, 0xbc, 0x7b, 0xdd, 0x7b, 0xdd, 0x7b, 0xdd, 0x83, 0xdd, 0x83,
    0xdd, 0x83, 0xfd, 0x83, 0xdd, 0x83, 0xdd, 0x83, 0xdd, 0x83, 0xdd, 0x83, 0xdd, 0x83, 0xdd, 0x83,
    0xdd, 0x83, 0xdd, 0x83, 0xdd, 0x83, 0xdd, 0x83, 0xbd, 0x83, 0xbd, 0x83, 0xbd, 0x83, 0xbd, 0x83,
    0xbd, 0x83, 0xbd, 0x83, 0xbd, 0x83, 0xbd, 0x7b, 0xbd, 0x83, 0xbd, 0x83, 0x9d, 0x7b, 0x9d, 0x7b,
    0x9d, 0x7b, 0x9d, 0x7b, 0x9d, 0x7b, 0x9d, 0x7b, 0x9d, 0x7b, 0x9d, 0x7b, 0x9d, 0x7b, 0x7d, 0x7b,
    0x7d, 0x7b, 0x7d, 0x7b, 0x7d, 0x7b, 0x7d, 0x7b, 0x7d, 0x7b, 0x7d, 0x7b, 0x7d, 0x7b, 0x7d, 0x7b,
    0x5d, 0x7b, 0x5d, 0x7b, 0x5d, 0x7b, 0x5d, 0x7b, 0x5d, 0x7b, 0x5d, 0x7b, 0x5d, 0x7b, 0x5d, 0x7b,
    0x5d, 0x7b, 0x5d, 0x7b, 0x3d, 0x7b, 0x3d, 0x7b, 0x3d, 0x7b, 0x3d, 0x7b, 0x3d, 0x7b, 0x3d, 0x7b,
    0x3d, 0x7b, 0x3d, 0x7b, 0x3d, 0x7b, 0x3d, 0x7b, 0x3d, 0x7b, 0x3d, 0x7b, 0x3d, 0x7b, 0x3d, 0x7b,
    0x1c, 0x7b, 0x1c, 0x7b, 0x1b, 0x7b, 0x3b, 0x7b, 0x3b, 0x7b, 0x1b, 0x7b, 0x1c, 0x7b, 0x1c, 0x7b,
    0xbd, 0x5b, 0x9c, 0x5b, 0x9c, 0x5b, 0xbb, 0x5b, 0xbb, 0x5b, 0x9c, 0x5b, 0x9c, 0x5b, 0x9d, 0x5b,
    0xbd, 0x5b, 0xbd, 0x5b, 0xbd, 0x5b, 0xbd, 0x5b, 0xbd, 0x5b, 0xbd, 0x5b, 0xbd, 0x5b, 0xbd, 0x5b,
    0xbd, 0x5b, 0xbd, 0x5b, 0xbd, 0x5b, 0xbd, 0x63, 0xbd, 0x63, 0xbd, 0x63, 0xbd, 0x63, 0xbd, 0x63,
    0xbd, 0x63, 0xbd, 0x63, 0xbd, 0x63, 0xbd, 0x63, 0xbd, 0x63, 0xbd, 0x63, 0xbd, 0x63, 0xbd, 0x63,
    0xbd, 0x63, 0xdd, 0x63, 0xbd, 0x63, 0xbd, 0x63, 0xdd, 0x6b, 0xdd, 0x6b, 0xdd, 0x6b, 0xdd, 0x6b,
    0xdd, 0x6b, 0xdd, 0x6b, 0xdd, 0x6b, 0xdd, 0x6b, 0xdd, 0x6b, 0xdd, 0x6b, 0xdd, 0x6b, 0xdd, 0x6b,
    0xdd, 0x6b, 0xdd, 0x6b, 0xfd, 0x6b, 0xfd, 0x6b, 0xfd, 0x73, 0xfd, 0x73, 0xfd, 0x73, 0xfd, 0x73,
    0xfd, 0x73, 0xfd, 0x73, 0xfd, 0x73, 0xfd, 0x73, 0xfd, 0x73, 0xfd, 0x73, 0xfd, 0x73, 0xfd, 0x73,
    0xfd, 0x73, 0xfd, 0x73, 0xfd, 0x73, 0xfe, 0x73, 0xfe, 0x7b, 0x1e, 0x7c, 0x1d, 0x7c, 0xfd, 0x7b,
    0xfd, 0x7b, 0xfd, 0x7b, 0xfd, 0x73, 0xfd, 0x73, 0xdc, 0x73, 0xdc, 0x73, 0xdc, 0x73, 0xbb, 0x73,
    0xbb, 0x73, 0x7a, 0x6b, 0xda, 0x73, 0xbf, 0xf7, 0xff, 0xff, 0xff, 0xff, 0xff, 0xff, 0xff, 0xff,
    0xff, 0xff, 0xff, 0xff, 0xff, 0xff, 0xff, 0xff, 0xff, 0xff, 0xff, 0xff, 0xff, 0xff, 0xff, 0xff,
    0xff, 0xff, 0xff, 0xff, 0xff, 0xff, 0xff, 0xff, 0xff, 0xff, 0xff, 0xff, 0xff, 0xff, 0xff, 0xff,
    0xff, 0xff, 0xff, 0xff, 0xff, 0xff, 0xff, 0xff, 0xff, 0xff, 0xff, 0xff, 0xff, 0xff, 0xff, 0xff,
    0xff, 0xff, 0xff, 0xff, 0xff, 0xff, 0xff, 0xff, 0xff, 0xff, 0x9b, 0x94, 0x3a, 0x6b, 0x9b, 0x73,
    0x9b, 0x73, 0x9c, 0x7b, 0xbc, 0x7b, 0xbc, 0x7b, 0xdd, 0x7b, 0xdd, 0x7b, 0xdd, 0x83, 0xdd, 0x83,
    0xdd, 0x83, 0xdd, 0x83, 0xdd, 0x83, 0xdd, 0x83, 0xdd, 0x83, 0xdd, 0x83, 0xdd, 0x83, 0xdd, 0x83,
    0xdd, 0x83, 0xdd, 0x83, 0xdd, 0x83, 0xbd, 0x83, 0xbd, 0x83, 0xbd, 0x83, 0xbd, 0x83, 0xbd, 0x83,
    0xbd, 0x83, 0xbd, 0x83, 0xbd, 0x7b, 0xbd, 0x7b, 0x9d, 0x83, 0x9d, 0x7b, 0x9d, 0x7b, 0x9d, 0x7b,
    0x9d, 0x7b, 0x9d, 0x7b, 0x9d, 0x7b, 0x9d, 0x7b, 0x9d, 0x7b, 0x7d, 0x7b, 0x7d, 0x7b, 0x7d, 0x7b,
    0x7d, 0x7b, 0x7d, 0x7b, 0x7d, 0x7b, 0x7d, 0x7b, 0x7d, 0x7b, 0x7d, 0x7b, 0x5d, 0x7b, 0x5d, 0x7b,
    0x5d, 0x7b, 0x5d, 0x7b, 0x5d, 0x7b, 0x5d, 0x7b, 0x5d, 0x7b, 0x5d, 0x7b, 0x5d, 0x7b, 0x5d, 0x7b,
    0x5d, 0x7b, 0x3d, 0x7b, 0x3d, 0x7b, 0x3d, 0x7b, 0x3d, 0x7b, 0x3d, 0x7b, 0x3d, 0x7b, 0x3d, 0x7b,
    0x3d, 0x7b, 0x3d, 0x7b, 0x3d, 0x7b, 0x3d, 0x7b, 0x3d, 0x7b, 0x3d, 0x7b, 0x1d, 0x7b, 0x1d, 0x7b,
    0x1c, 0x7b, 0x1c, 0x7b, 0x1b, 0x7b, 0x3b, 0x7b, 0x3b, 0x7b, 0x1b, 0x7b, 0x1c, 0x7b, 0x1c, 0x7b,
    0xbd, 0x5b, 0x9c, 0x5b, 0x9c, 0x5b, 0xbb, 0x5b, 0xbb, 0x5b, 0x9c, 0x5b, 0x9c, 0x5b, 0x9d, 0x5b,
    0xbd, 0x5b, 0xbd, 0x5b, 0xbd, 0x5b, 0xbd, 0x5b, 0xbd, 0x5b, 0xbd, 0x5b, 0xbd, 0x5b, 0xbd, 0x5b,
    0xbd, 0x5b, 0xbd, 0x5b, 0xbd, 0x5b, 0xbd, 0x5b, 0xbd, 0x63, 0xbd, 0x63, 0xbd, 0x63, 0xbd, 0x63,
    0xbd, 0x63, 0xbd, 0x63, 0xbd, 0x63, 0xbd, 0x63, 0xbd, 0x63, 0xbd, 0x63, 0xbd, 0x63, 0xbd, 0x63,
    0xbd, 0x63, 0xbd, 0x63, 0xbd, 0x63, 0xbd, 0x63, 0xbd, 0x6b, 0xbd, 0x6b, 0xdd, 0x6b, 0xdd, 0x6b,
    0xdd, 0x6b, 0xdd, 0x6b, 0xdd, 0x6b, 0xdd, 0x6b, 0xdd, 0x6b, 0xdd, 0x6b, 0xdd, 0x6b, 0xdd, 0x6b,
    0xdd, 0x6b, 0xdd, 0x6b, 0xdd, 0x6b, 0xdd, 0x6b, 0xdd, 0x73, 0xdd, 0x73, 0xdd, 0x73, 0xfd, 0x73,
    0xfd, 0x73, 0xfd, 0x73, 0xfd, 0x73, 0xfd, 0x73, 0xfd, 0x73, 0xfd, 0x73, 0xfd, 0x73, 0xfd, 0x73,
    0xfd, 0x73, 0xfd, 0x73, 0xfd, 0x73, 0xfd, 0x73, 0xfd, 0x73, 0xfd, 0x73, 0xfd, 0x73, 0xfd, 0x73,
    0xfd, 0x73, 0xfd, 0x73, 0xfd, 0x73, 0xdd, 0x73, 0xdc, 0x73, 0xdc, 0x73, 0xbc, 0x73, 0xbb, 0x73,
    0xbb, 0x73, 0x7a, 0x6b, 0xba, 0x73, 0xbf, 0xf7, 0xff, 0xff, 0xff, 0xff, 0xff, 0xff, 0xff, 0xff,
    0xff, 0xff, 0xff, 0xff, 0xff, 0xff, 0xff, 0xff, 0xff, 0xff, 0xff, 0xff, 0xff, 0xff, 0xff, 0xff,
    0xff, 0xff, 0xff, 0xff, 0xff, 0xff, 0xff, 0xff, 0xff, 0xff, 0xff, 0xff, 0xff, 0xff, 0xff, 0xff,
    0xff, 0xff, 0xff, 0xff, 0xff, 0xff, 0xff, 0xff, 0xff, 0xff, 0xff, 0xff, 0xff, 0xff, 0xff, 0xff,
    0xff, 0xff, 0xff, 0xff, 0xff, 0xff, 0xff, 0xff, 0xff, 0xff, 0x9b, 0x94, 0x3a, 0x6b, 0x9b, 0x73,
    0x9b, 0x73, 0x9b, 0x7b, 0xbc, 0x7b, 0xbc, 0x7b, 0xbc, 0x7b, 0xdd, 0x7b, 0xdd, 0x7b, 0xdd, 0x7b,
    0xdd, 0x83, 0xdd, 0x83, 0xdd, 0x83, 0xdd, 0x83, 0xdd, 0x83, 0xdd, 0x83, 0xdd, 0x83, 0xdd, 0x83,
    0xbd, 0x83, 0xbd, 0x83, 0xbd, 0x83, 0xbd, 0x7b, 0xbd, 0x7b, 0xbd, 0x83, 0xbd, 0x83, 0xbd, 0x7b,
    0xbd, 0x7b, 0xbd, 0x7b, 0xbd, 0x7b, 0x9d, 0x7b, 0x9d, 0x7b, 0x9d, 0x7b, 0x9d, 0x7b, 0x9d, 0x7b,
    0x9d, 0x7b, 0x9d, 0x7b, 0x9d, 0x7b, 0x9d, 0x7b, 0x7d, 0x7b, 0x7d, 0x7b, 0x7d, 0x7b, 0x7d, 0x7b,
    0x7d, 0x7b, 0x7d, 0x7b, 0x7d, 0x7b, 0x7d, 0x7b, 0x5d, 0x7b, 0x5d, 0x7b, 0x5d, 0x7b, 0x5d, 0x7b,
    0x5d, 0x7b, 0x5d, 0x7b, 0x5d, 0x7b, 0x5d, 0x7b, 0x5d, 0x7b, 0x5d, 0x7b, 0x5d, 0x7b, 0x3d, 0x7b,
    0x3d, 0x7b, 0x3d, 0x7b, 0x3d, 0x7b, 0x3d, 0x7b, 0x3d, 0x7b, 0x3d, 0x7b, 0x3d, 0x7b, 0x3d, 0x7b,
    0x3d, 0x7b, 0x3d, 0x7b, 0x1d, 0x7b, 0x1d, 0x7b, 0x1d, 0x7b, 0x1d, 0x7b, 0x1d, 0x7b, 0x1d, 0x7b,
    0x1c, 0x7b, 0x1c, 0x7b, 0x1b, 0x7b, 0x3b, 0x7b, 0x3b, 0x7b, 0x1b, 0x7b, 0x1c, 0x7b, 0x1c, 0x7b,
    0xbd, 0x5b, 0x9c, 0x5b, 0x9c, 0x5b, 0xbb, 0x5b, 0xbb, 0x5b, 0x9c, 0x5b, 0x9c, 0x5b, 0x9d, 0x5b,
    0xbd, 0x5b, 0xbd, 0x5b, 0xbd, 0x5b, 0xbd, 0x5b, 0xbd, 0x5b, 0xbd, 0x5b, 0xbd, 0x5b, 0xbd, 0x5b,
    0xbd, 0x5b, 0xbd, 0x5b, 0xbd, 0x5b, 0xbd, 0x63, 0xbd, 0x63, 0xbd, 0x63, 0xbd, 0x63, 0xbd, 0x63,
    0xbd, 0x63, 0xbd, 0x63, 0xbd, 0x63, 0xbd, 0x63, 0xbd, 0x63, 0xbd, 0x63, 0xbd, 0x63, 0xbd, 0x63,
    0xbd, 0x63, 0xbd, 0x63, 0xbd, 0x63, 0xbd, 0x63, 0xbd, 0x63, 0xbd, 0x63, 0xbd, 0x6b, 0xbd, 0x6b,
    0xdd, 0x6b, 0xdd, 0x6b, 0xbd, 0x6b, 0xdd, 0x6b, 0xdd, 0x6b, 0xdd, 0x6b, 0xdd, 0x6b, 0xdd, 0x6b,
    0xdd, 0x6b, 0xdd, 0x6b, 0xdd, 0x6b, 0xdd, 0x6b, 0xdd, 0x6b, 0xdd, 0x6b, 0xdd, 0x6b, 0xdd, 0x73,
    0xdd, 0x73, 0xdd, 0x73, 0xfd, 0x73, 0xfd, 0x73, 0xfd, 0x73, 0xfd, 0x73, 0xfd, 0x73, 0xfd, 0x73,
    0xfd, 0x73, 0xfd, 0x73, 0xfd, 0x73, 0xfd, 0x73, 0xfd, 0x73, 0xfd, 0x73, 0xfd, 0x73, 0xfd, 0x73,
    0xfd, 0x73, 0xfd, 0x73, 0xdd, 0x73, 0xdd, 0x73, 0xdc, 0x73, 0xbc, 0x73, 0xbc, 0x73, 0xbb, 0x73,
    0x9b, 0x73, 0x7a, 0x6b, 0xba, 0x73, 0xbf, 0xf7, 0xff, 0xff, 0xff, 0xff, 0xff, 0xff, 0xff, 0xff,
    0xff, 0xff, 0xff, 0xff, 0xff, 0xff, 0xff, 0xff, 0xff, 0xff, 0xff, 0xff, 0xff, 0xff, 0xff, 0xff,
    0xff, 0xff, 0xff, 0xff, 0xff, 0xff, 0xff, 0xff, 0xff, 0xff, 0xff, 0xff, 0xff, 0xff, 0xff, 0xff,
    0xff, 0xff, 0xff, 0xff, 0xff, 0xff, 0xff, 0xff, 0xff, 0xff, 0xff, 0xff, 0xff, 0xff, 0xff, 0xff,
    0xff, 0xff, 0xff, 0xff, 0xff, 0xff, 0xff, 0xff, 0xff, 0xff, 0x9b, 0x94, 0x3a, 0x6b, 0x9b, 0x73,
    0x9b, 0x73, 0x9b, 0x7b, 0xbc, 0x7b, 0xbc, 0x7b, 0xbc, 0x7b, 0xbd, 0x7b, 0xdd, 0x7b, 0xdd, 0x7b,
    0xbd, 0x7b, 0xdd, 0x7b, 0xdd, 0x83, 0xdd, 0x83, 0xbd, 0x7b, 0xbd, 0x7b, 0xbd, 0x7b, 0xbd, 0x83,
    0xbd, 0x83, 0xbd, 0x7b, 0xbd, 0x7b, 0xbd, 0x7b, 0xbd, 0x7b, 0xbd, 0x7b, 0xbd, 0x7b, 0xbd, 0x7b,
    0x9d, 0x7b, 0x9d, 0x7b, 0x9d, 0x7b, 0x9d, 0x7b, 0x9d, 0x7b, 0x9d, 0x7b, 0x9d, 0x7b, 0x9d, 0x7b,
    0x9d, 0x7b, 0x7d, 0x7b, 0x7d, 0x7b, 0x7d, 0x7b, 0x7d, 0x7b, 0x7d, 0x7b, 0x7d, 0x7b, 0x7d, 0x7b,
    0x7d, 0x7b, 0x7d, 0x7b, 0x5d, 0x7b, 0x5d, 0x7b, 0x5d, 0x7b, 0x5d, 0x7b, 0x5d, 0x7b, 0x5d, 0x7b,
    0x5d, 0x7b, 0x5d, 0x7b, 0x5d, 0x7b, 0x5d, 0x7b, 0x5d, 0x7b, 0x3d, 0x7b, 0x3d, 0x7b, 0x3d, 0x7b,
    0x3d, 0x7b, 0x3d, 0x7b, 0x3d, 0x7b, 0x3d, 0x7b, 0x3d, 0x7b, 0x3d, 0x7b, 0x3d, 0x7b, 0x3d, 0x7b,
    0x3d, 0x7b, 0x1d, 0x7b, 0x1d, 0x7b, 0x1d, 0x7b, 0x1d, 0x7b, 0x1d, 0x7b, 0x1d, 0x7b, 0x1d, 0x7b,
    0x1c, 0x7b, 0x1c, 0x7b, 0x1b, 0x7b, 0x3b, 0x7b, 0x1b, 0x7b, 0x1b, 0x7b, 0xfc, 0x7a, 0x1c, 0x7b,
    0x9d, 0x5b, 0x9c, 0x5b, 0x9c, 0x5b, 0xbc, 0x5b, 0xbc, 0x5b, 0x9c, 0x5b, 0x9c, 0x5b, 0x9d, 0x5b,
    0xbd, 0x5b, 0xbd, 0x5b, 0xbd, 0x5b, 0xbd, 0x5b, 0x9d, 0x5b, 0x9d, 0x5b, 0x9d, 0x5b, 0xbd, 0x5b,
    0xbd, 0x5b, 0xbd, 0x5b, 0xbd, 0x5b, 0xbd, 0x5b, 0xbd, 0x5b, 0xbd, 0x63, 0xbd, 0x63, 0xbd, 0x63,
    0xbd, 0x63, 0xbd, 0x63, 0xbd, 0x63, 0xbd, 0x63, 0xbd, 0x63, 0xbd, 0x63, 0xbd, 0x63, 0xbd, 0x63,
    0xbd, 0x63, 0xbd, 0x63, 0xbd, 0x63, 0xbd, 0x63, 0xbd, 0x63, 0xbd, 0x63, 0xbd, 0x63, 0xbd, 0x6b,
    0xbd, 0x6b, 0xbd, 0x6b, 0xbd, 0x6b, 0xbd, 0x6b, 0xbd, 0x6b, 0xdd, 0x6b, 0xdd, 0x6b, 0xdd, 0x6b,
    0xdd, 0x6b, 0xdd, 0x6b, 0xdd, 0x6b, 0xdd, 0x6b, 0xdd, 0x6b, 0xdd, 0x6b, 0xdd, 0x6b, 0xdd, 0x73,
    0xdd, 0x73, 0xdd, 0x73, 0xdd, 0x73, 0xdd, 0x73, 0xdd, 0x73, 0xdd, 0x73, 0xdd, 0x73, 0xfd, 0x73,
    0xfd, 0x73, 0xfd, 0x73, 0xfd, 0x73, 0xfd, 0x73, 0xfd, 0x73, 0xfd, 0x73, 0xfd, 0x73, 0xfd, 0x73,
    0xfd, 0x73, 0xdd, 0x73, 0xdd, 0x73, 0xdd, 0x73, 0xdc, 0x73, 0xbc, 0x73, 0xbc, 0x73, 0x9b, 0x73,
    0x9b, 0x6b, 0x7a, 0x6b, 0xba, 0x73, 0xbf, 0xf7, 0xff, 0xff, 0xff, 0xff, 0xff, 0xff, 0xff, 0xff,
    0xff, 0xff, 0xff, 0xff, 0xff, 0xff, 0xff, 0xff, 0xff, 0xff, 0xff, 0xff, 0xff, 0xff, 0xff, 0xff,
    0xff, 0xff, 0xff, 0xff, 0xff, 0xff, 0xff, 0xff, 0xff, 0xff, 0xff, 0xff, 0xff, 0xff, 0xff, 0xff,
    0xff, 0xff, 0xff, 0xff, 0xff, 0xff, 0xff, 0xff, 0xff, 0xff, 0xff, 0xff, 0xff, 0xff, 0xff, 0xff,
    0xff, 0xff, 0xff, 0xff, 0xff, 0xff, 0xff, 0xff, 0xff, 0xff, 0x9b, 0x94, 0x1a, 0x6b, 0x7b, 0x73,
    0x9b, 0x73, 0x9b, 0x73, 0x9c, 0x7b, 0xbc, 0x7b, 0xbc, 0x7b, 0xbd, 0x7b, 0xbd, 0x7b, 0xbd, 0x7b,
    0xbd, 0x7b, 0xbd, 0x7b, 0xbd, 0x7b, 0xbd, 0x7b, 0xbd, 0x7b, 0xbd, 0x7b, 0xbd, 0x7b, 0xbd, 0x7b,
    0xbd, 0x7b, 0xbd, 0x7b, 0xbd, 0x7b, 0xbd, 0x7b, 0xbd, 0x7b, 0x9d, 0x7b, 0x9d, 0x7b, 0x9d, 0x7b,
    0x9d, 0x7b, 0x9d, 0x7b, 0x9d, 0x7b, 0x9d, 0x7b, 0x9d, 0x7b, 0x9d, 0x7b, 0x9d, 0x7b, 0x7d, 0x7b,
    0x7d, 0x7b, 0x7d, 0x7b, 0x7d, 0x7b, 0x7d, 0x7b, 0x7d, 0x7b, 0x7d, 0x7b, 0x7d, 0x7b, 0x7d, 0x7b,
    0x5d, 0x7b, 0x5d, 0x7b, 0x5d, 0x7b, 0x5d, 0x7b, 0x5d, 0x7b, 0x5d, 0x7b, 0x5d, 0x7b, 0x5d, 0x7b,
    0x5d, 0x7b, 0x5d, 0x7b, 0x5d, 0x7b, 0x3d, 0x7b, 0x3d, 0x7b, 0x3d, 0x7b, 0x3d, 0x7b, 0x3d, 0x7b,
    0x3d, 0x7b, 0x3d, 0x7b, 0x3d, 0x7b, 0x3d, 0x7b, 0x3d, 0x7b, 0x3d, 0x7b, 0x3d, 0x7b, 0x3d, 0x7b,
    0x1d, 0x7b, 0x1d, 0x7b, 0x1d, 0x7b, 0x1d, 0x7b, 0x1d, 0x7b, 0x1d, 0x7b, 0x1d, 0x7b, 0x1d, 0x7b,
    0x1c, 0x7b, 0xfc, 0x7a, 0x1b, 0x7b, 0x1b, 0x7b, 0x1b, 0x7b, 0x1b, 0x7b, 0xfc, 0x7a, 0x1d, 0x7b,
    0x9d, 0x5b, 0x9c, 0x5b, 0x9c, 0x5b, 0xbc, 0x5b, 0xbc, 0x5b, 0x9c, 0x5b, 0x9c, 0x5b, 0x9d, 0x5b,
    0xbd, 0x5b, 0xbd, 0x5b, 0xbd, 0x5b, 0xbd, 0x5b, 0x9d, 0x5b, 0x9d, 0x5b, 0x9d, 0x5b, 0x9d, 0x5b,
    0x9d, 0x5b, 0xbd, 0x5b, 0xbd, 0x5b, 0xbd, 0x5b, 0xbd, 0x5b, 0x9d, 0x5b, 0x9d, 0x63, 0xbd, 0x63,
    0xbd, 0x63, 0xbd, 0x63, 0xbd, 0x63, 0xbd, 0x63, 0xbd, 0x63, 0xbd, 0x63, 0xbd, 0x63, 0xbd, 0x63,
    0xbd, 0x63, 0xbd, 0x63, 0xbd, 0x63, 0xbd, 0x63, 0xbd, 0x63, 0xbd, 0x63, 0xbd, 0x63, 0xbd, 0x63,
    0xbd, 0x6b, 0xbd, 0x6b, 0xbd, 0x6b, 0xbd, 0x6b, 0xbd, 0x6b, 0xbd, 0x6b, 0xbd, 0x6b, 0xbd, 0x6b,
    0xdd, 0x6b, 0xdd, 0x6b, 0xdd, 0x6b, 0xdd, 0x6b, 0xdd, 0x6b, 0xdd, 0x6b, 0xdd, 0x6b, 0xdd, 0x6b,
    0xdd, 0x6b, 0xdd, 0x73, 0xdd, 0x73, 0xdd, 0x73, 0xdd, 0x73, 0xdd, 0x73, 0xdd, 0x73, 0xdd, 0x73,
    0xdd, 0x73, 0xdd, 0x73, 0xdd, 0x73, 0xfd, 0x73, 0xdd, 0x73, 0xdd, 0x73, 0xdd, 0x73, 0xdd, 0x73,
    0xdd, 0x73, 0xdd, 0x73, 0xdd, 0x73, 0xdd, 0x73, 0xdc, 0x73, 0xbc, 0x73, 0xbc, 0x73, 0x9b, 0x6b,
    0x9b, 0x6b, 0x5a, 0x6b, 0xba, 0x73, 0xbf, 0xf7, 0xff, 0xff, 0xff, 0xff, 0xff, 0xff, 0xff, 0xff,
    0xff, 0xff, 0xff, 0xff, 0xff, 0xff, 0xff, 0xff, 0xff, 0xff, 0xff, 0xff, 0xff, 0xff, 0xff, 0xff,
    0xff, 0xff, 0xff, 0xff, 0xff, 0xff, 0xff, 0xff, 0xff, 0xff, 0xff, 0xff, 0xff, 0xff, 0xff, 0xff,
    0xff, 0xff, 0xff, 0xff, 0xff, 0xff, 0xff, 0xff, 0xff, 0xff, 0xff, 0xff, 0xff, 0xff, 0xff, 0xff,
    0xff, 0xff, 0xff, 0xff, 0xff, 0xff, 0xff, 0xff, 0xff, 0xff, 0x7b, 0x94, 0x1a, 0x6b, 0x7b, 0x73,
    0x7b, 0x73, 0x9b, 0x73, 0x9c, 0x7b, 0x9c, 0x7b, 0xbc, 0x7b, 0xbd, 0x7b, 0xbd, 0x7b, 0xbd, 0x7b,
    0xbd, 0x7b, 0xbd, 0x7b, 0xbd, 0x7b, 0xbd, 0x7b, 0xbd, 0x7b, 0xbd, 0x7b, 0xbd, 0x7b, 0xbd, 0x7b,
    0xbd, 0x7b, 0xbd, 0x7b, 0x9d, 0x7b, 0x9d, 0x7b, 0x9d, 0x7b, 0x9d, 0x7b, 0x9d, 0x7b, 0x9d, 0x7b,
    0x9d, 0x7b, 0x9d, 0x7b, 0x9d, 0x7b, 0x9d, 0x7b, 0x9d, 0x7b, 0x7d, 0x7b, 0x7d, 0x7b, 0x7d, 0x7b,
    0x7d, 0x7b, 0x7d, 0x7b, 0x7d, 0x7b, 0x7d, 0x7b, 0x7d, 0x7b, 0x7d, 0x7b, 0x7d, 0x7b, 0x5d, 0x7b,
    0x5d, 0x7b, 0x5d, 0x7b, 0x5d, 0x7b, 0x5d, 0x7b, 0x5d, 0x7b, 0x5d, 0x7b, 0x5d, 0x7b, 0x5d, 0x7b,
    0x5d, 0x7b, 0x3d, 0x7b, 0x3d, 0x7b, 0x3d, 0x7b, 0x3d, 0x7b, 0x3d, 0x7b, 0x3d, 0x7b, 0x3d, 0x7b,
    0x3d, 0x7b, 0x3d, 0x7b, 0x3d, 0x7b, 0x3d, 0x7b, 0x3d, 0x7b, 0x3d, 0x7b, 0x3d, 0x7b, 0x1d, 0x7b,
    0x1d, 0x7b, 0x1d, 0x7b, 0x1d, 0x7b, 0x1d, 0x7b, 0x1d, 0x7b, 0x1d, 0x7b, 0x1d, 0x7b, 0x1d, 0x7b,
    0x1c, 0x7b, 0xfc, 0x7a, 0x1b, 0x7b, 0x1b, 0x7b, 0x1b, 0x7b, 0x1b, 0x7b, 0xfc, 0x7a, 0x1d, 0x7b,
    0x9d, 0x5b, 0x9c, 0x5b, 0x9c, 0x5b, 0xbc, 0x5b, 0xbc, 0x5b, 0x9c, 0x5b, 0x9c, 0x5b, 0x9d, 0x5b,
    0xbd, 0x5b, 0xbd, 0x5b, 0x9d, 0x5b, 0x9d, 0x5b, 0x9d, 0x5b, 0x9d, 0x5b, 0x9d, 0x5b, 0x9d, 0x5b,
    0x9d, 0x5b, 0x9d, 0x5b, 0x9d, 0x5b, 0x9d, 0x5b, 0x9d, 0x5b, 0x9d, 0x63, 0x9d, 0x63, 0x9d, 0x63,
    0x9d, 0x63, 0xbd, 0x63, 0xbd, 0x63, 0xbd, 0x63, 0xbd, 0x63, 0x9d, 0x63, 0x9d, 0x63, 0xbd, 0x63,
    0xbd, 0x63, 0xbd, 0x63, 0xbd, 0x63, 0xbd, 0x63, 0xbd, 0x63, 0xbd, 0x63, 0xbd, 0x63, 0xbd, 0x63,
    0xbd, 0x63, 0xbd, 0x63, 0xbd, 0x6b, 0xbd, 0x6b, 0xbd, 0x6b, 0xbd, 0x6b, 0xbd, 0x6b, 0xbd, 0x6b,
    0xbd, 0x6b, 0xbd, 0x6b, 0xbd, 0x6b, 0xbd, 0x6b, 0xdd, 0x6b, 0xdd, 0x6b, 0xdd, 0x6b, 0xdd, 0x6b,
    0xdd, 0x6b, 0xdd, 0x6b, 0xdd, 0x73, 0xdd, 0x73, 0xdd, 0x73, 0xdd, 0x73, 0xdd, 0x73, 0xdd, 0x73,
    0xdd, 0x73, 0xdd, 0x73, 0xdd, 0x73, 0xdd, 0x73, 0xdd, 0x73, 0xdd, 0x73, 0xdd, 0x73, 0xdd, 0x73,
    0xdd, 0x73, 0xdd, 0x73, 0xdd, 0x73, 0xbc, 0x73, 0xbc, 0x73, 0xbc, 0x73, 0x9b, 0x73, 0x9b, 0x6b,
    0x9b, 0x6b, 0x5a, 0x6b, 0xba, 0x73, 0xbf, 0xf7, 0xff, 0xff, 0xff, 0xff, 0xff, 0xff, 0xff, 0xff,
    0xff, 0xff, 0xff, 0xff, 0xff, 0xff, 0xff, 0xff, 0xff, 0xff, 0xff, 0xff, 0xff, 0xff, 0xff, 0xff,
    0xff, 0xff, 0xff, 0xff, 0xff, 0xff, 0xff, 0xff, 0xff, 0xff, 0xff, 0xff, 0xff, 0xff, 0xff, 0xff,
    0xff, 0xff, 0xff, 0xff, 0xff, 0xff, 0xff, 0xff, 0xff, 0xff, 0xff, 0xff, 0xff, 0xff, 0xff, 0xff,
    0xff, 0xff, 0xff, 0xff, 0xff, 0xff, 0xff, 0xff, 0xff, 0xff, 0x7b, 0x94, 0x1a, 0x6b, 0x7b, 0x73,
    0x7b, 0x73, 0x9b, 0x73, 0x9c, 0x7b, 0x9c, 0x7b, 0x9c, 0x7b, 0x9c, 0x7b, 0xbd, 0x7b, 0xbd, 0x7b,
    0xbd, 0x7b, 0xbd, 0x7b, 0xbd, 0x7b, 0xbd, 0x7b, 0xbd, 0x7b, 0xbd, 0x7b, 0x9d, 0x7b, 0x9d, 0x7b,
    0x9d, 0x7b, 0x9d, 0x7b, 0x9d, 0x7b, 0x9d, 0x7b, 0x9d, 0x7b, 0x9d, 0x7b, 0x9d, 0x7b, 0x9d, 0x7b,
    0x9d, 0x7b, 0x9d, 0x7b, 0x7d, 0x7b, 0x7d, 0x7b, 0x7d, 0x7b, 0x7d, 0x7b, 0x7d, 0x7b, 0x7d, 0x7b,
    0x7d, 0x7b, 0x7d, 0x7b, 0x7d, 0x7b, 0x7d, 0x7b, 0x5d, 0x7b, 0x5d, 0x7b, 0x5d, 0x7b, 0x5d, 0x7b,
    0x5d, 0x7b, 0x5d, 0x7b, 0x5d, 0x7b, 0x5d, 0x7b, 0x5d, 0x7b, 0x5d, 0x7b, 0x5d, 0x7b, 0x3d, 0x7b,
    0x3d, 0x7b, 0x3d, 0x7b, 0x3d, 0x7b, 0x3d, 0x7b, 0x3d, 0x7b, 0x3d, 0x7b, 0x3d, 0x7b, 0x3d, 0x7b,
    0x3d, 0x7b, 0x3d, 0x7b, 0x3d, 0x7b, 0x3d, 0x7b, 0x3d, 0x7b, 0x3d, 0x7b, 0x1d, 0x7b, 0x1d, 0x7b,
    0x1d, 0x7b, 0x1d, 0x7b, 0x1d, 0x7b, 0x1d, 0x7b, 0x1d, 0x7b, 0x1d, 0x7b, 0x1d, 0x7b, 0x1d, 0x7b,
    0x1d, 0x7b, 0xfc, 0x7a, 0x1b, 0x7b, 0x1b, 0x7b, 0x1b, 0x7b, 0x1b, 0x7b, 0xfc, 0x7a, 0x1d, 0x7b,
    0x9d, 0x5b, 0x9c, 0x5b, 0x9c, 0x5b, 0xbc, 0x5b, 0xbc, 0x5b, 0x9c, 0x5b, 0x9c, 0x5b, 0x9d, 0x5b,
    0xbd, 0x5b, 0x9d, 0x5b, 0x9d, 0x5b, 0x9d, 0x5b, 0x9d, 0x5b, 0x9d, 0x5b, 0x9d, 0x5b, 0x9d, 0x5b,
    0x9d, 0x5b, 0x9d, 0x5b, 0x9d, 0x5b, 0x9d, 0x5b, 0x9d, 0x5b, 0x9d, 0x63, 0x9d, 0x63, 0x9d, 0x63,
    0x9d, 0x63, 0x9d, 0x63, 0x9d, 0x63, 0x9d, 0x63, 0xbd, 0x63, 0x9d, 0x63, 0x9d, 0x63, 0x9d, 0x63,
    0xbd, 0x63, 0xbd, 0x63, 0xbd, 0x63, 0xbd, 0x63, 0xbd, 0x63, 0xbd, 0x63, 0xbd, 0x63, 0xbd, 0x63,
    0xbd, 0x63, 0xbd, 0x63, 0xbd, 0x6b, 0xbd, 0x6b, 0xbd, 0x6b, 0xbd, 0x6b, 0xbd, 0x6b, 0xbd, 0x6b,
    0xbd, 0x6b, 0xbd, 0x6b, 0xbd, 0x6b, 0xbd, 0x6b, 0xbd, 0x6b, 0xbd, 0x6b, 0xbd, 0x6b, 0xdd, 0x6b,
    0xdd, 0x6b, 0xbd, 0x6b, 0xbd, 0x6b, 0xdd, 0x6b, 0xdd, 0x73, 0xdd, 0x73, 0xdd, 0x73, 0xdd, 0x73,
    0xdd, 0x73, 0xdd, 0x73, 0xdd, 0x73, 0xdd, 0x73, 0xdd, 0x73, 0xdd, 0x73, 0xdd, 0x73, 0xdd, 0x73,
    0xdd, 0x73, 0xdd, 0x73, 0xbd, 0x73, 0xbc, 0x73, 0xbc, 0x73, 0xbc, 0x73, 0x9b, 0x73, 0x9b, 0x6b,
    0x7b, 0x6b, 0x5a, 0x6b, 0xba, 0x73, 0xbf, 0xf7, 0xff, 0xff, 0xff, 0xff, 0xff, 0xff, 0xff, 0xff,
    0xff, 0xff, 0xff, 0xff, 0xff, 0xff, 0xff, 0xff, 0xff, 0xff, 0xff, 0xff, 0xff, 0xff, 0xff, 0xff,
    0xff, 0xff, 0xff, 0xff, 0xff, 0xff, 0xff, 0xff, 0xff, 0xff, 0xff, 0xff, 0xff, 0xff, 0xff, 0xff,
    0xff, 0xff, 0xff, 0xff, 0xff, 0xff, 0xff, 0xff, 0xff, 0xff, 0xff, 0xff, 0xff, 0xff, 0xff, 0xff,
    0xff, 0xff, 0xff, 0xff, 0xff, 0xff, 0xff, 0xff, 0xff, 0xff, 0x7b, 0x94, 0x1a, 0x6b, 0x7a, 0x73,
    0x7b, 0x73, 0x7b, 0x73, 0x9c, 0x73, 0x9c, 0x7b, 0x9c, 0x7b, 0x9c, 0x7b, 0x9d, 0x7b, 0x9d, 0x7b,
    0xbd, 0x7b, 0xbd, 0x7b, 0xbd, 0x7b, 0xbd, 0x7b, 0xbd, 0x7b, 0x9d, 0x7b, 0x9d, 0x7b, 0x9d, 0x7b,
    0x9d, 0x7b, 0x9d, 0x7b, 0x9d, 0x7b, 0x9d, 0x7b, 0x9d, 0x7b, 0x9d, 0x7b, 0x9d, 0x7b, 0x7d, 0x7b,
    0x7d, 0x7b, 0x7d, 0x7b, 0x7d, 0x7b, 0x7d, 0x7b, 0x7d, 0x7b, 0x7d, 0x7b, 0x7d, 0x7b, 0x7d, 0x7b,
    0x7d, 0x7b, 0x5d, 0x7b, 0x5d, 0x7b, 0x5d, 0x7b, 0x5d, 0x7b, 0x5d, 0x7b, 0x5d, 0x7b, 0x5d, 0x7b,
    0x5d, 0x7b, 0x5d, 0x7b, 0x5d, 0x7b, 0x5d, 0x7b, 0x5d, 0x7b, 0x3d, 0x7b, 0x3d, 0x7b, 0x3d, 0x7b,
    0x3d, 0x7b, 0x3d, 0x7b, 0x3d, 0x7b, 0x3d, 0x7b, 0x3d, 0x7b, 0x3d, 0x7b, 0x3d, 0x7b, 0x3d, 0x7b,
    0x3d, 0x7b, 0x3d, 0x7b, 0x3d, 0x7b, 0x3d, 0x7b, 0x3d, 0x7b, 0x1d, 0x7b, 0x1d, 0x7b, 0x1d, 0x7b,
    0x1d, 0x7b, 0x1d, 0x7b, 0x1d, 0x7b, 0x1d, 0x7b, 0x1d, 0x7b, 0x1d, 0x7b, 0x1d, 0x7b, 0x1d, 0x7b,
    0x1d, 0x7b, 0xfc, 0x7a, 0x1b, 0x7b, 0x1b, 0x7b, 0x1b, 0x7b, 0x1b, 0x7b, 0xfc, 0x7a, 0x1d, 0x7b,
    0x9d, 0x5b, 0x9d, 0x5b, 0x9c, 0x5b, 0xbc, 0x5b, 0xbc, 0x5b, 0x9c, 0x5b, 0x9c, 0x5b, 0x9d, 0x5b,
    0xbe, 0x5b, 0x9e, 0x5b, 0x9e, 0x5b, 0x9d, 0x5b, 0x9d, 0x5b, 0x9d, 0x5b, 0x9d, 0x5b, 0x9d, 0x5b,
    0x9d, 0x5b, 0x9d, 0x5b, 0x9d, 0x5b, 0x9d, 0x5b, 0x9d, 0x5b, 0x9d, 0x5b, 0x9d, 0x5b, 0x9d, 0x5b,
    0x9d, 0x63, 0x9d, 0x63, 0x9d, 0x63, 0x9d, 0x63, 0x9d, 0x63, 0x9d, 0x63, 0x9d, 0x63, 0x9d, 0x63,
    0x9d, 0x63, 0x9d, 0x63, 0x9d, 0x63, 0xbd, 0x63, 0xbd, 0x63, 0x9d, 0x63, 0x9d, 0x63, 0xbd, 0x63,
    0xbd, 0x63, 0xbd, 0x63, 0xbd, 0x63, 0xbd, 0x6b, 0xbd, 0x6b, 0xbd, 0x6b, 0xbd, 0x6b, 0xbd, 0x6b,
    0xbd, 0x6b, 0xbd, 0x6b, 0xbd, 0x6b, 0xbd, 0x6b, 0xbd, 0x6b, 0xbd, 0x6b, 0xbd, 0x6b, 0xbd, 0x6b,
    0xbd, 0x6b, 0xbd, 0x6b, 0xbd, 0x6b, 0xbd, 0x6b, 0xbd, 0x6b, 0xdd, 0x6b, 0xdd, 0x73, 0xdd, 0x73,
    0xdd, 0x73, 0xdd, 0x73, 0xdd, 0x73, 0xdd, 0x73, 0xdd, 0x73, 0xdd, 0x73, 0xdd, 0x73, 0xdd, 0x73,
    0xdd, 0x73, 0xbd, 0x73, 0xbc, 0x73, 0xbc, 0x73, 0xbc, 0x73, 0x9c, 0x73, 0x9b, 0x6b, 0x7b, 0x6b,
    0x7b, 0x6b, 0x5a, 0x6b, 0xba, 0x73, 0xbf, 0xf7, 0xff, 0xff, 0xff, 0xff, 0xff, 0xff, 0xff, 0xff,
    0xff, 0xff, 0xff, 0xff, 0xff, 0xff, 0xff, 0xff, 0xff, 0xff, 0xff, 0xff, 0xff, 0xff, 0xff, 0xff,
    0xff, 0xff, 0xff, 0xff, 0xff, 0xff, 0xff, 0xff, 0xff, 0xff, 0xff, 0xff, 0xff, 0xff, 0xff, 0xff,
    0xff, 0xff, 0xff, 0xff, 0xff, 0xff, 0xff, 0xff, 0xff, 0xff, 0xff, 0xff, 0xff, 0xff, 0xff, 0xff,
    0xff, 0xff, 0xff, 0xff, 0xff, 0xff, 0xff, 0xff, 0xff, 0xff, 0x7b, 0x94, 0x1a, 0x63, 0x7b, 0x73,
    0x7b, 0x73, 0x7b, 0x73, 0x7c, 0x73, 0x7c, 0x73, 0x9c, 0x7b, 0x9c, 0x7b, 0x9d, 0x7b, 0x9d, 0x7b,
    0x9d, 0x7b, 0x9d, 0x7b, 0x9d, 0x7b, 0x9d, 0x7b, 0x9d, 0x7b, 0x9d, 0x7b, 0x9d, 0x7b, 0x9d, 0x7b,
    0x9d, 0x7b, 0x9d, 0x7b, 0x9d, 0x7b, 0x9d, 0x7b, 0x9d, 0x7b, 0x9d, 0x7b, 0x7d, 0x7b, 0x7d, 0x7b,
    0x7d, 0x7b, 0x7d, 0x7b, 0x7d, 0x7b, 0x7d, 0x7b, 0x7d, 0x7b, 0x7d, 0x7b, 0x7d, 0x7b, 0x7d, 0x7b,
    0x5d, 0x7b, 0x5d, 0x7b, 0x5d, 0x7b, 0x5d, 0x7b, 0x5d, 0x7b, 0x5d, 0x7b, 0x5d, 0x7b, 0x5d, 0x7b,
    0x5d, 0x7b, 0x5d, 0x7b, 0x5d, 0x7b, 0x5d, 0x7b, 0x3d, 0x7b, 0x3d, 0x7b, 0x3d, 0x7b, 0x3d, 0x7b,
    0x3d, 0x7b, 0x3d, 0x7b, 0x3d, 0x7b, 0x3d, 0x7b, 0x3d, 0x7b, 0x3d, 0x7b, 0x3d, 0x7b, 0x3d, 0x7b,
    0x3d, 0x7b, 0x3d, 0x7b, 0x3d, 0x7b, 0x3d, 0x7b, 0x1d, 0x7b, 0x1d, 0x7b, 0x1d, 0x7b, 0x1d, 0x7b,
    0x1d, 0x7b, 0x1d, 0x7b, 0x1d, 0x7b, 0x1d, 0x7b, 0x1d, 0x7b, 0x1d, 0x7b, 0x1d, 0x7b, 0x1d, 0x7b,
    0x1d, 0x7b, 0xfc, 0x7a, 0x1b, 0x7b, 0x1b, 0x7b, 0x1b, 0x7b, 0x1b, 0x7b, 0xfc, 0x7a, 0xfd, 0x7a,
    0x9d, 0x5b, 0x9d, 0x5b, 0x9c, 0x5b, 0xbc, 0x5b, 0xbc, 0x5b, 0x9c, 0x5b, 0x9d, 0x5b, 0x9d, 0x5b,
    0x9e, 0x5b, 0x9e, 0x5b, 0x9e, 0x5b, 0x9e, 0x5b, 0x9e, 0x5b, 0x9d, 0x5b, 0x9d, 0x5b, 0x9d, 0x5b,
    0x9d, 0x5b, 0x9d, 0x5b, 0x9d, 0x5b, 0x9d, 0x5b, 0x9d, 0x5b, 0x9d, 0x5b, 0x9d, 0x5b, 0x9d, 0x5b,
    0x9d, 0x63, 0x9d, 0x63, 0x9d, 0x63, 0x9d, 0x63, 0x9d, 0x63, 0x9d, 0x63, 0x9d, 0x63, 0x9d, 0x63,
    0x9d, 0x63, 0x9d, 0x63, 0x9d, 0x63, 0x9d, 0x63, 0x9d, 0x63, 0x9d, 0x63, 0x9d, 0x63, 0x9d, 0x63,
    0x9d, 0x63, 0xbd, 0x63, 0xbd, 0x63, 0xbd, 0x63, 0xbd, 0x6b, 0xbd, 0x6b, 0xbd, 0x6b, 0xbd, 0x6b,
    0xbd, 0x6b, 0xbd, 0x6b, 0xbd, 0x6b, 0xbd, 0x6b, 0xbd, 0x6b, 0xbd, 0x6b, 0xbd, 0x6b, 0xbd, 0x6b,
    0xbd, 0x6b, 0xbd, 0x6b, 0xbd, 0x6b, 0xbd, 0x6b, 0xbd, 0x6b, 0xbd, 0x6b, 0xbd, 0x6b, 0xbd, 0x73,
    0xbd, 0x73, 0xbd, 0x73, 0xbd, 0x73, 0xbd, 0x73, 0xbd, 0x73, 0xbd, 0x73, 0xbd, 0x73, 0xbd, 0x73,
    0xbd, 0x73, 0xbd, 0x73, 0xbc, 0x73, 0xbc, 0x73, 0x9c, 0x73, 0x9c, 0x73, 0x9b, 0x6b, 0x7b, 0x6b,
    0x7b, 0x6b, 0x5a, 0x6b, 0x3a, 0x63, 0x1e, 0xe7, 0xff, 0xff, 0xff, 0xff, 0xff, 0xff, 0xff, 0xff,
    0xff, 0xff, 0xff, 0xff, 0xff, 0xff, 0xff, 0xff, 0xff, 0xff, 0xff, 0xff, 0xff, 0xff, 0xff, 0xff,
    0xff, 0xff, 0xff, 0xff, 0xff, 0xff, 0xff, 0xff, 0xff, 0xff, 0xff, 0xff, 0xff, 0xff, 0xff, 0xff,
    0xff, 0xff, 0xff, 0xff, 0xff, 0xff, 0xff, 0xff, 0xff, 0xff, 0xff, 0xff, 0xff, 0xff, 0xff, 0xff,
    0xff, 0xff, 0xff, 0xff, 0xff, 0xff, 0xff, 0xff, 0xdf, 0xff, 0xda, 0x7b, 0x1a, 0x6b, 0x5b, 0x73,
    0x5b, 0x73, 0x7b, 0x73, 0x7c, 0x73, 0x7c, 0x73, 0x9c, 0x7b, 0x9c, 0x7b, 0x9c, 0x7b, 0x9d, 0x7b,
    0x9d, 0x7b, 0x9d, 0x7b, 0x9d, 0x7b, 0x9d, 0x7b, 0x9d, 0x7b, 0x9d, 0x7b, 0x9d, 0x7b, 0x9d, 0x7b,
    0x9d, 0x7b, 0x9d, 0x7b, 0x9d, 0x7b, 0x9d, 0x7b, 0x7d, 0x7b, 0x7d, 0x7b, 0x7d, 0x7b, 0x7d, 0x7b,
    0x7d, 0x7b, 0x7d, 0x7b, 0x7d, 0x7b, 0x7d, 0x7b, 0x7d, 0x7b, 0x7d, 0x7b, 0x5d, 0x7b, 0x5d, 0x7b,
    0x5d, 0x7b, 0x5d, 0x7b, 0x5d, 0x7b, 0x5d, 0x7b, 0x5d, 0x7b, 0x5d, 0x7b, 0x5d, 0x7b, 0x5d, 0x7b,
    0x5d, 0x7b, 0x3d, 0x7b, 0x3d, 0x7b, 0x3d, 0x7b, 0x3d, 0x7b, 0x3d, 0x7b, 0x3d, 0x7b, 0x3d, 0x7b,
    0x3d, 0x7b, 0x3d, 0x7b, 0x3d, 0x7b, 0x3d, 0x7b, 0x3d, 0x7b, 0x3d, 0x7b, 0x3d, 0x7b, 0x3d, 0x7b,
    0x3d, 0x7b, 0x3d, 0x7b, 0x3d, 0x7b, 0x1d, 0x7b, 0x1d, 0x7b, 0x1d, 0x7b, 0x1d, 0x7b, 0x1d, 0x7b,
    0x1d, 0x7b, 0x1d, 0x7b, 0x1d, 0x7b, 0x1d, 0x7b, 0x1d, 0x7b, 0x1d, 0x7b, 0x1d, 0x7b, 0x1d, 0x7b,
    0x1d, 0x7b, 0xfc, 0x7a, 0x1b, 0x7b, 0x1b, 0x7b, 0x1b, 0x7b, 0xfb, 0x7a, 0xfc, 0x7a, 0xfd, 0x7a,
    0x9d, 0x5b, 0x9d, 0x5b, 0x9c, 0x5b, 0xbc, 0x5b, 0xbc, 0x5b, 0x9c, 0x5b, 0x9d, 0x5b, 0x9d, 0x5b,
    0x9e, 0x5b, 0x9e, 0x5b, 0x9e, 0x5b, 0x9e, 0x5b, 0x9e, 0x5b, 0x9e, 0x5b, 0x9e, 0x5b, 0x9d, 0x5b,
    0x9d, 0x5b, 0x9d, 0x5b, 0x9d, 0x5b, 0x9d, 0x5b, 0x9d, 0x5b, 0x9d, 0x5b, 0x9d, 0x63, 0x9d, 0x63,
    0x9d, 0x63, 0x9d, 0x63, 0x9d, 0x63, 0x9d, 0x63, 0x9d, 0x63, 0x9d, 0x63, 0x9d, 0x63, 0x9d, 0x63,
    0x9d, 0x63, 0x9d, 0x63, 0x9d, 0x63, 0x9d, 0x63, 0x9d, 0x63, 0x9d, 0x63, 0x9d, 0x63, 0x9d, 0x63,
    0x9d, 0x63, 0x9d, 0x63, 0x9d, 0x63, 0xbd, 0x63, 0x9d, 0x6b, 0x9d, 0x6b, 0xbd, 0x6b, 0xbd, 0x6b,
    0xbd, 0x6b, 0xbd, 0x6b, 0xbd, 0x6b, 0xbd, 0x6b, 0xbd, 0x6b, 0xbd, 0x6b, 0xbd, 0x6b, 0xbd, 0x6b,
    0xbd, 0x6b, 0xbd, 0x6b, 0xbd, 0x6b, 0xbd, 0x6b, 0xbd, 0x6b, 0xbd, 0x6b, 0xbd, 0x6b, 0xbd, 0x6b,
    0xbd, 0x6b, 0xbd, 0x73, 0xbd, 0x73, 0xbd, 0x73, 0xbd, 0x73, 0xbd, 0x73, 0xbd, 0x73, 0xbd, 0x73,
    0xbd, 0x73, 0xbd, 0x73, 0xbc, 0x73, 0x9c, 0x73, 0x9c, 0x73, 0x9c, 0x6b, 0x9b, 0x6b, 0x7b, 0x6b,
    0x7b, 0x6b, 0x7a, 0x6b, 0xf9, 0x5a, 0x7e, 0xce, 0xff, 0xff, 0xff, 0xff, 0xff, 0xff, 0xff, 0xff,
    0xff, 0xff, 0xff, 0xff, 0xff, 0xff, 0xff, 0xff, 0xff, 0xff, 0xff, 0xff, 0xff, 0xff, 0xff, 0xff,
    0xff, 0xff, 0xff, 0xff, 0xff, 0xff, 0xff, 0xff, 0xff, 0xff, 0xff, 0xff, 0xff, 0xff, 0xff, 0xff,
    0xff, 0xff, 0xff, 0xff, 0xff, 0xff, 0xff, 0xff, 0xff, 0xff, 0xff, 0xff, 0xff, 0xff, 0xff, 0xff,
    0xff, 0xff, 0xff, 0xff, 0xff, 0xff, 0xff, 0xff, 0x7f, 0xef, 0x5a, 0x73, 0x3a, 0x6b, 0x5a, 0x73,
    0x5b, 0x73, 0x5b, 0x73, 0x7b, 0x73, 0x7c, 0x73, 0x7c, 0x73, 0x7c, 0x7b, 0x7c, 0x7b, 0x9d, 0x7b,
    0x9d, 0x7b, 0x9d, 0x7b, 0x9d, 0x7b, 0x9d, 0x7b, 0x9d, 0x7b, 0x9d, 0x7b, 0x9d, 0x7b, 0x9d, 0x7b,
    0x7d, 0x7b, 0x7d, 0x7b, 0x7d, 0x7b, 0x7d, 0x7b, 0x7d, 0x7b, 0x7d, 0x7b, 0x7d, 0x7b, 0x7d, 0x7b,
    0x7d, 0x7b, 0x7d, 0x7b, 0x7d, 0x7b, 0x7d, 0x7b, 0x7d, 0x7b, 0x5d, 0x7b, 0x5d, 0x7b, 0x5d, 0x7b,
    0x5d, 0x7b, 0x5d, 0x7b, 0x5d, 0x7b, 0x5d, 0x7b, 0x5d, 0x7b, 0x5d, 0x7b, 0x5d, 0x7b, 0x3d, 0x7b,
    0x3d, 0x7b, 0x3d, 0x7b, 0x3d, 0x7b, 0x3d, 0x7b, 0x3d, 0x7b, 0x3d, 0x7b, 0x3d, 0x7b, 0x3d, 0x7b,
    0x3d, 0x7b, 0x3d, 0x7b, 0x3d, 0x7b, 0x3d, 0x7b, 0x3d, 0x7b, 0x3d, 0x7b, 0x3d, 0x7b, 0x3d, 0x7b,
    0x3d, 0x7b, 0x1d, 0x7b, 0x1d, 0x7b, 0x1d, 0x7b, 0x1d, 0x7b, 0x1d, 0x7b, 0x1d, 0x7b, 0x1d, 0x7b,
    0x1d, 0x7b, 0x1d, 0x7b, 0x1d, 0x7b, 0x1d, 0x7b, 0x1d, 0x7b, 0x1d, 0x7b, 0x1d, 0x7b, 0x1d, 0x7b,
    0x1d, 0x7b, 0xfc, 0x7a, 0x1b, 0x7b, 0x1b, 0x7b, 0x1b, 0x7b, 0xfb, 0x7a, 0xfc, 0x7a, 0xfd, 0x7a,
    0x9d, 0x5b, 0x9d, 0x5b, 0x9c, 0x5b, 0xbc, 0x5b, 0xbc, 0x5b, 0x9c, 0x5b, 0x9d, 0x5b, 0x9d, 0x5b,
    0x9e, 0x5b, 0x9e, 0x5b, 0x9e, 0x5b, 0x9e, 0x5b, 0x9e, 0x5b, 0x9e, 0x5b, 0x9e, 0x5b, 0x9e, 0x5b,
    0x9e, 0x5b, 0x9e, 0x5b, 0x9d, 0x5b, 0x9d, 0x5b, 0x9d, 0x5b, 0x9d, 0x5b, 0x9d, 0x63, 0x9d, 0x63,
    0x9d, 0x63, 0x9d, 0x63, 0x9d, 0x63, 0x9d, 0x63, 0x9d, 0x63, 0x9d, 0x63, 0x9d, 0x63, 0x9d, 0x63,
    0x9d, 0x63, 0x9d, 0x63, 0x9d, 0x63, 0x9d, 0x63, 0x9d, 0x63, 0x9d, 0x63, 0x9d, 0x63, 0x9d, 0x63,
    0x9d, 0x63, 0x9d, 0x63, 0x9d, 0x63, 0x9d, 0x63, 0x9d, 0x63, 0x9d, 0x63, 0x9d, 0x63, 0x9d, 0x6b,
    0x9d, 0x6b, 0xbd, 0x6b, 0xbd, 0x6b, 0xbd, 0x6b, 0xbd, 0x6b, 0x9d, 0x6b, 0xbd, 0x6b, 0xbd, 0x6b,
    0xbd, 0x6b, 0xbd, 0x6b, 0xbd, 0x6b, 0xbd, 0x6b, 0xbd, 0x6b, 0xbd, 0x6b, 0xbd, 0x6b, 0xbd, 0x6b,
    0xbd, 0x6b, 0xbd, 0x6b, 0xbd, 0x6b, 0xbd, 0x6b, 0xbd, 0x6b, 0xbd, 0x73, 0xbd, 0x73, 0xbd, 0x73,
    0xbd, 0x6b, 0x9c, 0x6b, 0x9c, 0x6b, 0x9c, 0x73, 0x9c, 0x6b, 0x9c, 0x6b, 0x7b, 0x6b, 0x7b, 0x6b,
    0x7b, 0x6b, 0x7a, 0x6b, 0xf9, 0x5a, 0x5c, 0xad, 0xff, 0xff, 0xff, 0xff, 0xff, 0xff, 0xff, 0xff,
    0xff, 0xff, 0xff, 0xff, 0xff, 0xff, 0xff, 0xff, 0xff, 0xff, 0xff, 0xff, 0xff, 0xff, 0xff, 0xff,
    0xff, 0xff, 0xff, 0xff, 0xff, 0xff, 0xff, 0xff, 0xff, 0xff, 0xff, 0xff, 0xff, 0xff, 0xff, 0xff,
    0xff, 0xff, 0xff, 0xff, 0xff, 0xff, 0xff, 0xff, 0xff, 0xff, 0xff, 0xff, 0xff, 0xff, 0xff, 0xff,
    0xff, 0xff, 0xff, 0xff, 0xff, 0xff, 0xff, 0xff, 0x7d, 0xd6, 0xf9, 0x62, 0x5a, 0x73, 0x5a, 0x73,
    0x5b, 0x73, 0x5b, 0x73, 0x7b, 0x73, 0x7c, 0x73, 0x7c, 0x73, 0x7c, 0x73, 0x7c, 0x73, 0x7c, 0x7b,
    0x9d, 0x7b, 0x7d, 0x7b, 0x7d, 0x7b, 0x7d, 0x7b, 0x7d, 0x7b, 0x7d, 0x7b, 0x7d, 0x7b, 0x7d, 0x7b,
    0x7d, 0x7b, 0x7d, 0x7b, 0x7d, 0x7b, 0x7d, 0x7b, 0x7d, 0x7b, 0x7d, 0x7b, 0x7d, 0x7b, 0x7d, 0x7b,
    0x7d, 0x7b, 0x7d, 0x7b, 0x5d, 0x7b, 0x5d, 0x7b, 0x5d, 0x7b, 0x5d, 0x7b, 0x5d, 0x7b, 0x5d, 0x7b,
    0x5d, 0x7b, 0x5d, 0x7b, 0x5d, 0x7b, 0x5d, 0x7b, 0x5d, 0x7b, 0x5d, 0x7b, 0x3d, 0x7b, 0x3d, 0x7b,
    0x3d, 0x7b, 0x3d, 0x7b, 0x3d, 0x7b, 0x3d, 0x7b, 0x3d, 0x7b, 0x3d, 0x7b, 0x3d, 0x7b, 0x3d, 0x7b,
    0x3d, 0x7b, 0x3d, 0x7b, 0x3d, 0x7b, 0x3d, 0x7b, 0x3d, 0x7b, 0x3d, 0x7b, 0x1d, 0x7b, 0x1d, 0x7b,
    0x1d, 0x7b, 0x1d, 0x7b, 0x1d, 0x7b, 0x1d, 0x7b, 0x1d, 0x7b, 0x1d, 0x7b, 0x1d, 0x7b, 0x1d, 0x7b,
    0x1d, 0x7b, 0x1d, 0x7b, 0x1d, 0x7b, 0x1d, 0x7b, 0x1d, 0x7b, 0x1d, 0x7b, 0x1d, 0x7b, 0x1d, 0x7b,
    0x1d, 0x7b, 0xfc, 0x7a, 0x1b, 0x7b, 0x1b, 0x7b, 0x1b, 0x7b, 0xfb, 0x7a, 0xfc, 0x7a, 0xfd, 0x7a,
    0x9d, 0x5b, 0x9d, 0x5b, 0x9c, 0x5b, 0xbc, 0x5b, 0xbc, 0x5b, 0x9c, 0x5b, 0x9d, 0x5b, 0x9d, 0x5b,
    0x9e, 0x5b, 0x9e, 0x5b, 0x9e, 0x5b, 0x9e, 0x5b, 0x9e, 0x5b, 0x9e, 0x5b, 0x9e, 0x5b, 0x9e, 0x5b,
    0x9e, 0x5b, 0x9e, 0x5b, 0x9e, 0x5b, 0x9d, 0x5b, 0x9d, 0x5b, 0x9d, 0x5b, 0x9d, 0x5b, 0x9d, 0x63,
    0x9d, 0x63, 0x9d, 0x63, 0x9d, 0x63, 0x9d, 0x63, 0x9d, 0x63, 0x9d, 0x63, 0x9d, 0x63, 0x9d, 0x63,
    0x9d, 0x63, 0x9d, 0x63, 0x9d, 0x63, 0x9d, 0x63, 0x9d, 0x63, 0x9d, 0x63, 0x9d, 0x63, 0x9d, 0x63,
    0x9d, 0x63, 0x9d, 0x63, 0x9d, 0x63, 0x9d, 0x63, 0x9d, 0x63, 0x9d, 0x63, 0x9d, 0x63, 0x9d, 0x6b,
    0x9d, 0x6b, 0x9d, 0x6b, 0x9d, 0x6b, 0x9d, 0x6b, 0x9d, 0x6b, 0x9d, 0x6b, 0x9d, 0x6b, 0x9d, 0x6b,
    0xbd, 0x6b, 0xbd, 0x6b, 0xbd, 0x6b, 0xbd, 0x6b, 0xbd, 0x6b, 0xbd, 0x6b, 0xbd, 0x6b, 0xbd, 0x6b,
    0x9d, 0x6b, 0x9d, 0x6b, 0xbd, 0x6b, 0xbd, 0x6b, 0xbd, 0x6b, 0xbd, 0x6b, 0x9d, 0x6b, 0x9d, 0x6b,
    0x9c, 0x6b, 0x9c, 0x6b, 0x9c, 0x6b, 0x9c, 0x6b, 0x9c, 0x6b, 0x7c, 0x6b, 0x7b, 0x6b, 0x7b, 0x6b,
    0x5b, 0x6b, 0x5a, 0x6b, 0x1a, 0x63, 0xfa, 0x7b, 0xff, 0xff, 0xff, 0xff, 0xff, 0xff, 0xff, 0xff,
    0xff, 0xff, 0xff, 0xff, 0xff, 0xff, 0xff, 0xff, 0xff, 0xff, 0xff, 0xff, 0xff, 0xff, 0xff, 0xff,
    0xff, 0xff, 0xff, 0xff, 0xff, 0xff, 0xff, 0xff, 0xff, 0xff, 0xff, 0xff, 0xff, 0xff, 0xff, 0xff,
    0xff, 0xff, 0xff, 0xff, 0xff, 0xff, 0xff, 0xff, 0xff, 0xff, 0xff, 0xff, 0xff, 0xff, 0xff, 0xff,
    0xff, 0xff, 0xff, 0xff, 0xff, 0xff, 0xff, 0xff, 0xfc, 0xa4, 0xd9, 0x62, 0x5a, 0x6b, 0x3a, 0x6b,
    0x5b, 0x73, 0x5b, 0x73, 0x5b, 0x73, 0x7c, 0x73, 0x7c, 0x73, 0x7c, 0x73, 0x7c, 0x73, 0x7c, 0x7b,
    0x7c, 0x7b, 0x7c, 0x7b, 0x7c, 0x7b, 0x7d, 0x7b, 0x7d, 0x7b, 0x7d, 0x7b, 0x7d, 0x7b, 0x7d, 0x7b,
    0x7d, 0x7b, 0x7d, 0x7b, 0x7d, 0x7b, 0x7d, 0x7b, 0x7d, 0x7b, 0x7d, 0x7b, 0x7d, 0x7b, 0x7d, 0x7b,
    0x5d, 0x7b, 0x5d, 0x7b, 0x5d, 0x7b, 0x5d, 0x7b, 0x5d, 0x7b, 0x5d, 0x7b, 0x5d, 0x7b, 0x5d, 0x7b,
    0x5d, 0x7b, 0x5d, 0x7b, 0x5d, 0x7b, 0x5d, 0x7b, 0x5d, 0x7b, 0x3d, 0x7b, 0x3d, 0x7b, 0x3d, 0x7b,
    0x3d, 0x7b, 0x3d, 0x7b, 0x3d, 0x7b, 0x3d, 0x7b, 0x3d, 0x7b, 0x3d, 0x7b, 0x3d, 0x7b, 0x3d, 0x7b,
    0x3d, 0x7b, 0x3d, 0x7b, 0x3d, 0x7b, 0x3d, 0x7b, 0x3d, 0x7b, 0x1d, 0x7b, 0x1d, 0x7b, 0x1d, 0x7b,
    0x1d, 0x7b, 0x1d, 0x7b, 0x1d, 0x7b, 0x1d, 0x7b, 0x1d, 0x7b, 0x1d, 0x7b, 0x1d, 0x7b, 0x1d, 0x7b,
    0x1d, 0x7b, 0x1d, 0x7b, 0x1d, 0x7b, 0x1d, 0x7b, 0x1d, 0x7b, 0x1d, 0x7b, 0x1d, 0x7b, 0x1d, 0x7b,
    0x1d, 0x7b, 0xfc, 0x7a, 0xfb, 0x7a, 0x1b, 0x7b, 0x1b, 0x7b, 0xfc, 0x7a, 0xfc, 0x7a, 0xfd, 0x7a,
    0x9d, 0x5b, 0x9d, 0x5b, 0x9c, 0x5b, 0xbc, 0x5b, 0x9c, 0x5b, 0x9c, 0x5b, 0x9d, 0x5b, 0x9d, 0x5b,
    0x9e, 0x5b, 0x9e, 0x5b, 0x9e, 0x5b, 0x9e, 0x5b, 0x9e, 0x5b, 0x9e, 0x5b, 0x9e, 0x5b, 0x9e, 0x5b,
    0x9e, 0x5b, 0x9e, 0x5b, 0x9d, 0x5b, 0x9d, 0x5b, 0x9d, 0x5b, 0x9d, 0x5b, 0x9d, 0x5b, 0x9d, 0x5b,
    0x9d, 0x5b, 0x9d, 0x63, 0x9d, 0x63, 0x9d, 0x63, 0x9d, 0x63, 0x9d, 0x63, 0x9d, 0x63, 0x9d, 0x63,
    0x9d, 0x63, 0x9d, 0x63, 0x9d, 0x63, 0x9d, 0x63, 0x9d, 0x63, 0x9d, 0x63, 0x9d, 0x63, 0x9d, 0x63,
    0x9d, 0x63, 0x9d, 0x63, 0x9d, 0x63, 0x9d, 0x63, 0x9d, 0x63, 0x9d, 0x63, 0x9d, 0x63, 0x9d, 0x63,
    0x9d, 0x6b, 0x9d, 0x6b, 0x9d, 0x6b, 0x9d, 0x6b, 0x9d, 0x6b, 0x9d, 0x6b, 0x9d, 0x6b, 0x9d, 0x6b,
    0x9d, 0x6b, 0x9d, 0x6b, 0x9d, 0x6b, 0x9d, 0x6b, 0x9d, 0x6b, 0x9d, 0x6b, 0x9d, 0x6b, 0x9d, 0x6b,
    0x9d, 0x6b, 0x9d, 0x6b, 0x9d, 0x6b, 0x9d, 0x6b, 0x9d, 0x6b, 0x9d, 0x6b, 0x9d, 0x6b, 0x9c, 0x6b,
    0x9c, 0x6b, 0x9c, 0x6b, 0x9c, 0x6b, 0x9c, 0x6b, 0x7c, 0x6b, 0x7b, 0x6b, 0x7b, 0x6b, 0x7b, 0x6b,
    0x5b, 0x6b, 0x5a, 0x6b, 0x5a, 0x6b, 0xf9, 0x62, 0xbe, 0xd6, 0xff, 0xff, 0xff, 0xff, 0xff, 0xff,
    0xff, 0xff, 0xff, 0xff, 0xff, 0xff, 0xff, 0xff, 0xff, 0xff, 0xff, 0xff, 0xff, 0xff, 0xff, 0xff,
    0xff, 0xff, 0xff, 0xff, 0xff, 0xff, 0xff, 0xff, 0xff, 0xff, 0xff, 0xff, 0xff, 0xff, 0xff, 0xff,
    0xff, 0xff, 0xff, 0xff, 0xff, 0xff, 0xff, 0xff, 0xff, 0xff, 0xff, 0xff, 0xff, 0xff, 0xff, 0xff,
    0xff, 0xff, 0xff, 0xff, 0xff, 0xff, 0x9f, 0xf7, 0x7a, 0x73, 0x1a, 0x6b, 0x3a, 0x6b, 0x3a, 0x6b,
    0x5b, 0x73, 0x5b, 0x73, 0x5b, 0x73, 0x5c, 0x73, 0x7c, 0x73, 0x7c, 0x73, 0x7c, 0x73, 0x7c, 0x73,
    0x7c, 0x73, 0x7c, 0x73, 0x7c, 0x73, 0x7c, 0x7b, 0x7c, 0x7b, 0x7d, 0x7b, 0x7d, 0x7b, 0x7d, 0x7b,
    0x7d, 0x7b, 0x7d, 0x7b, 0x7d, 0x7b, 0x7d, 0x7b, 0x5d, 0x7b, 0x5d, 0x7b, 0x5d, 0x7b, 0x5d, 0x7b,
    0x5d, 0x7b, 0x5d, 0x7b, 0x5d, 0x7b, 0x5d, 0x7b, 0x5d, 0x7b, 0x5d, 0x7b, 0x5d, 0x7b, 0x5d, 0x7b,
    0x5d, 0x7b, 0x5d, 0x7b, 0x5d, 0x7b, 0x5d, 0x7b, 0x3d, 0x7b, 0x3d, 0x7b, 0x3d, 0x7b, 0x3d, 0x7b,
    0x3d, 0x7b, 0x3d, 0x7b, 0x3d, 0x7b, 0x3d, 0x7b, 0x3d, 0x7b, 0x3d, 0x7b, 0x3d, 0x7b, 0x3d, 0x7b,
    0x3d, 0x7b, 0x3d, 0x7b, 0x3d, 0x7b, 0x1d, 0x7b, 0x1d, 0x7b, 0x1d, 0x7b, 0x1d, 0x7b, 0x1d, 0x7b,
    0x1d, 0x7b, 0x1d, 0x7b, 0x1d, 0x7b, 0x1d, 0x7b, 0x1d, 0x7b, 0x1d, 0x7b, 0x1d, 0x7b, 0x1d, 0x7b,
    0x1d, 0x7b, 0x1d, 0x7b, 0x1d, 0x7b, 0x1d, 0x7b, 0x1d, 0x7b, 0x1d, 0x7b, 0x1d, 0x7b, 0x1d, 0x7b,
    0x1d, 0x7b, 0xfc, 0x7a, 0xfc, 0x7a, 0x1b, 0x7b, 0x1b, 0x7b, 0xfc, 0x7a, 0xfc, 0x7a, 0xfd, 0x7a,
    0x9e, 0x5b, 0x9d, 0x5b, 0x9c, 0x5b, 0x9c, 0x5b, 0x9c, 0x5b, 0x9c, 0x5b, 0x9d, 0x5b, 0x9d, 0x5b,
    0x9e, 0x5b, 0x9e, 0x5b, 0x9e, 0x5b, 0x9e, 0x5b, 0x9e, 0x5b, 0x9e, 0x5b, 0x9e, 0x5b, 0x9e, 0x5b,
    0x9e, 0x5b, 0x9e, 0x5b, 0x9d, 0x5b, 0x9d, 0x5b, 0x9d, 0x5b, 0x9d, 0x5b, 0x9d, 0x5b, 0x9d, 0x5b,
    0x9d, 0x63, 0x9d, 0x63, 0x9d, 0x63, 0x9d, 0x63, 0x9d, 0x63, 0x9d, 0x63, 0x9d, 0x63, 0x9d, 0x63,
    0x9d, 0x63, 0x9d, 0x63, 0x9d, 0x63, 0x9d, 0x63, 0x9d, 0x63, 0x9d, 0x63, 0x9d, 0x63, 0x9d, 0x63,
    0x9d, 0x63, 0x9d, 0x63, 0x9d, 0x63, 0x9d, 0x63, 0x9d, 0x63, 0x9d, 0x63, 0x9d, 0x63, 0x9d, 0x63,
    0x9d, 0x63, 0x9d, 0x63, 0x9d, 0x6b, 0x9d, 0x6b, 0x9d, 0x6b, 0x9d, 0x6b, 0x9d, 0x6b, 0x9d, 0x6b,
    0x9d, 0x6b, 0x9d, 0x6b, 0x9d, 0x6b, 0x9d, 0x6b, 0x9d, 0x6b, 0x9d, 0x6b, 0x9d, 0x6b, 0x9d, 0x6b,
    0x9d, 0x6b, 0x9d, 0x6b, 0x9d, 0x6b, 0x9d, 0x6b, 0x9c, 0x6b, 0x9c, 0x6b, 0x9c, 0x6b, 0x9c, 0x6b,
    0x9c, 0x6b, 0x9c, 0x6b, 0x9c, 0x6b, 0x7c, 0x6b, 0x7c, 0x6b, 0x7b, 0x6b, 0x7b, 0x6b, 0x5b, 0x6b,
    0x5b, 0x6b, 0x5a, 0x6b, 0x5a, 0x6b, 0xd9, 0x5a, 0xdb, 0x9c, 0xff, 0xff, 0xff, 0xff, 0xff, 0xff,
    0xff, 0xff, 0xff, 0xff, 0xff, 0xff, 0xff, 0xff, 0xff, 0xff, 0xff, 0xff, 0xff, 0xff, 0xff, 0xff,
    0xff, 0xff, 0xff, 0xff, 0xff, 0xff, 0xff, 0xff, 0xff, 0xff, 0xff, 0xff, 0xff, 0xff, 0xff, 0xff,
    0xff, 0xff, 0xff, 0xff, 0xff, 0xff, 0xff, 0xff, 0xff, 0xff, 0xff, 0xff, 0xff, 0xff, 0xff, 0xff,
    0xff, 0xff, 0xff, 0xff, 0xff, 0xff, 0x1d, 0xc6, 0xb9, 0x5a, 0x3a, 0x6b, 0x3a, 0x6b, 0x3a, 0x6b,
    0x3b, 0x6b, 0x5b, 0x73, 0x5b, 0x73, 0x5b, 0x73, 0x5c, 0x73, 0x5c, 0x73, 0x5c, 0x73, 0x5c, 0x73,
    0x5c, 0x73, 0x5c, 0x73, 0x7c, 0x73, 0x7c, 0x73, 0x7c, 0x73, 0x7c, 0x73, 0x7c, 0x7b, 0x7d, 0x7b,
    0x5d, 0x7b, 0x5d, 0x7b, 0x5d, 0x7b, 0x5d, 0x7b, 0x5d, 0x7b, 0x5d, 0x7b, 0x5d, 0x7b, 0x5d, 0x7b,
    0x5d, 0x7b, 0x5d, 0x7b, 0x5d, 0x7b, 0x5d, 0x7b, 0x5d, 0x7b, 0x5d, 0x7b, 0x5d, 0x7b, 0x5d, 0x7b,
    0x5d, 0x7b, 0x5d, 0x7b, 0x3d, 0x7b, 0x3d, 0x7b, 0x3d, 0x7b, 0x3d, 0x7b, 0x3d, 0x7b, 0x3d, 0x7b,
    0x3d, 0x7b, 0x3d, 0x7b, 0x3d, 0x7b, 0x3d, 0x7b, 0x3d, 0x7b, 0x3d, 0x7b, 0x3d, 0x7b, 0x3d, 0x7b,
    0x3d, 0x7b, 0x1d, 0x7b, 0x1d, 0x7b, 0x1d, 0x7b, 0x1d, 0x7b, 0x1d, 0x7b, 0x1d, 0x7b, 0x1d, 0x7b,
    0x1d, 0x7b, 0x1d, 0x7b, 0x1d, 0x7b, 0x1d, 0x7b, 0x1d, 0x7b, 0x1d, 0x7b, 0x1d, 0x7b, 0x1d, 0x7b,
    0x1d, 0x7b, 0x1d, 0x7b, 0x1d, 0x7b, 0x1d, 0x7b, 0x1d, 0x7b, 0x1d, 0x7b, 0x1d, 0x7b, 0x1d, 0x7b,
    0x1d, 0x7b, 0xfc, 0x7a, 0xfc, 0x7a, 0x1b, 0x7b, 0x1b, 0x7b, 0xfc, 0x7a, 0xfc, 0x7a, 0xfd, 0x7a,
    0x9e, 0x5b, 0x9d, 0x5b, 0x9c, 0x5b, 0x9c, 0x5b, 0x9c, 0x5b, 0x9c, 0x5b, 0x9d, 0x5b, 0x9e, 0x5b,
    0x9e, 0x5b, 0x9e, 0x5b, 0x9e, 0x5b, 0x9e, 0x5b, 0x9e, 0x5b, 0x9e, 0x5b, 0x9e, 0x5b, 0x9e, 0x5b,
    0x9e, 0x5b, 0x9e, 0x5b, 0x9e, 0x5b, 0x9e, 0x5b, 0x9e, 0x5b, 0x9d, 0x5b, 0x9d, 0x5b, 0x9d, 0x63,
    0x9d, 0x63, 0x9d, 0x63, 0x9d, 0x63, 0x9d, 0x63, 0x9d, 0x63, 0x9d, 0x63, 0x9d, 0x63, 0x9d, 0x63,
    0x9d, 0x63, 0x9d, 0x63, 0x9d, 0x63, 0x9d, 0x63, 0x9d, 0x63, 0x9d, 0x63, 0x9d, 0x63, 0x9d, 0x63,
    0x9d, 0x63, 0x9d, 0x63, 0x9d, 0x63, 0x9d, 0x63, 0x9d, 0x63, 0x9d, 0x63, 0x9d, 0x63, 0x9d, 0x63,
    0x9d, 0x63, 0x9d, 0x6b, 0x9d, 0x6b, 0x9d, 0x6b, 0x9d, 0x6b, 0x9d, 0x6b, 0x9d, 0x6b, 0x9d, 0x6b,
    0x9d, 0x6b, 0x9d, 0x6b, 0x9d, 0x6b, 0x9d, 0x6b, 0x9d, 0x6b, 0x9d, 0x6b, 0x9d, 0x6b, 0x9d, 0x6b,
    0x9d, 0x6b, 0x9d, 0x6b, 0x9c, 0x6b, 0x9c, 0x6b, 0x9c, 0x6b, 0x9c, 0x6b, 0x9c, 0x6b, 0x7c, 0x6b,
    0x7c, 0x6b, 0x7c, 0x6b, 0x7c, 0x6b, 0x7c, 0x6b, 0x7c, 0x6b, 0x7b, 0x6b, 0x5b, 0x6b, 0x5b, 0x6b,
    0x5b, 0x6b, 0x5a, 0x6b, 0x3a, 0x63, 0x3a, 0x63, 0xf9, 0x5a, 0xde, 0xde, 0xff, 0xff, 0xff, 0xff,
    0xff, 0xff, 0xff, 0xff, 0xff, 0xff, 0xff, 0xff, 0xff, 0xff, 0xff, 0xff, 0xff, 0xff, 0xff, 0xff,
    0xff, 0xff, 0xff, 0xff, 0xff, 0xff, 0xff, 0xff, 0xff, 0xff, 0xff, 0xff, 0xff, 0xff, 0xff, 0xff,
    0xff, 0xff, 0xff, 0xff, 0xff, 0xff, 0xff, 0xff, 0xff, 0xff, 0xff, 0xff, 0xff, 0xff, 0xff, 0xff,
    0xff, 0xff, 0xff, 0xff, 0xbf, 0xf7, 0x7a, 0x73, 0xf9, 0x62, 0x3a, 0x6b, 0x3a, 0x6b, 0x3a, 0x6b,
    0x3b, 0x6b, 0x3b, 0x73, 0x5b, 0x73, 0x5b, 0x73, 0x5c, 0x73, 0x5c, 0x73, 0x5c, 0x73, 0x5c, 0x73,
    0x5c, 0x73, 0x5c, 0x73, 0x5c, 0x73, 0x5c, 0x73, 0x5c, 0x73, 0x5c, 0x73, 0x5c, 0x73, 0x5c, 0x73,
    0x5c, 0x73, 0x5c, 0x73, 0x5d, 0x73, 0x5d, 0x7b, 0x5d, 0x7b, 0x5d, 0x7b, 0x5d, 0x7b, 0x5d, 0x7b,
    0x5d, 0x7b, 0x5d, 0x7b, 0x5d, 0x7b, 0x5d, 0x7b, 0x5d, 0x7b, 0x5d, 0x7b, 0x5d, 0x7b, 0x3d, 0x7b,
    0x3d, 0x7b, 0x3d, 0x7b, 0x3d, 0x7b, 0x3d, 0x7b, 0x3d, 0x7b, 0x3d, 0x7b, 0x3d, 0x7b, 0x3d, 0x7b,
    0x3d, 0x7b, 0x3d, 0x7b, 0x3d, 0x7b, 0x3d, 0x7b, 0x3d, 0x7b, 0x3d, 0x7b, 0x3d, 0x7b, 0x1d, 0x7b,
    0x1d, 0x7b, 0x1d, 0x7b, 0x1d, 0x7b, 0x1d, 0x7b, 0x1d, 0x7b, 0x1d, 0x7b, 0x1d, 0x7b, 0x1d, 0x7b,
    0x1d, 0x7b, 0x1d, 0x7b, 0x1d, 0x7b, 0x1d, 0x7b, 0x1d, 0x7b, 0x1d, 0x7b, 0x1d, 0x7b, 0x1d, 0x7b,
    0x1d, 0x7b, 0x1d, 0x7b, 0x1d, 0x7b, 0x1d, 0x7b, 0x1d, 0x7b, 0x1d, 0x7b, 0x1d, 0x7b, 0x1d, 0x7b,
    0xfd, 0x7a, 0xfc, 0x7a, 0xfc, 0x7a, 0x1b, 0x7b, 0x1b, 0x7b, 0xfc, 0x7a, 0xfc, 0x7a, 0xfd, 0x7a,
    0x9e, 0x5b, 0x9d, 0x5b, 0x9c, 0x5b, 0x9c, 0x5b, 0x9c, 0x5b, 0x9c, 0x5b, 0x9d, 0x5b, 0x9e, 0x5b,
    0x9e, 0x5b, 0x9e, 0x5b, 0x9e, 0x5b, 0x9e, 0x5b, 0x9e, 0x5b, 0x9e, 0x5b, 0x9e, 0x5b, 0x9e, 0x5b,
    0x9e, 0x5b, 0x9e, 0x5b, 0x9e, 0x5b, 0x9e, 0x5b, 0x9e, 0x5b, 0x9e, 0x5b, 0x9e, 0x63, 0x9d, 0x63,
    0x9d, 0x63, 0x9d, 0x63, 0x9d, 0x63, 0x9d, 0x63, 0x9d, 0x63, 0x9d, 0x63, 0x9d, 0x63, 0x9d, 0x63,
    0x9d, 0x63, 0x9d, 0x63, 0x9d, 0x63, 0x9d, 0x63, 0x9d, 0x63, 0x9d, 0x63, 0x9d, 0x63, 0x9d, 0x63,
    0x9d, 0x63, 0x9d, 0x63, 0x9d, 0x63, 0x9d, 0x63, 0x9d, 0x63, 0x9d, 0x63, 0x9d, 0x63, 0x9d, 0x63,
    0x9d, 0x63, 0x9d, 0x63, 0x9d, 0x63, 0x9d, 0x6b, 0x9d, 0x6b, 0x9d, 0x6b, 0x9d, 0x6b, 0x9d, 0x6b,
    0x9d, 0x6b, 0x9d, 0x6b, 0x9d, 0x6b, 0x9d, 0x6b, 0x9d, 0x6b, 0x9d, 0x6b, 0x9d, 0x6b, 0x9d, 0x6b,
    0x9d, 0x6b, 0x9c, 0x6b, 0x7c, 0x6b, 0x7c, 0x6b, 0x7c, 0x6b, 0x5c, 0x6b, 0x5c, 0x6b, 0x5c, 0x6b,
    0x5c, 0x6b, 0x5c, 0x6b, 0x5c, 0x6b, 0x5b, 0x6b, 0x5b, 0x6b, 0x5b, 0x6b, 0x5b, 0x6b, 0x5b, 0x6b,
    0x5b, 0x6b, 0x3a, 0x63, 0x3a, 0x63, 0x3a, 0x63, 0xf9, 0x5a, 0x1a, 0x84, 0xff, 0xff, 0xff, 0xff,
    0xff, 0xff, 0xff, 0xff, 0xff, 0xff, 0xff, 0xff, 0xff, 0xff, 0xff, 0xff, 0xff, 0xff, 0xff, 0xff,
    0xff, 0xff, 0xff, 0xff, 0xff, 0xff, 0xff, 0xff, 0xff, 0xff, 0xff, 0xff, 0xff, 0xff, 0xff, 0xff,
    0xff, 0xff, 0xff, 0xff, 0xff, 0xff, 0xff, 0xff, 0xff, 0xff, 0xff, 0xff, 0xff, 0xff, 0xff, 0xff,
    0xdf, 0xff, 0xff, 0xff, 0x1c, 0xa5, 0xb9, 0x5a, 0x1a, 0x6b, 0x1a, 0x6b, 0x3a, 0x6b, 0x3a, 0x6b,
    0x3b, 0x6b, 0x3b, 0x6b, 0x3b, 0x73, 0x3b, 0x73, 0x3b, 0x6b, 0x3b, 0x73, 0x3c, 0x73, 0x3c, 0x73,
    0x3c, 0x73, 0x3c, 0x73, 0x3c, 0x73, 0x3c, 0x73, 0x5c, 0x73, 0x5c, 0x73, 0x5c, 0x73, 0x5c, 0x73,
    0x5c, 0x73, 0x5c, 0x73, 0x5d, 0x73, 0x5d, 0x73, 0x5d, 0x7b, 0x5d, 0x7b, 0x5d, 0x7b, 0x5d, 0x7b,
    0x5d, 0x7b, 0x5d, 0x7b, 0x5d, 0x7b, 0x5d, 0x7b, 0x5d, 0x7b, 0x3d, 0x7b, 0x3d, 0x7b, 0x3d, 0x7b,
    0x3d, 0x7b, 0x3d, 0x7b, 0x3d, 0x7b, 0x3d, 0x7b, 0x3d, 0x7b, 0x3d, 0x7b, 0x3d, 0x7b, 0x3d, 0x7b,
    0x3d, 0x7b, 0x3d, 0x7b, 0x3d, 0x7b, 0x3d, 0x7b, 0x3d, 0x7b, 0x1d, 0x7b, 0x1d, 0x7b, 0x1d, 0x7b,
    0x1d, 0x7b, 0x1d, 0x7b, 0x1d, 0x7b, 0x1d, 0x7b, 0x1d, 0x7b, 0x1d, 0x7b, 0x1d, 0x7b, 0x1d, 0x7b,
    0x1d, 0x7b, 0x1d, 0x7b, 0x1d, 0x7b, 0x1d, 0x7b, 0x1d, 0x7b, 0x1d, 0x7b, 0x1d, 0x7b, 0x1d, 0x7b,
    0x1d, 0x7b, 0x1d, 0x7b, 0x1d, 0x7b, 0x1d, 0x7b, 0x1d, 0x7b, 0x1d, 0x7b, 0x1d, 0x7b, 0x1d, 0x7b,
    0xfd, 0x7a, 0xfc, 0x7a, 0xfc, 0x7a, 0x1c, 0x7b, 0x1c, 0x7b, 0xfc, 0x7a, 0xfc, 0x7a, 0xfd, 0x7a,
    0x9e, 0x5b, 0x9d, 0x5b, 0x9c, 0x5b, 0x9c, 0x5b, 0x9c, 0x5b, 0x9c, 0x5b, 0x9d, 0x5b, 0x9e, 0x5b,
    0x9e, 0x5b, 0x9e, 0x5b, 0x9e, 0x5b, 0x9e, 0x5b, 0x9e, 0x5b, 0x9e, 0x5b, 0x9e, 0x5b, 0x9e, 0x5b,
    0x9e, 0x5b, 0x9e, 0x5b, 0x9e, 0x5b, 0x9e, 0x5b, 0x9e, 0x5b, 0x9e, 0x63, 0x9e, 0x63, 0x9e, 0x63,
    0x9e, 0x63, 0x9d, 0x63, 0x9d, 0x63, 0x9d, 0x63, 0x9d, 0x63, 0x9d, 0x63, 0x9d, 0x63, 0x9d, 0x63,
    0x9d, 0x63, 0x9d, 0x63, 0x9d, 0x63, 0x9d, 0x63, 0x9d, 0x63, 0x7d, 0x63, 0x7d, 0x63, 0x9d, 0x63,
    0x9d, 0x63, 0x9d, 0x63, 0x9d, 0x63, 0x9d, 0x63, 0x9d, 0x63, 0x9d, 0x63, 0x9d, 0x63, 0x9d, 0x63,
    0x9d, 0x63, 0x9d, 0x63, 0x9d, 0x63, 0x9d, 0x63, 0x9d, 0x6b, 0x9d, 0x6b, 0x9d, 0x6b, 0x9d, 0x6b,
    0x9d, 0x6b, 0x9d, 0x6b, 0x9d, 0x6b, 0x7d, 0x6b, 0x9d, 0x6b, 0x9d, 0x6b, 0x9d, 0x6b, 0x7c, 0x6b,
    0x7c, 0x6b, 0x7c, 0x6b, 0x7c, 0x6b, 0x7c, 0x6b, 0xbc, 0x73, 0xbc, 0x73, 0xbc, 0x73, 0xbc, 0x73,
    0xbc, 0x73, 0xbc, 0x73, 0xbc, 0x73, 0xbc, 0x73, 0x9c, 0x73, 0x5b, 0x6b, 0x5b, 0x6b, 0x5b, 0x6b,
    0x3b, 0x6b, 0x3a, 0x63, 0x3a, 0x63, 0x3a, 0x63, 0x3a, 0x63, 0xb9, 0x5a, 0x3c, 0xa5, 0xff, 0xff,
    0xff, 0xff, 0xff, 0xff, 0xff, 0xff, 0xff, 0xff, 0xff, 0xff, 0xff, 0xff, 0xff, 0xff, 0xff, 0xff,
    0xff, 0xff, 0xff, 0xff, 0xff, 0xff, 0xff, 0xff, 0xff, 0xff, 0xff, 0xff, 0xff, 0xff, 0xff, 0xff,
    0xff, 0xff, 0xff, 0xff, 0xff, 0xff, 0xff, 0xff, 0xff, 0xff, 0xff, 0xff, 0xff, 0xff, 0xdf, 0xff,
    0xff, 0xff, 0x5d, 0xce, 0xb9, 0x5a, 0x19, 0x6b, 0x1a, 0x6b, 0x1a, 0x6b, 0x1a, 0x6b, 0x3a, 0x6b,
    0x3b, 0x6b, 0x3b, 0x6b, 0x3b, 0x6b, 0x7b, 0x73, 0x9c, 0x7b, 0x9c, 0x7b, 0x9c, 0x7b, 0x9c, 0x7b,
    0x9c, 0x7b, 0x9c, 0x7b, 0x9c, 0x7b, 0x9c, 0x7b, 0x5c, 0x73, 0x3c, 0x73, 0x5c, 0x73, 0x5c, 0x73,
    0x5c, 0x73, 0x5c, 0x73, 0x5c, 0x73, 0x5d, 0x73, 0x5d, 0x73, 0x5d, 0x73, 0x5d, 0x7b, 0x5d, 0x7b,
    0x5d, 0x7b, 0x5d, 0x7b, 0x5d, 0x7b, 0x3d, 0x7b, 0x3d, 0x7b, 0x3d, 0x7b, 0x3d, 0x7b, 0x3d, 0x7b,
    0x3d, 0x7b, 0x3d, 0x7b, 0x3d, 0x7b, 0x3d, 0x7b, 0x3d, 0x7b, 0x3d, 0x7b, 0x3d, 0x7b, 0x3d, 0x7b,
    0x3d, 0x7b, 0x3d, 0x7b, 0x1d, 0x7b, 0x1d, 0x7b, 0x1d, 0x7b, 0x1d, 0x7b, 0x1d, 0x7b, 0x1d, 0x7b,
    0x1d, 0x7b, 0x1d, 0x7b, 0x1d, 0x7b, 0x1d, 0x7b, 0x1d, 0x7b, 0x1d, 0x7b, 0x1d, 0x7b, 0x1d, 0x7b,
    0x1d, 0x7b, 0x1d, 0x7b, 0x1d, 0x7b, 0x1d, 0x7b, 0x1d, 0x7b, 0x1d, 0x7b, 0x1d, 0x7b, 0x1d, 0x7b,
    0x1d, 0x7b, 0x1d, 0x7b, 0x1d, 0x7b, 0x1d, 0x7b, 0x1d, 0x7b, 0x1d, 0x7b, 0x1d, 0x7b, 0x1d, 0x7b,
    0xfd, 0x7a, 0xfc, 0x7a, 0xfc, 0x7a, 0x1c, 0x7b, 0x1c, 0x7b, 0xfc, 0x7a, 0xfc, 0x7a, 0xfd, 0x7a,
    0x9e, 0x5b, 0x9d, 0x5b, 0x9c, 0x5b, 0x9c, 0x5b, 0x9c, 0x63, 0x9c, 0x5b, 0x9d, 0x5b, 0x9e, 0x5b,
    0x9e, 0x5b, 0x9e, 0x5b, 0x9e, 0x5b, 0x9e, 0x5b, 0x9e, 0x5b, 0x9e, 0x5b, 0x9e, 0x5b, 0x9e, 0x5b,
    0x9e, 0x5b, 0x9e, 0x5b, 0x9e, 0x5b, 0x9e, 0x5b, 0x9e, 0x63, 0x9e, 0x63, 0x9e, 0x63, 0x9e, 0x63,
    0x9e, 0x63, 0x9e, 0x63, 0x9e, 0x63, 0x9d, 0x63, 0x9d, 0x63, 0x9d, 0x63, 0x9d, 0x63, 0x9d, 0x63,
    0x9d, 0x63, 0x9d, 0x63, 0x9d, 0x63, 0x9d, 0x63, 0x9d, 0x63, 0x7d, 0x63, 0x7d, 0x63, 0x7d, 0x63,
    0x9d, 0x63, 0x9d, 0x63, 0x9d, 0x63, 0x9d, 0x63, 0x9d, 0x63, 0x9d, 0x63, 0x7d, 0x63, 0x7d, 0x63,
    0x7d, 0x63, 0x9d, 0x63, 0x9d, 0x63, 0x9d, 0x63, 0x9d, 0x6b, 0x9d, 0x6b, 0x9d, 0x6b, 0x7d, 0x6b,
    0x7d, 0x6b, 0x9d, 0x6b, 0x9d, 0x6b, 0x7d, 0x6b, 0x7d, 0x6b, 0x7d, 0x6b, 0x7d, 0x6b, 0x7c, 0x6b,
    0x7c, 0x6b, 0x7c, 0x6b, 0x5c, 0x63, 0xbc, 0x73, 0x7f, 0xef, 0xbf, 0xf7, 0xbf, 0xf7, 0xbf, 0xf7,
    0xbf, 0xf7, 0xbf, 0xf7, 0xbf, 0xf7, 0xbf, 0xf7, 0x7f, 0xef, 0x9b, 0x73, 0x3b, 0x63, 0x5b, 0x6b,
    0x3b, 0x6b, 0x3a, 0x63, 0x3a, 0x63, 0x3a, 0x63, 0x1a, 0x63, 0x19, 0x63, 0xd9, 0x5a, 0x1d, 0xc6,
    0xff, 0xff, 0xdf, 0xff, 0xff, 0xff, 0xff, 0xff, 0xff, 0xff, 0xff, 0xff, 0xff, 0xff, 0xff, 0xff,
    0xff, 0xff, 0xff, 0xff, 0xff, 0xff, 0xff, 0xff, 0xff, 0xff, 0xff, 0xff, 0xff, 0xff, 0xff, 0xff,
    0xff, 0xff, 0xff, 0xff, 0xff, 0xff, 0xff, 0xff, 0xff, 0xff, 0xff, 0xff, 0xff, 0xff, 0xff, 0xff,
    0xfe, 0xde, 0x19, 0x6b, 0xf9, 0x62, 0x19, 0x6b, 0x1a, 0x6b, 0x1a, 0x6b, 0x1a, 0x6b, 0x3a, 0x6b,
    0x3b, 0x6b, 0x3b, 0x73, 0xfb, 0x6a, 0x9e, 0xd6, 0xbf, 0xf7, 0x9f, 0xf7, 0xbf, 0xf7, 0xbf, 0xf7,
    0xbf, 0xf7, 0xbf, 0xf7, 0xbf, 0xf7, 0xbf, 0xf7, 0x5d, 0x94, 0xfc, 0x6a, 0x5c, 0x73, 0x3c, 0x73,
    0x3c, 0x73, 0x3c, 0x73, 0x5c, 0x73, 0x5c, 0x73, 0x5d, 0x73, 0x5d, 0x7b, 0x5d, 0x7b, 0x5d, 0x7b,
    0x3d, 0x73, 0x3d, 0x73, 0x3d, 0x7b, 0x3d, 0x7b, 0x3d, 0x7b, 0x3d, 0x7b, 0x3d, 0x7b, 0x3d, 0x7b,
    0x3d, 0x7b, 0x3d, 0x7b, 0x3d, 0x7b, 0x3d, 0x7b, 0x3d, 0x7b, 0x3d, 0x7b, 0x3d, 0x7b, 0x3d, 0x7b,
    0x3d, 0x7b, 0x1d, 0x7b, 0x1d, 0x7b, 0x1d, 0x7b, 0x1d, 0x7b, 0x1d, 0x7b, 0x1d, 0x7b, 0x1d, 0x7b,
    0x1d, 0x7b, 0x1d, 0x7b, 0x1d, 0x7b, 0x1d, 0x7b, 0x1d, 0x7b, 0x1d, 0x7b, 0x1d, 0x7b, 0x1d, 0x7b,
    0x1d, 0x7b, 0x1d, 0x7b, 0x1d, 0x7b, 0x1d, 0x7b, 0x1d, 0x7b, 0x1d, 0x7b, 0x1d, 0x7b, 0x1d, 0x7b,
    0x1d, 0x7b, 0x1d, 0x7b, 0x1d, 0x7b, 0x1d, 0x7b, 0x1d, 0x7b, 0x1d, 0x7b, 0x1d, 0x7b, 0x1d, 0x7b,
    0xfd, 0x7a, 0xfc, 0x7a, 0xfc, 0x7a, 0x1c, 0x7b, 0x1c, 0x7b, 0xfc, 0x7a, 0xfc, 0x7a, 0xfd, 0x7a,
    0x9e, 0x5b, 0x9d, 0x5b, 0x9c, 0x5b, 0x9c, 0x63, 0x9c, 0x63, 0x9c, 0x5b, 0x9d, 0x5b, 0x9e, 0x5b,
    0x9e, 0x5b, 0x9e, 0x5b, 0x9e, 0x5b, 0x9e, 0x5b, 0x9e, 0x5b, 0x9e, 0x5b, 0x9e, 0x5b, 0x9e, 0x5b,
    0x9e, 0x5b, 0x9e, 0x5b, 0x9e, 0x5b, 0x9e, 0x63, 0x9e, 0x63, 0x9e, 0x63, 0x9e, 0x63, 0x9e, 0x63,
    0x9e, 0x63, 0x9e, 0x63, 0x9e, 0x63, 0x9e, 0x63, 0x9e, 0x63, 0x9d, 0x63, 0x9d, 0x63, 0x9d, 0x63,
    0x9d, 0x63, 0x9d, 0x63, 0x9d, 0x63, 0x9d, 0x63, 0x7d, 0x63, 0x7d, 0x63, 0x7d, 0x63, 0x7d, 0x63,
    0x7d, 0x63, 0x7d, 0x63, 0x7d, 0x63, 0x9d, 0x63, 0x9d, 0x63, 0x7d, 0x63, 0x7d, 0x63, 0x7d, 0x63,
    0x7d, 0x63, 0x7d, 0x63, 0x7d, 0x63, 0x7d, 0x63, 0x7d, 0x63, 0x9d, 0x6b, 0x7d, 0x6b, 0x7d, 0x6b,
    0x7d, 0x6b, 0x7d, 0x6b, 0x7d, 0x6b, 0x7d, 0x6b, 0x7d, 0x6b, 0x7d, 0x6b, 0x7c, 0x6b, 0x7c, 0x6b,
    0x7c, 0x6b, 0x7c, 0x6b, 0x5c, 0x63, 0xbc, 0x73, 0xdf, 0xff, 0xff, 0xff, 0xff, 0xff, 0xff, 0xff,
    0xff, 0xff, 0xff, 0xff, 0xff, 0xff, 0xff, 0xff, 0xbf, 0xf7, 0x7b, 0x6b, 0x3b, 0x63, 0x5b, 0x6b,
    0x3b, 0x63, 0x3a, 0x63, 0x3a, 0x63, 0x1a, 0x63, 0x1a, 0x63, 0x1a, 0x63, 0x19, 0x63, 0xb9, 0x5a,
    0xfd, 0xc5, 0xff, 0xff, 0xff, 0xff, 0xff, 0xff, 0xff, 0xff, 0xff, 0xff, 0xff, 0xff, 0xff, 0xff,
    0xff, 0xff, 0xff, 0xff, 0xff, 0xff, 0xff, 0xff, 0xff, 0xff, 0xff, 0xff, 0xff, 0xff, 0xff, 0xff,
    0xff, 0xff, 0xff, 0xff, 0xff, 0xff, 0xff, 0xff, 0xff, 0xff, 0xff, 0xff, 0xff, 0xff, 0xfe, 0xde,
    0x19, 0x6b, 0xd9, 0x62, 0x19, 0x6b, 0x1a, 0x6b, 0x1a, 0x6b, 0x1a, 0x6b, 0x1a, 0x6b, 0x1a, 0x6b,
    0x1b, 0x6b, 0x3b, 0x6b, 0xdb, 0x62, 0xbe, 0xde, 0xff, 0xff, 0xff, 0xff, 0xff, 0xff, 0xff, 0xff,
    0xff, 0xff, 0xff, 0xff, 0xff, 0xff, 0xff, 0xff, 0x7d, 0x94, 0xfb, 0x6a, 0x3c, 0x73, 0x3c, 0x73,
    0x3c, 0x73, 0x3c, 0x73, 0x3c, 0x73, 0x5c, 0x73, 0x3d, 0x73, 0x3d, 0x73, 0x3d, 0x73, 0x3d, 0x73,
    0x3d, 0x73, 0x3d, 0x7b, 0x3d, 0x7b, 0x3d, 0x7b, 0x3d, 0x7b, 0x3d, 0x73, 0x3d, 0x7b, 0x3d, 0x7b,
    0x3d, 0x7b, 0x3d, 0x7b, 0x3d, 0x7b, 0x3d, 0x7b, 0x3d, 0x7b, 0x3d, 0x7b, 0x3d, 0x7b, 0x1d, 0x7b,
    0x1d, 0x7b, 0x1d, 0x7b, 0x1d, 0x7b, 0x1d, 0x7b, 0x1d, 0x7b, 0x1d, 0x7b, 0x1d, 0x7b, 0x1d, 0x7b,
    0x1d, 0x7b, 0x1d, 0x7b, 0x1d, 0x7b, 0x1d, 0x7b, 0x1d, 0x7b, 0x1d, 0x7b, 0x1d, 0x7b, 0x1d, 0x7b,
    0x1d, 0x7b, 0x1d, 0x7b, 0x1d, 0x7b, 0x1d, 0x7b, 0x1d, 0x7b, 0x1d, 0x7b, 0x1d, 0x7b, 0x1d, 0x7b,
    0x1d, 0x7b, 0x1d, 0x7b, 0x1d, 0x7b, 0x1d, 0x7b, 0x1d, 0x7b, 0x1e, 0x7b, 0x1e, 0x7b, 0x1e, 0x7b,
    0xfd, 0x7a, 0xfc, 0x7a, 0xfc, 0x7a, 0x1c, 0x7b, 0x1c, 0x7b, 0xfc, 0x7a, 0xfc, 0x7a, 0xfd, 0x7a,
    0x9e, 0x5b, 0x9d, 0x5b, 0x9c, 0x5b, 0xbc, 0x63, 0x9c, 0x63, 0x9c, 0x5b, 0x7d, 0x5b, 0x9e, 0x5b,
    0x9e, 0x5b, 0x9e, 0x5b, 0x9e, 0x5b, 0x9e, 0x5b, 0x9e, 0x5b, 0x9e, 0x5b, 0x9e, 0x5b, 0x9e, 0x5b,
    0x9e, 0x5b, 0x9e, 0x5b, 0x9e, 0x63, 0x9e, 0x63, 0x9e, 0x63, 0x9e, 0x63, 0x9e, 0x63, 0x9e, 0x63,
    0x9e, 0x63, 0x9e, 0x63, 0x9e, 0x63, 0x9e, 0x63, 0x9e, 0x63, 0x9e, 0x63, 0x9e, 0x63, 0x9d, 0x63,
    0x9d, 0x63, 0x9d, 0x63, 0x9d, 0x63, 0x7d, 0x63, 0x7d, 0x63, 0x7d, 0x63, 0x7d, 0x63, 0x7d, 0x63,
    0x7d, 0x63, 0x7d, 0x63, 0x7d, 0x63, 0x7d, 0x63, 0x7d, 0x63, 0x7d, 0x63, 0x7d, 0x63, 0x7d, 0x63,
    0x7d, 0x63, 0x7d, 0x63, 0x7d, 0x63, 0x7d, 0x63, 0x7d, 0x63, 0x7d, 0x63, 0x7d, 0x6b, 0x7d, 0x6b,
    0x7d, 0x6b, 0x7d, 0x6b, 0x7d, 0x6b, 0x7d, 0x6b, 0x7d, 0x6b, 0x7d, 0x6b, 0x7c, 0x6b, 0x7c, 0x63,
    0x5c, 0x63, 0x5c, 0x6b, 0x5c, 0x63, 0x9c, 0x6b, 0x9f, 0xf7, 0xff, 0xff, 0xff, 0xff, 0xff, 0xff,
    0xff, 0xff, 0xff, 0xff, 0xff, 0xff, 0xff, 0xff, 0xdf, 0xff, 0xfc, 0x7b, 0x1b, 0x63, 0x5b, 0x6b,
    0x3b, 0x63, 0x3a, 0x63, 0x3a, 0x63, 0x3a, 0x63, 0x1a, 0x63, 0x1a, 0x63, 0x19, 0x63, 0xf9, 0x62,
    0xd9, 0x5a, 0x7c, 0xad, 0xff, 0xff, 0xff, 0xff, 0xff, 0xff, 0xff, 0xff, 0xff, 0xff, 0xff, 0xff,
    0xff, 0xff, 0xff, 0xff, 0xff, 0xff, 0xff, 0xff, 0xff, 0xff, 0xff, 0xff, 0xff, 0xff, 0xff, 0xff,
    0xff, 0xff, 0xff, 0xff, 0xff, 0xff, 0xff, 0xff, 0xff, 0xff, 0xff, 0xff, 0x3d, 0xce, 0x19, 0x6b,
    0xd9, 0x62, 0x19, 0x6b, 0xf9, 0x6a, 0x1a, 0x6b, 0x1a, 0x6b, 0x1a, 0x6b, 0x1a, 0x6b, 0x1a, 0x6b,
    0x1b, 0x6b, 0x1b, 0x6b, 0x3b, 0x6b, 0x3f, 0xe7, 0xff, 0xff, 0xff, 0xff, 0xff, 0xff, 0xff, 0xff,
    0xff, 0xff, 0xff, 0xff, 0xff, 0xff, 0xff, 0xff, 0x5c, 0x94, 0xfb, 0x6a, 0x3c, 0x73, 0x3c, 0x73,
    0x3c, 0x73, 0x3c, 0x73, 0x3c, 0x73, 0x3c, 0x73, 0x3c, 0x73, 0x3d, 0x73, 0x3d, 0x73, 0x3d, 0x73,
    0x3d, 0x7b, 0x3d, 0x7b, 0x3d, 0x73, 0x3d, 0x73, 0x3d, 0x73, 0x3d, 0x7b, 0x3d, 0x7b, 0x3d, 0x7b,
    0x3d, 0x7b, 0x3d, 0x7b, 0x3d, 0x7b, 0x3d, 0x7b, 0x3d, 0x7b, 0x3d, 0x7b, 0x1d, 0x7b, 0x1d, 0x7b,
    0x1d, 0x7b, 0x1d, 0x7b, 0x1d, 0x7b, 0x1d, 0x7b, 0x1d, 0x7b, 0x1d, 0x7b, 0x1d, 0x7b, 0x1d, 0x7b,
    0x1d, 0x7b, 0x1d, 0x7b, 0x1d, 0x7b, 0x1d, 0x7b, 0x1d, 0x7b, 0x1d, 0x7b, 0x1d, 0x7b, 0x1d, 0x7b,
    0x1d, 0x7b, 0x1d, 0x7b, 0x1d, 0x7b, 0x1d, 0x7b, 0x1d, 0x7b, 0x1d, 0x7b, 0x1d, 0x7b, 0x1d, 0x7b,
    0x1d, 0x7b, 0x1d, 0x7b, 0x1d, 0x7b, 0x1e, 0x7b, 0x1e, 0x7b, 0x1e, 0x7b, 0x1e, 0x7b, 0x1e, 0x83,
    0xfd, 0x7a, 0xfc, 0x7a, 0xfc, 0x7a, 0x1c, 0x7b, 0x1c, 0x7b, 0xfc, 0x7a, 0xfd, 0x7a, 0xfd, 0x7a,
    0x9e, 0x5b, 0x9d, 0x5b, 0x9c, 0x5b, 0xbc, 0x63, 0xbc, 0x63, 0x9c, 0x5b, 0x9d, 0x5b, 0x9e, 0x5b,
    0x9e, 0x5b, 0x9e, 0x5b, 0x9e, 0x5b, 0x9e, 0x5b, 0x9e, 0x5b, 0x9e, 0x5b, 0x9e, 0x5b, 0x9e, 0x5b,
    0x9e, 0x5b, 0x9e, 0x63, 0x9e, 0x63, 0x9e, 0x63, 0x9e, 0x63, 0x9e, 0x63, 0x9e, 0x63, 0x9e, 0x63,
    0x9e, 0x63, 0x9e, 0x63, 0x9e, 0x63, 0x9e, 0x63, 0x9e, 0x63, 0x9e, 0x63, 0x9e, 0x63, 0x9e, 0x63,
    0x9e, 0x63, 0x9d, 0x63, 0x7d, 0x63, 0x7d, 0x63, 0x7d, 0x63, 0x7d, 0x63, 0x7d, 0x63, 0x7d, 0x63,
    0x7d, 0x63, 0x7d, 0x63, 0x7d, 0x63, 0x7d, 0x63, 0x7d, 0x63, 0x7d, 0x63, 0x7d, 0x63, 0x7d, 0x63,
    0x7d, 0x63, 0x7d, 0x63, 0x7d, 0x63, 0x7d, 0x63, 0x7d, 0x63, 0x7d, 0x6b, 0x7d, 0x6b, 0x7d, 0x6b,
    0x7d, 0x6b, 0x7d, 0x6b, 0x7d, 0x63, 0x7d, 0x6b, 0x7d, 0x6b, 0x7d, 0x6b, 0x7c, 0x6b, 0x5c, 0x63,
    0x5c, 0x63, 0x5c, 0x63, 0x5c, 0x63, 0x1b, 0x63, 0xde, 0xde, 0xff, 0xff, 0xff, 0xff, 0xff, 0xff,
    0xff, 0xff, 0xff, 0xff, 0xff, 0xff, 0xff, 0xff, 0xff, 0xff, 0x7c, 0x8c, 0xfa, 0x5a, 0x3b, 0x6b,
    0x3b, 0x63, 0x3b, 0x63, 0x1a, 0x63, 0x1a, 0x63, 0x1a, 0x63, 0x1a, 0x63, 0x1a, 0x63, 0x19, 0x63,
    0x19, 0x63, 0x98, 0x52, 0x3a, 0x8c, 0x1e, 0xe7, 0xff, 0xff, 0xff, 0xff, 0xff, 0xff, 0xff, 0xff,
    0xff, 0xff, 0xff, 0xff, 0xff, 0xff, 0xff, 0xff, 0xff, 0xff, 0xff, 0xff, 0xff, 0xff, 0xff, 0xff,
    0xff, 0xff, 0xff, 0xff, 0xff, 0xff, 0xff, 0xff, 0x9f, 0xf7, 0xfb, 0xa4, 0xb8, 0x5a, 0xd9, 0x62,
    0x19, 0x6b, 0xf9, 0x62, 0xfa, 0x6a, 0x1a, 0x6b, 0x1a, 0x6b, 0x1a, 0x6b, 0x1a, 0x6b, 0x1a, 0x6b,
    0x1b, 0x6b, 0xfa, 0x6a, 0x7b, 0x73, 0xbf, 0xf7, 0xff, 0xff, 0xff, 0xff, 0xff, 0xff, 0xff, 0xff,
    0xff, 0xff, 0xff, 0xff, 0xff, 0xff, 0xbf, 0xf7, 0x7b, 0x7b, 0x1b, 0x6b, 0x3c, 0x73, 0x3c, 0x73,
    0x3c, 0x73, 0x3c, 0x73, 0x3c, 0x73, 0x3c, 0x73, 0x3c, 0x73, 0x3d, 0x73, 0x3d, 0x73, 0x3d, 0x73,
    0x3d, 0x73, 0x3d, 0x73, 0x3d, 0x73, 0x3d, 0x73, 0x3d, 0x7b, 0x3d, 0x7b, 0x3d, 0x7b, 0x3d, 0x7b,
    0x3d, 0x7b, 0x3d, 0x7b, 0x3d, 0x7b, 0x3d, 0x7b, 0x3d, 0x7b, 0x1d, 0x7b, 0x1d, 0x7b, 0x1d, 0x7b,
    0x1d, 0x7b, 0x1d, 0x7b, 0x1d, 0x7b, 0x1d, 0x7b, 0x1d, 0x7b, 0x1d, 0x7b, 0x1d, 0x7b, 0x1d, 0x7b,
    0x1d, 0x7b, 0x1d, 0x7b, 0x1d, 0x7b, 0x1d, 0x7b, 0x1d, 0x7b, 0x1d, 0x7b, 0x1d, 0x7b, 0x1d, 0x7b,
    0x1d, 0x7b, 0x1d, 0x7b, 0x1d, 0x7b, 0x1d, 0x7b, 0x1d, 0x7b, 0x1d, 0x7b, 0x1d, 0x7b, 0x1d, 0x7b,
    0x1e, 0x7b, 0x1e, 0x7b, 0x1e, 0x7b, 0x1e, 0x7b, 0x1e, 0x7b, 0x1e, 0x7b, 0x1e, 0x7b, 0x1e, 0x83,
    0xfd, 0x7a, 0xfd, 0x7a, 0xfc, 0x7a, 0x1c, 0x7b, 0x1c, 0x7b, 0xfc, 0x7a, 0xfd, 0x7a, 0xfd, 0x7a,
    0x9e, 0x5b, 0x9d, 0x5b, 0x9d, 0x5b, 0xbc, 0x63, 0x9c, 0x63, 0x9c, 0x5b, 0x9d, 0x5b, 0x9e, 0x5b,
    0x9e, 0x5b, 0x9e, 0x5b, 0x9e, 0x5b, 0x9e, 0x5b, 0x9e, 0x5b, 0x9e, 0x5b, 0x9e, 0x5b, 0x9e, 0x5b,
    0x9e, 0x63, 0x9e, 0x63, 0x9e, 0x63, 0x9e, 0x63, 0x9e, 0x63, 0x9e, 0x63, 0x9e, 0x63, 0x9e, 0x63,
    0x9e, 0x63, 0x9e, 0x63, 0x9e, 0x63, 0x9e, 0x63, 0x9e, 0x63, 0x9e, 0x63, 0x9e, 0x63, 0x9e, 0x63,
    0x9e, 0x63, 0x7e, 0x63, 0x7e, 0x63, 0x7e, 0x63, 0x7d, 0x63, 0x7d, 0x63, 0x7d, 0x63, 0x7d, 0x63,
    0x7d, 0x63, 0x7d, 0x63, 0x7d, 0x63, 0x7d, 0x63, 0x7d, 0x63, 0x7d, 0x63, 0x7d, 0x63, 0x7d, 0x63,
    0x7d, 0x63, 0x7d, 0x63, 0x7d, 0x63, 0x7d, 0x63, 0x7d, 0x63, 0x7d, 0x6b, 0x7d, 0x6b, 0x7d, 0x6b,
    0x7d, 0x6b, 0x7d, 0x6b, 0x7d, 0x6b, 0x7d, 0x6b, 0x7d, 0x6b, 0x7c, 0x63, 0x5c, 0x63, 0x5c, 0x63,
    0x5c, 0x63, 0x5c, 0x63, 0x5b, 0x63, 0xfb, 0x5a, 0xbe, 0xd6, 0xff, 0xff, 0xff, 0xff, 0xff, 0xff,
    0xff, 0xff, 0xff, 0xff, 0xff, 0xff, 0xff, 0xff, 0xff, 0xff, 0x3d, 0xa5, 0xda, 0x5a, 0x3b, 0x6b,
    0x1b, 0x63, 0x3b, 0x63, 0x3a, 0x63, 0x1a, 0x63, 0x1a, 0x63, 0x1a, 0x63, 0x1a, 0x63, 0x1a, 0x63,
    0x19, 0x63, 0x19, 0x63, 0xb9, 0x5a, 0xf9, 0x62, 0x5c, 0xad, 0x3e, 0xe7, 0xff, 0xff, 0xff, 0xff,
    0xff, 0xff, 0xff, 0xff, 0xff, 0xff, 0xff, 0xff, 0xff, 0xff, 0xff, 0xff, 0xff, 0xff, 0xff, 0xff,
    0xff, 0xff, 0xff, 0xff, 0x9f, 0xf7, 0xfd, 0xbd, 0x59, 0x73, 0x98, 0x5a, 0xf9, 0x62, 0xf9, 0x62,
    0xfa, 0x62, 0xfa, 0x6a, 0x1a, 0x6b, 0x1a, 0x6b, 0x1a, 0x6b, 0x1a, 0x6b, 0x1a, 0x6b, 0x1a, 0x6b,
    0x1a, 0x6b, 0xda, 0x62, 0xfb, 0x8b, 0xff, 0xff, 0xff, 0xff, 0xff, 0xff, 0xff, 0xff, 0xff, 0xff,
    0xff, 0xff, 0xff, 0xff, 0xff, 0xff, 0x9f, 0xf7, 0x5b, 0x73, 0x1b, 0x6b, 0x1b, 0x73, 0x3c, 0x73,
    0x3c, 0x73, 0x3c, 0x73, 0x3c, 0x73, 0x3c, 0x73, 0x3c, 0x73, 0x3d, 0x73, 0x3d, 0x73, 0x3d, 0x73,
    0x3d, 0x73, 0x3d, 0x73, 0x3d, 0x73, 0x3d, 0x7b, 0x3d, 0x7b, 0x3d, 0x7b, 0x3d, 0x7b, 0x3d, 0x7b,
    0x3d, 0x7b, 0x3d, 0x7b, 0x3d, 0x7b, 0x3d, 0x7b, 0x1d, 0x7b, 0x1d, 0x7b, 0x1d, 0x7b, 0x1d, 0x7b,
    0x1d, 0x7b, 0x1d, 0x7b, 0x1d, 0x7b, 0x1d, 0x7b, 0x1d, 0x7b, 0x1d, 0x7b, 0x1d, 0x7b, 0x1d, 0x7b,
    0x1d, 0x7b, 0x1d, 0x7b, 0x1d, 0x7b, 0x1d, 0x7b, 0x1d, 0x7b, 0x1d, 0x7b, 0x1d, 0x7b, 0x1d, 0x7b,
    0x1d, 0x7b, 0x1d, 0x7b, 0x1d, 0x7b, 0x1d, 0x7b, 0x1d, 0x7b, 0x1d, 0x7b, 0x1d, 0x7b, 0x1e, 0x7b,
    0x1e, 0x7b, 0x1e, 0x7b, 0x1e, 0x7b, 0x1e, 0x7b, 0x1e, 0x7b, 0x1e, 0x83, 0x1e, 0x83, 0x1e, 0x83,
    0xfd, 0x7a, 0xfd, 0x7a, 0xfc, 0x7a, 0x1c, 0x83, 0x1c, 0x83, 0xfc, 0x7a, 0xfd, 0x7a, 0xfd, 0x7a,
    0x9e, 0x5b, 0x9d, 0x5b, 0x9d, 0x5b, 0x9c, 0x63, 0x9c, 0x63, 0x9d, 0x5b, 0x9d, 0x5b, 0x9e, 0x5b,
    0x9e, 0x5b, 0x9e, 0x5b, 0x9e, 0x5b, 0x9e, 0x5b, 0x9e, 0x5b, 0x9e, 0x5b, 0x9e, 0x5b, 0x9e, 0x63,
    0x9e, 0x63, 0x9e, 0x63, 0x9e, 0x63, 0x9e, 0x63, 0x9e, 0x63, 0x9e, 0x63, 0x9e, 0x63, 0x9e, 0x63,
    0x9e, 0x63, 0x9e, 0x63, 0x9e, 0x63, 0x9e, 0x63, 0x9e, 0x63, 0x9e, 0x63, 0x9e, 0x63, 0x9e, 0x63,
    0x7e, 0x63, 0x7e, 0x63, 0x7e, 0x63, 0x7e, 0x63, 0x7e, 0x63, 0x7e, 0x63, 0x7d, 0x63, 0x7d, 0x63,
    0x7d, 0x63, 0x7d, 0x63, 0x7d, 0x63, 0x7d, 0x63, 0x7d, 0x63, 0x7d, 0x63, 0x7d, 0x63, 0x7d, 0x63,
    0x7d, 0x63, 0x7d, 0x63, 0x7d, 0x63, 0x7d, 0x63, 0x7d, 0x63, 0x7d, 0x63, 0x7d, 0x63, 0x7d, 0x63,
    0x7d, 0x6b, 0x7d, 0x6b, 0x7d, 0x6b, 0x7d, 0x6b, 0x5d, 0x6b, 0x5c, 0x63, 0x5c, 0x63, 0x5c, 0x63,
    0x5c, 0x63, 0x5c, 0x63, 0x5b, 0x63, 0xdb, 0x5a, 0xbd, 0xb5, 0xff, 0xff, 0xff, 0xff, 0xff, 0xff,
    0xff, 0xff, 0xff, 0xff, 0xff, 0xff, 0xff, 0xff, 0xff, 0xff, 0x3d, 0xc6, 0xda, 0x5a, 0x3b, 0x6b,
    0x1a, 0x63, 0x1b, 0x63, 0x1b, 0x63, 0x1a, 0x63, 0x1a, 0x63, 0x1a, 0x63, 0x1a, 0x63, 0x1a, 0x63,
    0x1a, 0x63, 0xf9, 0x62, 0x19, 0x63, 0xf9, 0x62, 0x98, 0x52, 0xf9, 0x62, 0x5a, 0x8c, 0xfd, 0xc5,
    0x3e, 0xe7, 0xbf, 0xf7, 0xff, 0xff, 0xff, 0xff, 0xff, 0xff, 0xff, 0xff, 0xdf, 0xff, 0x5f, 0xef,
    0x5d, 0xce, 0xbb, 0x9c, 0x39, 0x6b, 0x98, 0x5a, 0xd9, 0x62, 0xf9, 0x6a, 0xf9, 0x62, 0xfa, 0x62,
    0xfa, 0x6a, 0x1a, 0x6b, 0x1a, 0x6b, 0x1a, 0x6b, 0x1a, 0x6b, 0x1a, 0x6b, 0x1a, 0x6b, 0x1a, 0x6b,
    0x1a, 0x6b, 0xba, 0x62, 0xdc, 0xa4, 0xff, 0xff, 0xff, 0xff, 0xff, 0xff, 0xff, 0xff, 0xff, 0xff,
    0xff, 0xff, 0xff, 0xff, 0xff, 0xff, 0xde, 0xde, 0xdb, 0x6a, 0x1b, 0x73, 0x1b, 0x73, 0x1c, 0x73,
    0x1c, 0x73, 0x1c, 0x73, 0x3c, 0x73, 0x3c, 0x73, 0x3c, 0x73, 0x3d, 0x73, 0x3d, 0x73, 0x3d, 0x73,
    0x3d, 0x73, 0x3d, 0x73, 0x3d, 0x7b, 0x3d, 0x7b, 0x3d, 0x7b, 0x3d, 0x7b, 0x3d, 0x7b, 0x3d, 0x7b,
    0x3d, 0x7b, 0x3d, 0x7b, 0x3d, 0x7b, 0x1d, 0x7b, 0x1d, 0x7b, 0x1d, 0x7b, 0x1d, 0x7b, 0x1d, 0x7b,
    0x1d, 0x7b, 0x1d, 0x7b, 0x1d, 0x7b, 0x1d, 0x7b, 0x1d, 0x7b, 0x1d, 0x7b, 0x1d, 0x7b, 0x1d, 0x7b,
    0x1d, 0x7b, 0x1d, 0x7b, 0x1d, 0x7b, 0x1d, 0x7b, 0x1d, 0x7b, 0x1d, 0x7b, 0x1d, 0x7b, 0x1d, 0x7b,
    0x1d, 0x7b, 0x1d, 0x7b, 0x1d, 0x7b, 0x1d, 0x7b, 0x1e, 0x7b, 0x1e, 0x7b, 0x1e, 0x7b, 0x1e, 0x7b,
    0x1e, 0x7b, 0x1e, 0x7b, 0x1e, 0x7b, 0x1e, 0x7b, 0x1e, 0x83, 0x1e, 0x83, 0x1e, 0x83, 0x1e, 0x83,
    0xfd, 0x7a, 0xfd, 0x7a, 0xfc, 0x7a, 0x1c, 0x7b, 0x1c, 0x7b, 0xfc, 0x7a, 0xfd, 0x7a, 0xfd, 0x82,
    0x9e, 0x5b, 0x9d, 0x5b, 0x9d, 0x5b, 0x9c, 0x63, 0x9c, 0x63, 0x9d, 0x5b, 0x9d, 0x5b, 0x9e, 0x5b,
    0x9e, 0x5b, 0x9e, 0x5b, 0x9e, 0x5b, 0x9e, 0x5b, 0x9e, 0x5b, 0x9e, 0x5b, 0x9e, 0x63, 0x9e, 0x63,
    0x9e, 0x63, 0x9e, 0x63, 0x9e, 0x63, 0x9e, 0x63, 0x9e, 0x63, 0x9e, 0x63, 0x9e, 0x63, 0x9e, 0x63,
    0x9e, 0x63, 0x9e, 0x63, 0x9e, 0x63, 0x9e, 0x63, 0x9e, 0x63, 0x9e, 0x63, 0x9e, 0x63, 0x7e, 0x63,
    0x7e, 0x63, 0x7e, 0x63, 0x7e, 0x63, 0x7e, 0x63, 0x7e, 0x63, 0x7e, 0x63, 0x7e, 0x63, 0x7e, 0x63,
    0x7d, 0x63, 0x7d, 0x63, 0x7d, 0x63, 0x7d, 0x63, 0x7d, 0x63, 0x7d, 0x63, 0x7d, 0x63, 0x7d, 0x63,
    0x7d, 0x63, 0x7d, 0x63, 0x7d, 0x63, 0x7d, 0x63, 0x7d, 0x63, 0x7d, 0x63, 0x7d, 0x63, 0x7d, 0x63,
    0x7d, 0x6b, 0x7d, 0x63, 0x7d, 0x63, 0x7d, 0x63, 0x5d, 0x63, 0x5c, 0x63, 0x5c, 0x63, 0x5c, 0x63,
    0x5c, 0x63, 0x3c, 0x63, 0x5b, 0x63, 0xdb, 0x5a, 0x1d, 0x9d, 0xff, 0xff, 0xff, 0xff, 0xff, 0xff,
    0xff, 0xff, 0xff, 0xff, 0xff, 0xff, 0xff, 0xff, 0xff, 0xff, 0x5f, 0xef, 0x1a, 0x63, 0x1a, 0x63,
    0x1a, 0x63, 0x1a, 0x63, 0x1b, 0x63, 0x1b, 0x63, 0x1b, 0x63, 0x1a, 0x63, 0x1a, 0x63, 0x1a, 0x63,
    0x1a, 0x63, 0x1a, 0x63, 0xfa, 0x62, 0xf9, 0x62, 0x19, 0x63, 0xf9, 0x62, 0x98, 0x5a, 0x98, 0x52,
    0xf9, 0x62, 0x39, 0x6b, 0x1a, 0x84, 0x3a, 0x8c, 0x1a, 0x8c, 0x3a, 0x8c, 0x79, 0x73, 0xf9, 0x62,
    0x98, 0x5a, 0x98, 0x5a, 0xd9, 0x62, 0xf9, 0x62, 0xf9, 0x62, 0xfa, 0x62, 0xfa, 0x62, 0xfa, 0x6a,
    0xfa, 0x6a, 0x1a, 0x6b, 0x1a, 0x6b, 0x1a, 0x6b, 0x1a, 0x6b, 0x1a, 0x6b, 0x1a, 0x6b, 0xfa, 0x6a,
    0x1a, 0x6b, 0xba, 0x62, 0x1d, 0xc6, 0xff, 0xff, 0xff, 0xff, 0xff, 0xff, 0xff, 0xff, 0xff, 0xff,
    0xff, 0xff, 0xff, 0xff, 0xff, 0xff, 0x3e, 0xce, 0xba, 0x62, 0x1b, 0x73, 0x1b, 0x6b, 0x1c, 0x73,
    0x1c, 0x73, 0x1c, 0x73, 0x3c, 0x73, 0x3c, 0x73, 0x3c, 0x73, 0x3d, 0x73, 0x3d, 0x73, 0x3d, 0x73,
    0x3d, 0x73, 0x3d, 0x7b, 0x3d, 0x7b, 0x3d, 0x7b, 0x3d, 0x7b, 0x3d, 0x73, 0x3d, 0x7b, 0x3d, 0x7b,
    0x3d, 0x7b, 0x3d, 0x7b, 0x1d, 0x7b, 0x1d, 0x7b, 0x1d, 0x7b, 0x1d, 0x7b, 0x1d, 0x7b, 0x1d, 0x7b,
    0x1d, 0x7b, 0x1d, 0x7b, 0x1d, 0x7b, 0x1d, 0x7b, 0x1d, 0x7b, 0x1d, 0x7b, 0x1d, 0x7b, 0x1d, 0x7b,
    0x1d, 0x7b, 0x1d, 0x7b, 0x1d, 0x7b, 0x1d, 0x7b, 0x1d, 0x7b, 0x1d, 0x7b, 0x1d, 0x7b, 0x1d, 0x7b,
    0x1d, 0x7b, 0x1d, 0x7b, 0x1d, 0x7b, 0x1e, 0x7b, 0x1e, 0x7b, 0x1e, 0x7b, 0x1e, 0x7b, 0x1e, 0x7b,
    0x1e, 0x7b, 0x1e, 0x7b, 0x1e, 0x7b, 0x1e, 0x83, 0x1e, 0x83, 0x1e, 0x83, 0x1e, 0x83, 0x1e, 0x83,
    0xfd, 0x7a, 0xfd, 0x7a, 0xfc, 0x7a, 0x1c, 0x7b, 0x1c, 0x7b, 0xfc, 0x7a, 0xfd, 0x7a, 0xfe, 0x82,
    0x9e, 0x5b, 0x9d, 0x5b, 0x9d, 0x5b, 0x9c, 0x63, 0x9c, 0x63, 0x9d, 0x5b, 0x9d, 0x5b, 0x9e, 0x5b,
    0x9e, 0x5b, 0x9e, 0x5b, 0x9e, 0x5b, 0x9e, 0x5b, 0x9e, 0x5b, 0x9e, 0x63, 0x9e, 0x63, 0x9e, 0x63,
    0x9e, 0x63, 0x9e, 0x63, 0x9e, 0x63, 0x9e, 0x63, 0x9e, 0x63, 0x9e, 0x63, 0x9e, 0x63, 0x9e, 0x63,
    0x9e, 0x63, 0x9e, 0x63, 0x9e, 0x63, 0x9e, 0x63, 0x9e, 0x63, 0x9e, 0x63, 0x7e, 0x63, 0x7e, 0x63,
    0x7e, 0x63, 0x7e, 0x63, 0x7e, 0x63, 0x7e, 0x63, 0x7e, 0x63, 0x7e, 0x63, 0x7e, 0x63, 0x7e, 0x63,
    0x7e, 0x63, 0x7e, 0x63, 0x7e, 0x63, 0x7d, 0x63, 0x7d, 0x63, 0x7d, 0x63, 0x7d, 0x63, 0x7d, 0x63,
    0x7d, 0x63, 0x7d, 0x63, 0x7d, 0x63, 0x7d, 0x63, 0x7d, 0x63, 0x7d, 0x63, 0x7d, 0x63, 0x7d, 0x6b,
    0x7d, 0x6b, 0x7d, 0x6b, 0x7d, 0x63, 0x7d, 0x63, 0x5d, 0x6b, 0x5c, 0x63, 0x5c, 0x63, 0x5c, 0x63,
    0x3c, 0x63, 0x3c, 0x63, 0x3b, 0x63, 0xfb, 0x5a, 0xdb, 0x7b, 0xff, 0xff, 0xff, 0xff, 0xff, 0xff,
    0xff, 0xff, 0xff, 0xff, 0xff, 0xff, 0xff, 0xff, 0xff, 0xff, 0xff, 0xff, 0x3b, 0x84, 0xda, 0x5a,
    0x1a, 0x63, 0x1a, 0x63, 0x1b, 0x63, 0x1b, 0x63, 0x1b, 0x63, 0x1b, 0x63, 0x1a, 0x63, 0x1a, 0x63,
    0x1a, 0x63, 0x1a, 0x63, 0x1a, 0x63, 0x1a, 0x63, 0xfa, 0x62, 0xf9, 0x62, 0x19, 0x63, 0xf9, 0x62,
    0xd9, 0x62, 0xd9, 0x5a, 0x98, 0x5a, 0x98, 0x5a, 0x98, 0x5a, 0x98, 0x5a, 0xb9, 0x5a, 0xd9, 0x62,
    0xf9, 0x62, 0xf9, 0x62, 0xf9, 0x62, 0xf9, 0x62, 0xfa, 0x62, 0xfa, 0x6a, 0xfa, 0x6a, 0x1a, 0x6b,
    0x1a, 0x6b, 0x1a, 0x6b, 0x1a, 0x6b, 0x1b, 0x6b, 0x1b, 0x6b, 0x1a, 0x6b, 0xfa, 0x6a, 0x1a, 0x6b,
    0xfa, 0x6a, 0x3a, 0x73, 0x9f, 0xf7, 0xff, 0xff, 0xff, 0xff, 0xff, 0xff, 0xff, 0xff, 0xff, 0xff,
    0xff, 0xff, 0xff, 0xff, 0xff, 0xff, 0xdc, 0xa4, 0xba, 0x62, 0x1b, 0x73, 0x1b, 0x6b, 0x1b, 0x73,
    0x1c, 0x73, 0x1c, 0x73, 0x1c, 0x73, 0x1c, 0x73, 0x3d, 0x73, 0x3d, 0x73, 0x3d, 0x73, 0x3d, 0x73,
    0x3d, 0x73, 0x3d, 0x7b, 0x3d, 0x73, 0x3d, 0x73, 0x3d, 0x73, 0x3d, 0x73, 0x3d, 0x7b, 0x3d, 0x7b,
    0x3d, 0x7b, 0x1d, 0x7b, 0x1d, 0x7b, 0x1d, 0x7b, 0x1d, 0x7b, 0x1d, 0x7b, 0x1d, 0x7b, 0x1d, 0x7b,
    0x1d, 0x7b, 0x1d, 0x7b, 0x1d, 0x7b, 0x1d, 0x7b, 0x1d, 0x7b, 0x1d, 0x7b, 0x1d, 0x7b, 0x1d, 0x7b,
    0x1d, 0x7b, 0x1d, 0x7b, 0x1d, 0x7b, 0x1d, 0x7b, 0x1d, 0x7b, 0x1d, 0x7b, 0x1d, 0x7b, 0x1d, 0x7b,
    0x1d, 0x7b, 0x1e, 0x7b, 0x1e, 0x7b, 0x1e, 0x7b, 0x1e, 0x7b, 0x1e, 0x7b, 0x1e, 0x7b, 0x1e, 0x7b,
    0x1e, 0x7b, 0x1e, 0x7b, 0x1e, 0x83, 0x1e, 0x83, 0x1e, 0x83, 0x1e, 0x83, 0x1e, 0x83, 0xfe, 0x82,
    0xfd, 0x7a, 0xfd, 0x7a, 0xfc, 0x7a, 0x1c, 0x83, 0x1c, 0x83, 0xfc, 0x7a, 0xfd, 0x7a, 0xfe, 0x82,
    0x9e, 0x5b, 0x9d, 0x5b, 0x9d, 0x5b, 0x9c, 0x63, 0x9c, 0x63, 0x9d, 0x5b, 0x9d, 0x5b, 0x9e, 0x5b,
    0x9e, 0x63, 0x9e, 0x5b, 0x9e, 0x5b, 0x9e, 0x5b, 0x9e, 0x63, 0x9e, 0x63, 0x9e, 0x63, 0x9e, 0x63,
    0x9e, 0x63, 0x9e, 0x63, 0x9e, 0x63, 0x9e, 0x63, 0x9e, 0x63, 0x9e, 0x63, 0x9e, 0x63, 0x9e, 0x63,
    0x9e, 0x63, 0x9e, 0x63, 0x9e, 0x63, 0x9e, 0x63, 0x9e, 0x63, 0x7e, 0x63, 0x7e, 0x63, 0x7e, 0x63,
    0x7e, 0x63, 0x7e, 0x63, 0x7e, 0x63, 0x7e, 0x63, 0x7e, 0x63, 0x7e, 0x63, 0x7e, 0x63, 0x7e, 0x63,
    0x7e, 0x63, 0x7e, 0x63, 0x7e, 0x63, 0x7e, 0x63, 0x7e, 0x63, 0x7d, 0x63, 0x7d, 0x63, 0x7d, 0x63,
    0x7d, 0x63, 0x7d, 0x63, 0x7d, 0x63, 0x7d, 0x63, 0x7d, 0x63, 0x7d, 0x63, 0x7d, 0x6b, 0x7d, 0x6b,
    0x7d, 0x6b, 0x5d, 0x6b, 0x5d, 0x63, 0x5d, 0x6b, 0x5d, 0x6b, 0x5d, 0x63, 0x5c, 0x63, 0x5c, 0x63,
    0x3c, 0x63, 0x3b, 0x63, 0x3b, 0x63, 0x1b, 0x63, 0x1b, 0x63, 0x5f, 0xe7, 0xff, 0xff, 0xff, 0xff,
    0xff, 0xff, 0xff, 0xff, 0xff, 0xff, 0xff, 0xff, 0xff, 0xff, 0xff, 0xff, 0xbd, 0xb5, 0xba, 0x52,
    0x3a, 0x63, 0x1a, 0x63, 0x1b, 0x63, 0x1b, 0x63, 0x1b, 0x63, 0x1b, 0x63, 0x1b, 0x63, 0x1b, 0x63,
    0x1b, 0x63, 0x1a, 0x63, 0x1a, 0x63, 0x1a, 0x63, 0x1a, 0x63, 0xfa, 0x62, 0xfa, 0x62, 0xf9, 0x62,
    0xf9, 0x62, 0xf9, 0x62, 0xf9, 0x62, 0xf9, 0x62, 0xf9, 0x62, 0xf9, 0x62, 0xf9, 0x62, 0xf9, 0x62,
    0xf9, 0x62, 0xfa, 0x62, 0xfa, 0x62, 0xfa, 0x62, 0xfa, 0x6a, 0xfa, 0x6a, 0x1a, 0x6b, 0x1a, 0x6b,
    0x1b, 0x6b, 0x1b, 0x6b, 0x1b, 0x6b, 0xfb, 0x6a, 0xfb, 0x6a, 0xfb, 0x6a, 0xfa, 0x6a, 0x1a, 0x6b,
    0x9a, 0x62, 0x7c, 0x94, 0xff, 0xff, 0xff, 0xff, 0xff, 0xff, 0xff, 0xff, 0xff, 0xff, 0xff, 0xff,
    0xff, 0xff, 0xff, 0xff, 0xff, 0xff, 0xbb, 0x83, 0xda, 0x62, 0x1b, 0x6b, 0xfb, 0x6a, 0x1b, 0x73,
    0x1c, 0x73, 0x1c, 0x73, 0x1c, 0x73, 0x1c, 0x73, 0x3d, 0x73, 0x3d, 0x73, 0x3d, 0x73, 0x3d, 0x73,
    0x3d, 0x73, 0x3d, 0x73, 0x3d, 0x73, 0x3d, 0x73, 0x3d, 0x7b, 0x3d, 0x7b, 0x3d, 0x7b, 0x3d, 0x7b,
    0x1d, 0x7b, 0x1d, 0x7b, 0x1d, 0x7b, 0x1d, 0x7b, 0x1d, 0x7b, 0x1d, 0x7b, 0x1d, 0x7b, 0x1d, 0x7b,
    0x1d, 0x7b, 0x1d, 0x7b, 0x1d, 0x7b, 0x1d, 0x7b, 0x1d, 0x7b, 0x1d, 0x7b, 0x1d, 0x7b, 0x1d, 0x7b,
    0x1d, 0x7b, 0x1d, 0x7b, 0x1d, 0x7b, 0x1d, 0x7b, 0x1d, 0x7b, 0x1d, 0x7b, 0x1e, 0x7b, 0x1e, 0x7b,
    0x1e, 0x7b, 0x1e, 0x7b, 0x1e, 0x7b, 0x1e, 0x7b, 0x1e, 0x7b, 0x1e, 0x7b, 0x1e, 0x7b, 0x1e, 0x7b,
    0x1e, 0x7b, 0x1e, 0x83, 0x1e, 0x83, 0x1e, 0x83, 0x1e, 0x83, 0x1e, 0x83, 0xfe, 0x82, 0x1e, 0x83,
    0xfe, 0x82, 0xfd, 0x7a, 0xfc, 0x7a, 0x1c, 0x83, 0x1c, 0x83, 0xfc, 0x7a, 0xfd, 0x7a, 0xfe, 0x82,
    0x9e, 0x5b, 0x9d, 0x5b, 0x9d, 0x5b, 0x9d, 0x63, 0x9c, 0x63, 0x9d, 0x5b, 0x9d, 0x5b, 0x9e, 0x5b,
    0x9e, 0x5b, 0x9e, 0x63, 0x9e, 0x63, 0x9e, 0x63, 0x9e, 0x63, 0x9e, 0x63, 0x9e, 0x63, 0x9e, 0x63,
    0x9e, 0x63, 0x9e, 0x63, 0x9e, 0x63, 0x9e, 0x63, 0x9e, 0x63, 0x9e, 0x63, 0x9e, 0x63, 0x9e, 0x63,
    0x9e, 0x63, 0x9e, 0x63, 0x9e, 0x63, 0x9e, 0x63, 0x7e, 0x63, 0x7e, 0x63, 0x7e, 0x63, 0x7e, 0x63,
    0x7e, 0x63, 0x7e, 0x63, 0x7e, 0x63, 0x7e, 0x63, 0x7e, 0x63, 0x7e, 0x63, 0x7e, 0x63, 0x7e, 0x63,
    0x7e, 0x63, 0x7e, 0x63, 0x7e, 0x63, 0x7e, 0x63, 0x7e, 0x63, 0x7d, 0x63, 0x7d, 0x63, 0x7d, 0x63,
    0x7d, 0x63, 0x7d, 0x63, 0x7d, 0x63, 0x7d, 0x63, 0x7d, 0x63, 0x7d, 0x63, 0x7d, 0x6b, 0x7d, 0x6b,
    0x7d, 0x6b, 0x7d, 0x63, 0x5d, 0x6b, 0x5d, 0x6b, 0x5d, 0x6b, 0x5d, 0x63, 0x5c, 0x63, 0x5c, 0x63,
    0x3c, 0x63, 0x3b, 0x63, 0x3b, 0x63, 0x3b, 0x63, 0xda, 0x52, 0x1e, 0xc6, 0xff, 0xff, 0xff, 0xff,
    0xff, 0xff, 0xff, 0xff, 0xff, 0xff, 0xff, 0xff, 0xff, 0xff, 0xff, 0xff, 0x9f, 0xf7, 0x5a, 0x6b,
    0xfa, 0x62, 0x1a, 0x63, 0x1b, 0x63, 0x1b, 0x63, 0x1b, 0x63, 0x1b, 0x63, 0x1b, 0x63, 0x1b, 0x63,
    0x1b, 0x63, 0x1b, 0x63, 0x1b, 0x63, 0x1a, 0x63, 0x1a, 0x63, 0x1a, 0x63, 0xfa, 0x62, 0xfa, 0x62,
    0xfa, 0x62, 0xfa, 0x62, 0xfa, 0x62, 0xfa, 0x62, 0xfa, 0x62, 0xfa, 0x62, 0xfa, 0x62, 0xfa, 0x62,
    0xfa, 0x62, 0xfa, 0x62, 0xfa, 0x62, 0xfa, 0x6a, 0xfa, 0x6a, 0x1b, 0x6b, 0x1b, 0x6b, 0x1b, 0x6b,
    0x1b, 0x6b, 0x1b, 0x6b, 0x1b, 0x6b, 0x1b, 0x6b, 0xfb, 0x6a, 0xfa, 0x6a, 0xfa, 0x6a, 0xfa, 0x6a,
    0xba, 0x62, 0xbe, 0xde, 0xff, 0xff, 0xff, 0xff, 0xff, 0xff, 0xff, 0xff, 0xff, 0xff, 0xff, 0xff,
    0xff, 0xff, 0xff, 0xff, 0x3f, 0xef, 0xfa, 0x6a, 0xfb, 0x6a, 0xfb, 0x6a, 0xfb, 0x6a, 0x1b, 0x73,
    0x1c, 0x73, 0x1c, 0x73, 0x1c, 0x73, 0x1c, 0x73, 0x3d, 0x73, 0x3d, 0x73, 0x1d, 0x73, 0x3d, 0x73,
    0x3d, 0x73, 0x3d, 0x73, 0x3d, 0x73, 0x3d, 0x7b, 0x3d, 0x7b, 0x3d, 0x7b, 0x3d, 0x7b, 0x1d, 0x7b,
    0x1d, 0x7b, 0x1d, 0x7b, 0x1d, 0x7b, 0x1d, 0x7b, 0x1d, 0x7b, 0x1d, 0x7b, 0x1d, 0x7b, 0x1d, 0x7b,
    0x1d, 0x7b, 0x1d, 0x7b, 0x1d, 0x7b, 0x1d, 0x7b, 0x1d, 0x7b, 0x1d, 0x7b, 0x1d, 0x7b, 0x1d, 0x7b,
    0x1d, 0x7b, 0x1d, 0x7b, 0x1d, 0x7b, 0x1d, 0x7b, 0x1e, 0x7b, 0x1e, 0x7b, 0x1e, 0x7b, 0x1e, 0x7b,
    0x1e, 0x7b, 0x1e, 0x7b, 0x1e, 0x7b, 0x1e, 0x7b, 0x1e, 0x7b, 0x1e, 0x7b, 0x1e, 0x7b, 0x1e, 0x7b,
    0x1e, 0x83, 0x1e, 0x83, 0x1e, 0x83, 0x1e, 0x83, 0x1e, 0x83, 0x1e, 0x83, 0x1e, 0x83, 0xfe, 0x82,
    0xfe, 0x82, 0xfd, 0x7a, 0xfc, 0x7a, 0x1c, 0x83, 0x1c, 0x83, 0xfc, 0x7a, 0xfd, 0x7a, 0xfe, 0x82,
    0x9e, 0x5b, 0x9d, 0x5b, 0x9d, 0x5b, 0x9c, 0x63, 0x9c, 0x63, 0x9d, 0x5b, 0x9d, 0x5b, 0x9e, 0x5b,
    0x9e, 0x5b, 0x9e, 0x5b, 0x9e, 0x63, 0x9e, 0x63, 0x9e, 0x63, 0x9e, 0x63, 0x9e, 0x63, 0x9e, 0x63,
    0x9e, 0x63, 0x9e, 0x63, 0x9e, 0x63, 0x9e, 0x63, 0x9e, 0x63, 0x9e, 0x63, 0x9e, 0x63, 0x9e, 0x63,
    0x9e, 0x63, 0x9e, 0x63, 0x9e, 0x63, 0x7e, 0x63, 0x7e, 0x63, 0x7e, 0x63, 0x7e, 0x63, 0x7e, 0x63,
    0x7e, 0x63, 0x7e, 0x63, 0x7e, 0x63, 0x7e, 0x63, 0x7e, 0x63, 0x7e, 0x63, 0x7e, 0x63, 0x7e, 0x63,
    0x7e, 0x63, 0x7e, 0x63, 0x7e, 0x63, 0x7e, 0x63, 0x7d, 0x63, 0x7d, 0x63, 0x7d, 0x63, 0x7d, 0x63,
    0x7d, 0x63, 0x7d, 0x63, 0x7d, 0x63, 0x7d, 0x63, 0x7d, 0x63, 0x7d, 0x63, 0x7d, 0x63, 0x7d, 0x63,
    0x7d, 0x63, 0x7d, 0x6b, 0x5d, 0x63, 0x5d, 0x63, 0x5d, 0x6b, 0x5d, 0x63, 0x5c, 0x63, 0x5c, 0x63,
    0x3c, 0x63, 0x3b, 0x63, 0x3b, 0x63, 0x3b, 0x63, 0xda, 0x5a, 0x9c, 0x94, 0xff, 0xff, 0xff, 0xff,
    0xff, 0xff, 0xff, 0xff, 0xff, 0xff, 0xff, 0xff, 0xff, 0xff, 0xff, 0xff, 0xff, 0xff, 0x7d, 0xb5,
    0x9a, 0x52, 0x1a, 0x63, 0x1b, 0x63, 0x1b, 0x63, 0x1b, 0x63, 0x1b, 0x63, 0x1b, 0x63, 0x1b, 0x63,
    0x1b, 0x63, 0x1b, 0x63, 0x1b, 0x63, 0x1b, 0x63, 0x1b, 0x63, 0x1b, 0x63, 0x1a, 0x63, 0x1a, 0x63,
    0x1a, 0x63, 0x1a, 0x63, 0xfa, 0x62, 0xfa, 0x62, 0xfa, 0x62, 0xfa, 0x62, 0xfa, 0x62, 0xfa, 0x62,
    0xfa, 0x6a, 0x1a, 0x6b, 0x1b, 0x6b, 0x1b, 0x6b, 0x1b, 0x6b, 0x1b, 0x6b, 0x1b, 0x6b, 0x1b, 0x6b,
    0x1b, 0x6b, 0x1b, 0x6b, 0x1b, 0x6b, 0x1b, 0x6b, 0xfb, 0x6a, 0xfa, 0x6a, 0x1a, 0x6b, 0xba, 0x62,
    0x3b, 0x8c, 0xff, 0xff, 0xff, 0xff, 0xff, 0xff, 0xff, 0xff, 0xff, 0xff, 0xff, 0xff, 0xff, 0xff,
    0xff, 0xff, 0xff, 0xff, 0xbd, 0xbd, 0x7a, 0x62, 0xfb, 0x6a, 0xfb, 0x6a, 0xfb, 0x6a, 0x1b, 0x73,
    0x1c, 0x73, 0x1c, 0x73, 0x1c, 0x73, 0x1d, 0x73, 0x1d, 0x73, 0x1d, 0x73, 0x1d, 0x73, 0x3d, 0x73,
    0x3d, 0x73, 0x3d, 0x73, 0x3d, 0x7b, 0x3d, 0x7b, 0x3d, 0x7b, 0x3d, 0x7b, 0x1d, 0x7b, 0x1d, 0x7b,
    0x1d, 0x7b, 0x1d, 0x7b, 0x1d, 0x7b, 0x1d, 0x7b, 0x1d, 0x7b, 0x1d, 0x7b, 0x1d, 0x7b, 0x1d, 0x7b,
    0x1d, 0x7b, 0x1d, 0x7b, 0x1d, 0x7b, 0x1d, 0x7b, 0x1d, 0x7b, 0x1d, 0x7b, 0x1d, 0x7b, 0x1d, 0x7b,
    0x1d, 0x7b, 0x1d, 0x7b, 0x1e, 0x7b, 0x1e, 0x7b, 0x1e, 0x7b, 0x1e, 0x7b, 0x1e, 0x7b, 0x1e, 0x7b,
    0x1e, 0x7b, 0x1e, 0x7b, 0x1e, 0x7b, 0x1e, 0x7b, 0x1e, 0x7b, 0x1e, 0x83, 0x1e, 0x83, 0x1e, 0x83,
    0x1e, 0x83, 0x1e, 0x83, 0x1e, 0x83, 0x1e, 0x83, 0x1e, 0x83, 0xfe, 0x82, 0xfe, 0x82, 0xfe, 0x82,
    0xfe, 0x82, 0xfd, 0x7a, 0xfc, 0x7a, 0x1c, 0x83, 0x1c, 0x83, 0xfc, 0x7a, 0xfd, 0x7a, 0xfe, 0x82,
    0x9e, 0x5b, 0x9e, 0x5b, 0x9d, 0x5b, 0x9c, 0x63, 0x9c, 0x63, 0x9d, 0x5b, 0x7d, 0x5b, 0x9e, 0x5b,
    0x9e, 0x63, 0x9e, 0x63, 0x9e, 0x63, 0x9e, 0x63, 0x9e, 0x63, 0x9e, 0x63, 0x9e, 0x63, 0x9e, 0x63,
    0x9e, 0x63, 0x9e, 0x63, 0x9e, 0x63, 0x9e, 0x63, 0x9e, 0x63, 0x9e, 0x63, 0x9e, 0x63, 0x9e, 0x63,
    0x9e, 0x63, 0x7e, 0x63, 0x7e, 0x63, 0x7e, 0x63, 0x7e, 0x63, 0x7e, 0x63, 0x7e, 0x63, 0x7e, 0x63,
    0x7e, 0x63, 0x7e, 0x63, 0x7e, 0x63, 0x7e, 0x63, 0x7e, 0x63, 0x7e, 0x63, 0x7e, 0x63, 0x7e, 0x63,
    0x7e, 0x63, 0x7e, 0x63, 0x7e, 0x63, 0x7e, 0x63, 0x7e, 0x63, 0x7e, 0x63, 0x7d, 0x63, 0x7d, 0x63,
    0x7d, 0x63, 0x7d, 0x63, 0x7d, 0x63, 0x7d, 0x63, 0x7d, 0x63, 0x7d, 0x63, 0x7d, 0x63, 0x7d, 0x63,
    0x7d, 0x6b, 0x7d, 0x6b, 0x5d, 0x63, 0x5d, 0x63, 0x5d, 0x63, 0x5d, 0x63, 0x5c, 0x63, 0x3c, 0x63,
    0x3c, 0x63, 0x3c, 0x63, 0x1b, 0x63, 0x1b, 0x63, 0x1b, 0x63, 0x1a, 0x63, 0x5f, 0xef, 0xff, 0xff,
    0xff, 0xff, 0xff, 0xff, 0xff, 0xff, 0xff, 0xff, 0xff, 0xff, 0xff, 0xff, 0xff, 0xff, 0x9f, 0xf7,
    0x5a, 0x6b, 0xfa, 0x62, 0x1a, 0x63, 0x1a, 0x63, 0x1b, 0x63, 0x1b, 0x63, 0x1b, 0x63, 0x1b, 0x63,
    0x1b, 0x6b, 0x1b, 0x6b, 0x1b, 0x6b, 0x1b, 0x6b, 0x1b, 0x6b, 0x1b, 0x6b, 0x1b, 0x6b, 0x1b, 0x6b,
    0x1b, 0x6b, 0x1b, 0x6b, 0x1b, 0x6b, 0x1b, 0x6b, 0x1b, 0x6b, 0x1b, 0x6b, 0x1b, 0x6b, 0x1b, 0x6b,
    0x1b, 0x6b, 0x1b, 0x6b, 0x1b, 0x6b, 0x1b, 0x6b, 0x1b, 0x6b, 0x1b, 0x6b, 0x1b, 0x6b, 0x1b, 0x6b,
    0x1b, 0x6b, 0x1b, 0x6b, 0xfb, 0x6a, 0xfb, 0x6a, 0xfb, 0x6a, 0xfa, 0x6a, 0xfa, 0x6a, 0x9a, 0x5a,
    0xbe, 0xde, 0xff, 0xff, 0xff, 0xff, 0xff, 0xff, 0xff, 0xff, 0xff, 0xff, 0xff, 0xff, 0xff, 0xff,
    0xff, 0xff, 0xff, 0xff, 0xbb, 0x83, 0xba, 0x62, 0xfb, 0x6a, 0xfb, 0x6a, 0xfb, 0x6a, 0x1c, 0x73,
    0x1c, 0x73, 0x1c, 0x73, 0x1c, 0x73, 0x1d, 0x73, 0x1d, 0x73, 0x1d, 0x73, 0x1d, 0x73, 0x3d, 0x73,
    0x3d, 0x73, 0x3d, 0x7b, 0x3d, 0x7b, 0x3d, 0x7b, 0x3d, 0x7b, 0x1d, 0x7b, 0x1d, 0x7b, 0x1d, 0x7b,
    0x1d, 0x7b, 0x1d, 0x7b, 0x1d, 0x7b, 0x1d, 0x7b, 0x1d, 0x7b, 0x1d, 0x7b, 0x1d, 0x7b, 0x1d, 0x7b,
    0x1d, 0x7b, 0x1d, 0x7b, 0x1d, 0x7b, 0x1d, 0x7b, 0x1d, 0x7b, 0x1d, 0x7b, 0x1d, 0x7b, 0x1e, 0x7b,
    0x1e, 0x7b, 0x1e, 0x7b, 0x1e, 0x7b, 0x1e, 0x7b, 0x1e, 0x7b, 0x1e, 0x7b, 0x1e, 0x7b, 0x1e, 0x7b,
    0x1e, 0x7b, 0x1e, 0x7b, 0x1e, 0x7b, 0x1e, 0x7b, 0x1e, 0x83, 0x1e, 0x83, 0x1e, 0x83, 0x1e, 0x83,
    0x1e, 0x83, 0x1e, 0x83, 0x1e, 0x83, 0xfe, 0x82, 0xfe, 0x82, 0xfe, 0x82, 0x1e, 0x83, 0x1e, 0x83,
    0xfe, 0x82, 0xfd, 0x7a, 0xfc, 0x7a, 0x1c, 0x83, 0x1c, 0x83, 0xfc, 0x7a, 0xfd, 0x82, 0xfe, 0x82,
    0x9e, 0x5b, 0x9e, 0x5b, 0x9d, 0x5b, 0xbd, 0x63, 0xbd, 0x63, 0x9d, 0x5b, 0x7d, 0x5b, 0x9e, 0x5b,
    0x9e, 0x63, 0x9e, 0x63, 0x9e, 0x63, 0x9e, 0x63, 0x9e, 0x63, 0x9e, 0x63, 0x9e, 0x63, 0x9e, 0x63,
    0x9e, 0x63, 0x9e, 0x63, 0x9e, 0x63, 0x9e, 0x63, 0x9e, 0x63, 0x9e, 0x63, 0x9e, 0x63, 0x9e, 0x63,
    0x9e, 0x63, 0x9e, 0x63, 0x9e, 0x63, 0x7e, 0x63, 0x7e, 0x63, 0x7e, 0x63, 0x7e, 0x63, 0x7e, 0x63,
    0x7e, 0x63, 0x7e, 0x63, 0x7e, 0x63, 0x7e, 0x63, 0x7e, 0x63, 0x7e, 0x63, 0x7e, 0x63, 0x7e, 0x63,
    0x7e, 0x63, 0x7e, 0x63, 0x7e, 0x63, 0x7e, 0x63, 0x7e, 0x63, 0x7e, 0x63, 0x7e, 0x63, 0x7e, 0x63,
    0x7e, 0x63, 0x7d, 0x63, 0x7d, 0x63, 0x7d, 0x63, 0x7d, 0x63, 0x7d, 0x63, 0x7d, 0x63, 0x7d, 0x6b,
    0x7d, 0x6b, 0x7d, 0x6b, 0x5d, 0x63, 0x5d, 0x63, 0x5d, 0x63, 0x5d, 0x63, 0x5c, 0x63, 0x3c, 0x63,
    0x3c, 0x63, 0x3c, 0x63, 0x1b, 0x63, 0x1b, 0x63, 0x1b, 0x63, 0x9a, 0x52, 0x7d, 0xad, 0xff, 0xff,
    0xff, 0xff, 0xff, 0xff, 0xff, 0xff, 0xff, 0xff, 0xff, 0xff, 0xff, 0xff, 0xff, 0xff, 0xff, 0xff,
    0xfd, 0xbd, 0x9a, 0x52, 0x1a, 0x63, 0x1a, 0x63, 0x1b, 0x63, 0x1b, 0x63, 0x1b, 0x63, 0x1b, 0x6b,
    0x1b, 0x6b, 0x3b, 0x6b, 0x3b, 0x6b, 0x1b, 0x6b, 0x1b, 0x6b, 0x1b, 0x6b, 0x1b, 0x6b, 0x1b, 0x6b,
    0x1b, 0x6b, 0x1b, 0x6b, 0x1b, 0x6b, 0x1b, 0x6b, 0x1b, 0x6b, 0x1b, 0x6b, 0x1b, 0x6b, 0x1b, 0x6b,
    0x1b, 0x6b, 0x1b, 0x6b, 0x1b, 0x6b, 0x1b, 0x6b, 0x1b, 0x6b, 0x1b, 0x6b, 0x1b, 0x6b, 0x1b, 0x6b,
    0x1b, 0x6b, 0x1b, 0x6b, 0xfb, 0x6a, 0xfb, 0x6a, 0xfb, 0x6a, 0x1a, 0x6b, 0x9a, 0x5a, 0x9c, 0x9c,
    0xff, 0xff, 0xff, 0xff, 0xff, 0xff, 0xff, 0xff, 0xff, 0xff, 0xff, 0xff, 0xff, 0xff, 0xff, 0xff,
    0xff, 0xff, 0xbe, 0xde, 0x9a, 0x62, 0xfa, 0x6a, 0xfb, 0x6a, 0xfb, 0x6a, 0xfb, 0x6a, 0x1c, 0x73,
    0x1c, 0x73, 0x1c, 0x73, 0x1c, 0x73, 0x1d, 0x73, 0x1d, 0x73, 0x1d, 0x73, 0x1d, 0x73, 0x3d, 0x73,
    0x1d, 0x73, 0x3d, 0x7b, 0x3d, 0x7b, 0x1d, 0x7b, 0x1d, 0x7b, 0x1d, 0x7b, 0x1d, 0x7b, 0x1d, 0x7b,
    0x1d, 0x7b, 0x1d, 0x7b, 0x1d, 0x7b, 0x1d, 0x7b, 0x1d, 0x7b, 0x1d, 0x7b, 0x1d, 0x7b, 0x1d, 0x7b,
    0x1d, 0x7b, 0x1d, 0x7b, 0x1d, 0x7b, 0x1d, 0x7b, 0x1d, 0x7b, 0x1e, 0x7b, 0x1e, 0x7b, 0x1e, 0x7b,
    0x1e, 0x7b, 0x1e, 0x7b, 0x1e, 0x7b, 0x1e, 0x7b, 0x1e, 0x7b, 0x1e, 0x7b, 0x1e, 0x7b, 0x1e, 0x7b,
    0x1e, 0x7b, 0x1e, 0x83, 0x1e, 0x83, 0x1e, 0x83, 0x1e, 0x7b, 0x1e, 0x83, 0x1e, 0x83, 0x1e, 0x83,
    0x1e, 0x83, 0x1e, 0x83, 0xfe, 0x82, 0xfe, 0x82, 0x1e, 0x83, 0x1e, 0x83, 0x1e, 0x83, 0x1e, 0x83,
    0xfe, 0x82, 0xfd, 0x7a, 0xfc, 0x7a, 0x1c, 0x83, 0x1c, 0x83, 0xfc, 0x82, 0xfd, 0x82, 0xfe, 0x82,
    0x9e, 0x5b, 0x9d, 0x5b, 0x9d, 0x5b, 0xbd, 0x63, 0xbd, 0x63, 0x9d, 0x5b, 0x9d, 0x5b, 0x9e, 0x63,
    0x9e, 0x63, 0x9e, 0x63, 0x9e, 0x63, 0x9e, 0x63, 0x9e, 0x63, 0x9e, 0x63, 0x9e, 0x63, 0x9e, 0x63,
    0x9e, 0x63, 0x9e, 0x63, 0x9e, 0x63, 0x9e, 0x63, 0x9e, 0x63, 0x9e, 0x63, 0x9e, 0x63, 0x9e, 0x63,
    0x9e, 0x63, 0x9e, 0x63, 0x9e, 0x63, 0x9e, 0x63, 0x9e, 0x63, 0x7e, 0x63, 0x7e, 0x63, 0x7e, 0x63,
    0x7e, 0x63, 0x7e, 0x63, 0x7e, 0x63, 0x7e, 0x63, 0x7e, 0x63, 0x7e, 0x63, 0x7e, 0x63, 0x7e, 0x63,
    0x7e, 0x63, 0x7e, 0x63, 0x7e, 0x63, 0x7e, 0x63, 0x7e, 0x63, 0x7e, 0x63, 0x7e, 0x63, 0x7e, 0x63,
    0x7e, 0x63, 0x7e, 0x63, 0x7e, 0x63, 0x7e, 0x63, 0x7d, 0x63, 0x7d, 0x63, 0x7d, 0x6b, 0x7d, 0x6b,
    0x7d, 0x6b, 0x7d, 0x6b, 0x5d, 0x63, 0x5d, 0x6b, 0x5d, 0x6b, 0x5d, 0x63, 0x5d, 0x63, 0x3c, 0x63,
    0x3c, 0x63, 0x3c, 0x63, 0x3b, 0x63, 0x1b, 0x63, 0x1b, 0x63, 0xda, 0x5a, 0xbb, 0x73, 0xdf, 0xff,
    0xff, 0xff, 0xff, 0xff, 0xff, 0xff, 0xff, 0xff, 0xff, 0xff, 0xff, 0xff, 0xff, 0xff, 0xff, 0xff,
    0xff, 0xff, 0x5b, 0x8c, 0xba, 0x5a, 0x1b, 0x63, 0x1b, 0x63, 0x1b, 0x63, 0x1b, 0x63, 0x1b, 0x63,
    0x1b, 0x6b, 0x3b, 0x6b, 0x1c, 0x6b, 0x1c, 0x6b, 0x1c, 0x6b, 0x1c, 0x6b, 0x1b, 0x6b, 0x1b, 0x6b,
    0x1b, 0x6b, 0x1b, 0x6b, 0x1b, 0x6b, 0x1b, 0x6b, 0x1b, 0x6b, 0x1b, 0x6b, 0x1b, 0x6b, 0x1b, 0x6b,
    0x1b, 0x6b, 0x1b, 0x6b, 0x1b, 0x6b, 0x1c, 0x6b, 0x1c, 0x6b, 0x1c, 0x6b, 0x1b, 0x6b, 0x1b, 0x6b,
    0x1b, 0x6b, 0x1b, 0x6b, 0xfb, 0x6a, 0xfb, 0x6a, 0xfb, 0x6a, 0xda, 0x62, 0x3a, 0x73, 0x9f, 0xf7,
    0xff, 0xff, 0xff, 0xff, 0xff, 0xff, 0xff, 0xff, 0xff, 0xff, 0xff, 0xff, 0xff, 0xff, 0xff, 0xff,
    0xff, 0xff, 0xbc, 0x9c, 0x7a, 0x5a, 0xfb, 0x6a, 0xfb, 0x6a, 0xfb, 0x6a, 0xfb, 0x6a, 0x1c, 0x73,
    0x1c, 0x73, 0x1c, 0x73, 0x1c, 0x73, 0x1d, 0x73, 0x1d, 0x73, 0x1d, 0x73, 0x1d, 0x73, 0x3d, 0x7b,
    0x1d, 0x7b, 0x1d, 0x7b, 0x1d, 0x7b, 0x1d, 0x7b, 0x1d, 0x7b, 0x1d, 0x7b, 0x1d, 0x7b, 0x1d, 0x7b,
    0x1d, 0x7b, 0x1d, 0x7b, 0x1d, 0x7b, 0x1d, 0x7b, 0x1d, 0x7b, 0x1d, 0x7b, 0x1d, 0x7b, 0x1e, 0x7b,
    0x1d, 0x7b, 0x1d, 0x7b, 0x1d, 0x7b, 0x1e, 0x7b, 0x1e, 0x7b, 0x1e, 0x7b, 0x1e, 0x7b, 0x1e, 0x7b,
    0x1e, 0x7b, 0x1e, 0x7b, 0x1e, 0x7b, 0x1e, 0x7b, 0x1e, 0x7b, 0x1e, 0x7b, 0x1e, 0x7b, 0x1e, 0x7b,
    0x1e, 0x83, 0x1e, 0x83, 0x1e, 0x7b, 0x1e, 0x7b, 0x1e, 0x83, 0x1e, 0x83, 0x1e, 0x83, 0x1e, 0x83,
    0x1e, 0x83, 0x1e, 0x83, 0x1e, 0x83, 0x1e, 0x83, 0x1e, 0x83, 0x1e, 0x83, 0x1e, 0x83, 0x1e, 0x83,
    0xfe, 0x82, 0xfd, 0x82, 0xfc, 0x82, 0x1c, 0x83, 0x1c, 0x83, 0xfc, 0x82, 0xfd, 0x82, 0xfe, 0x82,
    0x9e, 0x5b, 0x9d, 0x5b, 0x9d, 0x5b, 0xbd, 0x63, 0x9d, 0x63, 0x9d, 0x5b, 0x9d, 0x5b, 0x9e, 0x63,
    0x9f, 0x63, 0x9f, 0x63, 0x9e, 0x63, 0x9e, 0x63, 0x9e, 0x63, 0x9e, 0x63, 0x9e, 0x63, 0x9e, 0x63,
    0x9e, 0x63, 0x9e, 0x63, 0x9e, 0x63, 0x9e, 0x63, 0x9e, 0x63, 0x9e, 0x63, 0x9e, 0x63, 0x9e, 0x63,
    0x9e, 0x63, 0x9e, 0x63, 0x9e, 0x63, 0x9e, 0x63, 0x9e, 0x63, 0x9e, 0x63, 0x9e, 0x63, 0x7e, 0x63,
    0x7e, 0x63, 0x7e, 0x63, 0x7e, 0x63, 0x7e, 0x63, 0x7e, 0x63, 0x7e, 0x63, 0x7e, 0x63, 0x7e, 0x63,
    0x7e, 0x63, 0x7e, 0x63, 0x7e, 0x63, 0x7e, 0x63, 0x7e, 0x63, 0x7e, 0x63, 0x7e, 0x63, 0x7e, 0x63,
    0x7e, 0x63, 0x7e, 0x63, 0x7e, 0x63, 0x7e, 0x63, 0x7e, 0x63, 0x7e, 0x6b, 0x7e, 0x6b, 0x7d, 0x6b,
    0x7d, 0x6b, 0x7d, 0x6b, 0x5d, 0x6b, 0x5d, 0x6b, 0x5d, 0x6b, 0x5d, 0x63, 0x5d, 0x63, 0x3c, 0x63,
    0x3c, 0x63, 0x3c, 0x63, 0x3b, 0x63, 0x1b, 0x63, 0x1b, 0x63, 0x1b, 0x63, 0xba, 0x52, 0x3d, 0xc6,
    0xff, 0xff, 0xff, 0xff, 0xff, 0xff, 0xff, 0xff, 0xff, 0xff, 0xff, 0xff, 0xff, 0xff, 0xff, 0xff,
    0xff, 0xff, 0x9f, 0xf7, 0x5a, 0x6b, 0xda, 0x5a, 0x1b, 0x63, 0x1b, 0x63, 0x1b, 0x63, 0x1b, 0x63,
    0x1b, 0x6b, 0x1b, 0x6b, 0x1c, 0x6b, 0x1c, 0x6b, 0x1c, 0x6b, 0x1c, 0x6b, 0x3c, 0x6b, 0x3c, 0x6b,
    0x3c, 0x6b, 0x3c, 0x6b, 0x1c, 0x6b, 0x1c, 0x6b, 0x1c, 0x6b, 0x1c, 0x6b, 0x1c, 0x6b, 0x1c, 0x6b,
    0x1c, 0x6b, 0x1c, 0x6b, 0x1c, 0x6b, 0x1c, 0x6b, 0x1c, 0x6b, 0x1c, 0x6b, 0x1c, 0x6b, 0x1b, 0x6b,
    0x1b, 0x6b, 0x1b, 0x6b, 0xfb, 0x6a, 0xfb, 0x6a, 0xfa, 0x6a, 0x9a, 0x62, 0x9e, 0xd6, 0xff, 0xff,
    0xff, 0xff, 0xff, 0xff, 0xff, 0xff, 0xff, 0xff, 0xff, 0xff, 0xff, 0xff, 0xff, 0xff, 0xff, 0xff,
    0x3f, 0xef, 0xda, 0x6a, 0xda, 0x6a, 0xfb, 0x6a, 0xfb, 0x6a, 0xfb, 0x6a, 0xfc, 0x6a, 0x1c, 0x73,
    0x1c, 0x73, 0x1c, 0x73, 0x1d, 0x73, 0x1d, 0x73, 0x1d, 0x73, 0x1d, 0x73, 0x1d, 0x73, 0x1d, 0x7b,
    0x1d, 0x7b, 0x1d, 0x7b, 0x1d, 0x7b, 0x1d, 0x7b, 0x1d, 0x7b, 0x1d, 0x7b, 0x1d, 0x7b, 0x1d, 0x7b,
    0x1d, 0x7b, 0x1d, 0x7b, 0x1d, 0x7b, 0x1d, 0x7b, 0x1d, 0x7b, 0x1e, 0x7b, 0x1e, 0x7b, 0x1d, 0x7b,
    0x1d, 0x7b, 0x1e, 0x7b, 0x1e, 0x7b, 0x1e, 0x7b, 0x1e, 0x7b, 0x1e, 0x7b, 0x1e, 0x7b, 0x1e, 0x7b,
    0x1e, 0x7b, 0x1e, 0x7b, 0x1e, 0x7b, 0x1e, 0x7b, 0x1e, 0x7b, 0x1e, 0x7b, 0x1e, 0x83, 0x1e, 0x83,
    0x1e, 0x7b, 0x1e, 0x7b, 0x1e, 0x83, 0x1e, 0x83, 0x1e, 0x83, 0x1e, 0x83, 0x1e, 0x83, 0x1e, 0x83,
    0x1e, 0x83, 0x1e, 0x83, 0x1e, 0x83, 0x1e, 0x83, 0x1e, 0x83, 0x1e, 0x83, 0x1e, 0x83, 0x1e, 0x83,
    0xfe, 0x82, 0xfd, 0x82, 0xfc, 0x82, 0x1c, 0x83, 0x1c, 0x83, 0xfc, 0x82, 0xfd, 0x82, 0xfe, 0x82,
    0x9e, 0x5b, 0x9e, 0x5b, 0x9d, 0x5b, 0x9d, 0x63, 0x9d, 0x63, 0x9d, 0x63, 0x9d, 0x5b, 0x9e, 0x63,
    0x9f, 0x63, 0x9f, 0x63, 0x9f, 0x63, 0x9f, 0x63, 0x9f, 0x63, 0x9e, 0x63, 0x9e, 0x63, 0x9e, 0x63,
    0x9e, 0x63, 0x9e, 0x63, 0x9e, 0x63, 0x9e, 0x63, 0x9e, 0x63, 0x9e, 0x63, 0x9e, 0x63, 0x9e, 0x63,
    0x9e, 0x63, 0x9e, 0x63, 0x9e, 0x63, 0x9e, 0x63, 0x9e, 0x63, 0x9e, 0x63, 0x9e, 0x63, 0x7e, 0x63,
    0x7e, 0x63, 0x7e, 0x63, 0x7e, 0x63, 0x7e, 0x63, 0x7e, 0x63, 0x7e, 0x63, 0x7e, 0x63, 0x7e, 0x63,
    0x7e, 0x63, 0x7e, 0x63, 0x7e, 0x63, 0x7e, 0x63, 0x7e, 0x63, 0x7e, 0x63, 0x7e, 0x63, 0x7e, 0x63,
    0x7e, 0x63, 0x7e, 0x63, 0x7e, 0x63, 0x7e, 0x63, 0x7e, 0x6b, 0x7e, 0x6b, 0x7e, 0x6b, 0x7e, 0x6b,
    0x7e, 0x6b, 0x7d, 0x6b, 0x5d, 0x6b, 0x5d, 0x6b, 0x5d, 0x6b, 0x5d, 0x63, 0x5d, 0x63, 0x5d, 0x63,
    0x3c, 0x63, 0x3c, 0x63, 0x3c, 0x63, 0x1b, 0x63, 0x1b, 0x63, 0x1b, 0x63, 0xda, 0x5a, 0x9b, 0x73,
    0xbf, 0xf7, 0xff, 0xff, 0xff, 0xff, 0xff, 0xff, 0xff, 0xff, 0xff, 0xff, 0xff, 0xff, 0xff, 0xff,
    0xff, 0xff, 0xff, 0xff, 0xfe, 0xde, 0x1a, 0x6b, 0xda, 0x62, 0x1b, 0x63, 0x1b, 0x63, 0x1b, 0x63,
    0x1b, 0x63, 0x1b, 0x6b, 0x1c, 0x6b, 0x1c, 0x6b, 0x3c, 0x6b, 0x3c, 0x6b, 0x3c, 0x6b, 0x3c, 0x6b,
    0x3c, 0x6b, 0x3c, 0x6b, 0x1c, 0x6b, 0x1c, 0x6b, 0x1c, 0x6b, 0x1c, 0x6b, 0x1c, 0x6b, 0x1c, 0x6b,
    0x1c, 0x6b, 0x1c, 0x6b, 0x1c, 0x6b, 0x1c, 0x6b, 0x1c, 0x6b, 0x1c, 0x6b, 0x1b, 0x6b, 0x1b, 0x6b,
    0x1b, 0x6b, 0xfb, 0x6a, 0xfb, 0x6a, 0xfa, 0x6a, 0x9a, 0x62, 0xfd, 0xc5, 0xff, 0xff, 0xff, 0xff,
    0xff, 0xff, 0xff, 0xff, 0xff, 0xff, 0xff, 0xff, 0xff, 0xff, 0xff, 0xff, 0xff, 0xff, 0xff, 0xff,
    0x9c, 0x9c, 0x7a, 0x5a, 0xfa, 0x6a, 0xdb, 0x6a, 0xfb, 0x6a, 0xfb, 0x6a, 0xfc, 0x72, 0xfc, 0x72,
    0x1c, 0x73, 0x1c, 0x73, 0x1d, 0x73, 0x1d, 0x73, 0x1d, 0x73, 0x1d, 0x73, 0x1d, 0x7b, 0x1d, 0x7b,
    0x1d, 0x7b, 0x1d, 0x7b, 0x1d, 0x7b, 0x1d, 0x7b, 0x1d, 0x7b, 0x1d, 0x7b, 0x1d, 0x7b, 0x1d, 0x7b,
    0x1d, 0x7b, 0x1d, 0x7b, 0x1e, 0x7b, 0x1e, 0x7b, 0x1e, 0x7b, 0x1e, 0x7b, 0x1e, 0x7b, 0x1e, 0x7b,
    0x1e, 0x7b, 0x1e, 0x7b, 0x1e, 0x7b, 0x1e, 0x7b, 0x1e, 0x7b, 0x1e, 0x7b, 0x1e, 0x7b, 0x1e, 0x7b,
    0x1e, 0x7b, 0x1e, 0x7b, 0x1e, 0x7b, 0x1e, 0x7b, 0x1e, 0x7b, 0x1e, 0x83, 0x1e, 0x7b, 0x1e, 0x7b,
    0x1e, 0x83, 0x1e, 0x83, 0x1e, 0x83, 0x1e, 0x83, 0x1e, 0x83, 0x1e, 0x83, 0x1e, 0x83, 0x1e, 0x83,
    0x1e, 0x83, 0x1e, 0x83, 0x1e, 0x83, 0x1e, 0x83, 0x1e, 0x83, 0x1e, 0x83, 0x1e, 0x83, 0x1e, 0x83,
    0xfe, 0x82, 0xfd, 0x82, 0xfc, 0x82, 0x1c, 0x83, 0x1c, 0x83, 0xfc, 0x82, 0xfd, 0x82, 0xfe, 0x82,
    0x9e, 0x5b, 0x9e, 0x5b, 0x9d, 0x5b, 0x9d, 0x63, 0x9d, 0x63, 0x9d, 0x63, 0x9d, 0x5b, 0x9e, 0x63,
    0x9f, 0x63, 0x9f, 0x63, 0x9f, 0x63, 0x9f, 0x63, 0x9f, 0x63, 0x9f, 0x63, 0x9f, 0x63, 0x9e, 0x63,
    0x9e, 0x63, 0x9e, 0x63, 0x9e, 0x63, 0x9e, 0x63, 0x9e, 0x63, 0x9e, 0x63, 0x9e, 0x63, 0x9e, 0x63,
    0x9e, 0x63, 0x9e, 0x63, 0x9e, 0x63, 0x9e, 0x63, 0x9e, 0x63, 0x9e, 0x63, 0x7e, 0x63, 0x7e, 0x63,
    0x7e, 0x63, 0x7e, 0x63, 0x7e, 0x63, 0x7e, 0x63, 0x7e, 0x63, 0x7e, 0x63, 0x7e, 0x63, 0x7e, 0x63,
    0x7e, 0x63, 0x7e, 0x63, 0x7e, 0x63, 0x7e, 0x63, 0x7e, 0x63, 0x7e, 0x63, 0x7e, 0x63, 0x7e, 0x63,
    0x7e, 0x63, 0x7e, 0x63, 0x7e, 0x63, 0x7e, 0x6b, 0x7e, 0x6b, 0x7e, 0x6b, 0x7e, 0x6b, 0x7e, 0x6b,
    0x7e, 0x6b, 0x7d, 0x6b, 0x5d, 0x6b, 0x5d, 0x6b, 0x5d, 0x6b, 0x5d, 0x6b, 0x5d, 0x6b, 0x5d, 0x63,
    0x3c, 0x63, 0x3c, 0x63, 0x3c, 0x63, 0x1b, 0x63, 0x1b, 0x63, 0x1b, 0x63, 0x1b, 0x63, 0x9a, 0x52,
    0x5d, 0xad, 0xff, 0xff, 0xff, 0xff, 0xff, 0xff, 0xff, 0xff, 0xff, 0xff, 0xff, 0xff, 0xff, 0xff,
    0xff, 0xff, 0xff, 0xff, 0xff, 0xff, 0x7e, 0xce, 0xfa, 0x62, 0xda, 0x62, 0x1b, 0x6b, 0x1b, 0x63,
    0x1b, 0x63, 0x1b, 0x6b, 0x1b, 0x6b, 0x1c, 0x6b, 0x1c, 0x6b, 0x1c, 0x6b, 0x1c, 0x6b, 0x1c, 0x6b,
    0x1c, 0x6b, 0x1c, 0x6b, 0x1c, 0x6b, 0x1c, 0x6b, 0x1c, 0x6b, 0x1c, 0x6b, 0x1c, 0x6b, 0x1c, 0x6b,
    0x1c, 0x6b, 0x1c, 0x6b, 0x1c, 0x6b, 0x1c, 0x6b, 0x1c, 0x6b, 0x1c, 0x6b, 0x1b, 0x6b, 0x1b, 0x6b,
    0xfb, 0x6a, 0x1b, 0x6b, 0xfb, 0x6a, 0x9a, 0x62, 0x5d, 0xb5, 0xff, 0xff, 0xff, 0xff, 0xff, 0xff,
    0xff, 0xff, 0xff, 0xff, 0xff, 0xff, 0xff, 0xff, 0xff, 0xff, 0xff, 0xff, 0xff, 0xff, 0x9e, 0xd6,
    0x7a, 0x62, 0xda, 0x6a, 0xdb, 0x6a, 0xfb, 0x6a, 0xfb, 0x6a, 0xfc, 0x6a, 0xfc, 0x72, 0xfc, 0x72,
    0x1c, 0x73, 0x1d, 0x73, 0x1d, 0x73, 0x1d, 0x73, 0x1d, 0x73, 0x1d, 0x73, 0x1d, 0x7b, 0x1d, 0x7b,
    0x1d, 0x7b, 0x1d, 0x7b, 0x1d, 0x7b, 0x1d, 0x7b, 0x1d, 0x7b, 0x1d, 0x7b, 0x1d, 0x7b, 0x1e, 0x7b,
    0x1e, 0x7b, 0x1e, 0x7b, 0x1e, 0x7b, 0x1e, 0x7b, 0x1e, 0x7b, 0x1e, 0x7b, 0x1e, 0x7b, 0x1e, 0x7b,
    0x1e, 0x7b, 0x1e, 0x7b, 0x1e, 0x7b, 0x1e, 0x7b, 0x1e, 0x7b, 0x1e, 0x7b, 0x1e, 0x7b, 0x1e, 0x7b,
    0x1e, 0x7b, 0x1e, 0x7b, 0x1e, 0x7b, 0x1e, 0x7b, 0x1e, 0x7b, 0x1e, 0x83, 0x1e, 0x83, 0x1e, 0x83,
    0x1e, 0x83, 0x1e, 0x83, 0x1e, 0x83, 0x1e, 0x83, 0x1e, 0x83, 0x1e, 0x83, 0x1e, 0x83, 0x1e, 0x83,
    0x1e, 0x83, 0x1e, 0x83, 0x1e, 0x83, 0x1e, 0x83, 0x1e, 0x83, 0x1e, 0x83, 0x1e, 0x83, 0x1e, 0x83,
    0xfe, 0x82, 0xfd, 0x82, 0xfc, 0x82, 0x1c, 0x83, 0x1c, 0x83, 0xfc, 0x82, 0xfd, 0x82, 0xfe, 0x82,
    0x9e, 0x5b, 0x9e, 0x5b, 0x9d, 0x5b, 0x9d, 0x63, 0x9d, 0x63, 0x9d, 0x63, 0x9e, 0x5b, 0x9e, 0x63,
    0x9f, 0x63, 0x9f, 0x63, 0x9f, 0x63, 0x9f, 0x63, 0x9f, 0x63, 0x9f, 0x63, 0x9f, 0x63, 0x9f, 0x63,
    0x9f, 0x63, 0x9e, 0x63, 0x9e, 0x63, 0x9e, 0x63, 0x9e, 0x63, 0x9e, 0x63, 0x9e, 0x63, 0x9e, 0x63,
    0x9e, 0x63, 0x9e, 0x63, 0x9e, 0x63, 0x9e, 0x63, 0x9e, 0x63, 0x7e, 0x63, 0x7e, 0x63, 0x7e, 0x63,
    0x7e, 0x63, 0x7e, 0x63, 0x7e, 0x63, 0x7e, 0x63, 0x7e, 0x63, 0x7e, 0x63, 0x7e, 0x63, 0x7e, 0x63,
    0x7e, 0x63, 0x7e, 0x63, 0x7e, 0x63, 0x7e, 0x63, 0x7e, 0x63, 0x7e, 0x6b, 0x7e, 0x6b, 0x7e, 0x6b,
    0x7e, 0x63, 0x7e, 0x63, 0x7e, 0x6b, 0x7e, 0x6b, 0x7e, 0x6b, 0x7e, 0x6b, 0x7e, 0x6b, 0x7e, 0x6b,
    0x7e, 0x6b, 0x7d, 0x6b, 0x5d, 0x6b, 0x5d, 0x6b, 0x5d, 0x6b, 0x5d, 0x6b, 0x5d, 0x6b, 0x5d, 0x6b,
    0x3d, 0x63, 0x3c, 0x63, 0x3c, 0x63, 0x1c, 0x63, 0x1b, 0x63, 0x1b, 0x63, 0x1b, 0x63, 0xfa, 0x62,
    0xfa, 0x5a, 0x3f, 0xef, 0xff, 0xff, 0xff, 0xff, 0xff, 0xff, 0xff, 0xff, 0xff, 0xff, 0xff, 0xff,
    0xff, 0xff, 0xff, 0xff, 0xff, 0xff, 0xff, 0xff, 0xfe, 0xde, 0x3b, 0x6b, 0xba, 0x5a, 0x1b, 0x6b,
    0x1b, 0x63, 0x1b, 0x6b, 0x1b, 0x6b, 0x1c, 0x6b, 0x1c, 0x6b, 0x1c, 0x6b, 0x1c, 0x6b, 0x1c, 0x6b,
    0x1c, 0x6b, 0x1c, 0x6b, 0x1c, 0x6b, 0x1c, 0x6b, 0x1c, 0x6b, 0x1c, 0x6b, 0x1c, 0x6b, 0x1c, 0x6b,
    0x1c, 0x6b, 0x1c, 0x6b, 0x1c, 0x6b, 0x1c, 0x6b, 0x1c, 0x6b, 0x1b, 0x6b, 0xfb, 0x6a, 0xfb, 0x6a,
    0x1b, 0x6b, 0xdb, 0x62, 0x9a, 0x62, 0xfd, 0xc5, 0xff, 0xff, 0xff, 0xff, 0xff, 0xff, 0xff, 0xff,
    0xff, 0xff, 0xff, 0xff, 0xff, 0xff, 0xff, 0xff, 0xff, 0xff, 0xff, 0xff, 0xff, 0xff, 0x9b, 0x7b,
    0x9a, 0x62, 0xda, 0x6a, 0xdb, 0x6a, 0xfb, 0x6a, 0xfb, 0x6a, 0xfc, 0x72, 0xfc, 0x72, 0xfc, 0x72,
    0x1d, 0x73, 0x1d, 0x73, 0x1d, 0x73, 0x1d, 0x73, 0x1d, 0x73, 0x1d, 0x7b, 0x3d, 0x7b, 0x1d, 0x7b,
    0x1d, 0x7b, 0x1d, 0x7b, 0x1d, 0x7b, 0x1d, 0x7b, 0x1e, 0x7b, 0x1e, 0x7b, 0x1e, 0x7b, 0x1e, 0x7b,
    0x1e, 0x7b, 0x1e, 0x7b, 0x1e, 0x7b, 0x1e, 0x7b, 0x1e, 0x7b, 0x1e, 0x7b, 0x1e, 0x7b, 0x1e, 0x7b,
    0x1e, 0x7b, 0x1e, 0x7b, 0x1e, 0x7b, 0x1e, 0x7b, 0x1e, 0x7b, 0x1e, 0x7b, 0x1e, 0x7b, 0x1e, 0x7b,
    0x1e, 0x7b, 0x1e, 0x7b, 0x1e, 0x7b, 0x1e, 0x7b, 0x1e, 0x83, 0x1e, 0x83, 0x1e, 0x83, 0x1e, 0x83,
    0x1e, 0x83, 0x1e, 0x83, 0x1e, 0x83, 0x1e, 0x83, 0x1e, 0x83, 0x1e, 0x83, 0x1e, 0x83, 0x1e, 0x83,
    0x1e, 0x83, 0x1e, 0x83, 0x1e, 0x83, 0x1e, 0x83, 0x1e, 0x83, 0x1e, 0x83, 0x1e, 0x83, 0xfe, 0x82,
    0xfe, 0x82, 0xfd, 0x82, 0xfc, 0x82, 0x1c, 0x83, 0x1c, 0x83, 0xfc, 0x82, 0xfd, 0x82, 0xfe, 0x82,
    0x9e, 0x5b, 0x9e, 0x5b, 0x9d, 0x63, 0x9d, 0x63, 0x9d, 0x63, 0x9d, 0x63, 0x9e, 0x5b, 0x9e, 0x63,
    0x9f, 0x63, 0x9f, 0x63, 0x9f, 0x63, 0x9f, 0x63, 0x9f, 0x63, 0x9f, 0x63, 0x9f, 0x63, 0x9f, 0x63,
    0x9f, 0x63, 0x9f, 0x63, 0x9f, 0x63, 0x9e, 0x63, 0x9e, 0x63, 0x9e, 0x63, 0x9e, 0x63, 0x9e, 0x63,
    0x9e, 0x63, 0x9e, 0x63, 0x9e, 0x63, 0x9e, 0x63, 0x7e, 0x63, 0x7e, 0x63, 0x7e, 0x63, 0x7e, 0x63,
    0x7e, 0x63, 0x7e, 0x63, 0x7e, 0x63, 0x7e, 0x63, 0x7e, 0x63, 0x7e, 0x63, 0x7e, 0x63, 0x7e, 0x63,
    0x7e, 0x63, 0x7e, 0x63, 0x7e, 0x63, 0x7e, 0x63, 0x7e, 0x6b, 0x7e, 0x6b, 0x7e, 0x6b, 0x7e, 0x6b,
    0x7e, 0x6b, 0x7e, 0x6b, 0x7e, 0x6b, 0x7e, 0x6b, 0x7e, 0x6b, 0x7e, 0x6b, 0x7e, 0x6b, 0x7e, 0x6b,
    0x5e, 0x6b, 0x5e, 0x6b, 0x5e, 0x6b, 0x5e, 0x6b, 0x5d, 0x6b, 0x5d, 0x6b, 0x5d, 0x6b, 0x5d, 0x6b,
    0x5d, 0x63, 0x3c, 0x63, 0x3c, 0x63, 0x1c, 0x63, 0x1c, 0x63, 0x1b, 0x63, 0x1b, 0x63, 0x1b, 0x63,
    0xba, 0x5a, 0x1b, 0x84, 0xff, 0xff, 0xff, 0xff, 0xff, 0xff, 0xff, 0xff, 0xff, 0xff, 0xff, 0xff,
    0xff, 0xff, 0xff, 0xff, 0xff, 0xff, 0xff, 0xff, 0xff, 0xff, 0x5f, 0xef, 0xfb, 0x83, 0x9a, 0x5a,
    0xfb, 0x62, 0x1b, 0x6b, 0x1b, 0x63, 0x1b, 0x6b, 0x1b, 0x6b, 0x1c, 0x6b, 0x1c, 0x6b, 0x1c, 0x6b,
    0x1c, 0x6b, 0x1c, 0x6b, 0x1c, 0x6b, 0x1c, 0x6b, 0x1c, 0x6b, 0x1c, 0x6b, 0x1c, 0x6b, 0x1c, 0x6b,
    0x1c, 0x6b, 0x1c, 0x6b, 0x1c, 0x6b, 0xfc, 0x6a, 0xfb, 0x6a, 0xfb, 0x6a, 0x1b, 0x6b, 0xfb, 0x6a,
    0x9a, 0x5a, 0x5b, 0x73, 0x9e, 0xd6, 0xff, 0xff, 0xff, 0xff, 0xff, 0xff, 0xff, 0xff, 0xff, 0xff,
    0xff, 0xff, 0xff, 0xff, 0xff, 0xff, 0xff, 0xff, 0xff, 0xff, 0xff, 0xff, 0x1c, 0xad, 0x7a, 0x5a,
    0xfa, 0x6a, 0xdb, 0x6a, 0xdb, 0x6a, 0xfb, 0x6a, 0xfc, 0x6a, 0xfc, 0x72, 0xfc, 0x72, 0x1d, 0x73,
    0x1d, 0x73, 0x1d, 0x73, 0x1d, 0x73, 0x1d, 0x7b, 0x1d, 0x7b, 0x1d, 0x7b, 0x1d, 0x7b, 0x1d, 0x7b,
    0x1d, 0x7b, 0x1e, 0x7b, 0x1e, 0x7b, 0x1e, 0x7b, 0x1e, 0x7b, 0x1e, 0x7b, 0x1e, 0x7b, 0x1e, 0x7b,
    0x1e, 0x7b, 0x1e, 0x7b, 0x1e, 0x7b, 0x1e, 0x7b, 0x1e, 0x7b, 0x1e, 0x7b, 0x1e, 0x7b, 0x1e, 0x7b,
    0x1e, 0x7b, 0x1e, 0x7b, 0x1e, 0x7b, 0x1e, 0x7b, 0x1e, 0x7b, 0x1e, 0x7b, 0x1e, 0x7b, 0x1e, 0x7b,
    0x1e, 0x7b, 0x1e, 0x7b, 0x1e, 0x83, 0x1e, 0x83, 0x1e, 0x83, 0x1e, 0x83, 0x1e, 0x83, 0x1e, 0x83,
    0x1e, 0x83, 0x1e, 0x83, 0x1e, 0x83, 0x1e, 0x83, 0x1e, 0x83, 0x1e, 0x83, 0x1e, 0x83, 0x1e, 0x83,
    0x1e, 0x83, 0x1e, 0x83, 0x1e, 0x83, 0x1e, 0x83, 0x1e, 0x83, 0x1e, 0x83, 0xfe, 0x82, 0xfe, 0x82,
    0xfe, 0x82, 0xfd, 0x82, 0xfc, 0x82, 0x1c, 0x83, 0x1c, 0x83, 0xfc, 0x82, 0xfd, 0x82, 0xfe, 0x82,
    0x9e, 0x63, 0x9e, 0x5b, 0x9d, 0x63, 0x9d, 0x63, 0x9d, 0x63, 0x9d, 0x63, 0x9e, 0x63, 0x9e, 0x63,
    0x9f, 0x63, 0x9f, 0x63, 0x9f, 0x63, 0x9f, 0x63, 0x9f, 0x63, 0x9f, 0x63, 0x9f, 0x63, 0x9f, 0x63,
    0x9f, 0x63, 0x9f, 0x63, 0x9f, 0x63, 0x9f, 0x63, 0x9f, 0x63, 0x9e, 0x63, 0x9e, 0x63, 0x9e, 0x63,
    0x9e, 0x63, 0x9e, 0x63, 0x9e, 0x63, 0x9e, 0x63, 0x7e, 0x63, 0x7e, 0x63, 0x7e, 0x63, 0x7e, 0x63,
    0x7e, 0x63, 0x7e, 0x63, 0x7e, 0x63, 0x7e, 0x63, 0x7e, 0x63, 0x7e, 0x63, 0x7e, 0x63, 0x7e, 0x63,
    0x7e, 0x63, 0x7e, 0x63, 0x7e, 0x63, 0x7e, 0x6b, 0x7e, 0x6b, 0x7e, 0x6b, 0x7e, 0x6b, 0x7e, 0x6b,
    0x7e, 0x6b, 0x7e, 0x6b, 0x7e, 0x6b, 0x7e, 0x6b, 0x7e, 0x6b, 0x7e, 0x6b, 0x7e, 0x6b, 0x7e, 0x6b,
    0x5e, 0x6b, 0x5e, 0x6b, 0x5e, 0x6b, 0x5e, 0x6b, 0x5e, 0x6b, 0x5d, 0x6b, 0x5d, 0x6b, 0x5d, 0x6b,
    0x5d, 0x6b, 0x3d, 0x6b, 0x3c, 0x63, 0x3c, 0x63, 0x1c, 0x63, 0x1b, 0x63, 0x1b, 0x63, 0xfb, 0x62,
    0x1b, 0x63, 0x9a, 0x52, 0x3c, 0xa5, 0xff, 0xff, 0xff, 0xff, 0xff, 0xff, 0xff, 0xff, 0xff, 0xff,
    0xff, 0xff, 0xff, 0xff, 0xff, 0xff, 0xff, 0xff, 0xff, 0xff, 0xff, 0xff, 0xff, 0xff, 0x7d, 0xb5,
    0xfb, 0x62, 0xba, 0x5a, 0xfb, 0x62, 0x1b, 0x6b, 0x1b, 0x6b, 0x1b, 0x6b, 0x1c, 0x6b, 0x1c, 0x6b,
    0x1c, 0x6b, 0x1c, 0x6b, 0x1c, 0x6b, 0x1c, 0x6b, 0x1c, 0x6b, 0x1c, 0x6b, 0x1c, 0x6b, 0x1c, 0x6b,
    0x1c, 0x6b, 0x1c, 0x6b, 0xfb, 0x6a, 0xfb, 0x6a, 0x1b, 0x6b, 0xfb, 0x6a, 0xbb, 0x62, 0xba, 0x62,
    0x9c, 0x9c, 0x7f, 0xf7, 0xff, 0xff, 0xff, 0xff, 0xff, 0xff, 0xff, 0xff, 0xff, 0xff, 0xff, 0xff,
    0xff, 0xff, 0xff, 0xff, 0xff, 0xff, 0xff, 0xff, 0xff, 0xff, 0x5e, 0xce, 0x7a, 0x5a, 0xda, 0x6a,
    0xdb, 0x6a, 0xdb, 0x6a, 0xfb, 0x6a, 0xfb, 0x6a, 0xfc, 0x72, 0xfc, 0x72, 0xfc, 0x72, 0x1d, 0x73,
    0x1d, 0x73, 0x1d, 0x73, 0x1d, 0x7b, 0x1d, 0x7b, 0x1d, 0x7b, 0x1d, 0x7b, 0x1e, 0x7b, 0x1e, 0x7b,
    0x1e, 0x7b, 0x1e, 0x7b, 0x1e, 0x7b, 0x1e, 0x7b, 0x1e, 0x7b, 0x1e, 0x7b, 0x1e, 0x7b, 0x1e, 0x7b,
    0x1e, 0x7b, 0x1e, 0x7b, 0x1e, 0x7b, 0x1e, 0x7b, 0x1e, 0x7b, 0x1e, 0x7b, 0x1e, 0x7b, 0x1e, 0x7b,
    0x1e, 0x7b, 0x1e, 0x7b, 0x1e, 0x7b, 0x1e, 0x7b, 0x1e, 0x7b, 0x1e, 0x7b, 0x1e, 0x7b, 0x1e, 0x7b,
    0x1e, 0x7b, 0x1e, 0x83, 0x1e, 0x83, 0x1e, 0x83, 0x1e, 0x83, 0x1e, 0x83, 0x1e, 0x83, 0x1e, 0x83,
    0x1e, 0x83, 0x1e, 0x83, 0x1e, 0x83, 0x1e, 0x83, 0x1e, 0x83, 0x1e, 0x83, 0x1e, 0x83, 0x1e, 0x83,
    0x1e, 0x83, 0x1e, 0x83, 0x1e, 0x83, 0x1e, 0x83, 0x1e, 0x83, 0xfe, 0x82, 0xfe, 0x82, 0xfe, 0x82,
    0xfe, 0x82, 0xfd, 0x82, 0xfc, 0x82, 0x1c, 0x83, 0x1c, 0x83, 0xfc, 0x82, 0xfd, 0x82, 0xfe, 0x82,
    0x9e, 0x63, 0x9e, 0x63, 0x9d, 0x63, 0xbd, 0x63, 0x9d, 0x63, 0x9d, 0x63, 0x7e, 0x63, 0x9e, 0x63,
    0x9f, 0x63, 0x9f, 0x63, 0x9f, 0x63, 0x9f, 0x63, 0x9f, 0x63, 0x9f, 0x63, 0x9f, 0x63, 0x9f, 0x63,
    0x9f, 0x63, 0x9f, 0x63, 0x9f, 0x63, 0x9f, 0x63, 0x9f, 0x63, 0x9f, 0x63, 0x9f, 0x63, 0x9e, 0x63,
    0x9e, 0x63, 0x9e, 0x63, 0x7e, 0x63, 0x7e, 0x63, 0x7e, 0x63, 0x7e, 0x63, 0x7e, 0x63, 0x7e, 0x63,
    0x7e, 0x63, 0x7e, 0x63, 0x7e, 0x63, 0x7e, 0x63, 0x7e, 0x63, 0x7e, 0x63, 0x7e, 0x63, 0x7e, 0x63,
    0x7e, 0x63, 0x7e, 0x63, 0x7e, 0x6b, 0x7e, 0x6b, 0x7e, 0x6b, 0x7e, 0x6b, 0x7e, 0x6b, 0x7e, 0x6b,
    0x7e, 0x6b, 0x7e, 0x6b, 0x7e, 0x6b, 0x7e, 0x6b, 0x7e, 0x6b, 0x7e, 0x6b, 0x5e, 0x6b, 0x5e, 0x6b,
    0x5e, 0x6b, 0x5e, 0x6b, 0x5e, 0x6b, 0x5e, 0x6b, 0x5e, 0x6b, 0x5e, 0x6b, 0x5d, 0x6b, 0x5d, 0x6b,
    0x3d, 0x6b, 0x3d, 0x6b, 0x3c, 0x63, 0x3c, 0x63, 0x1c, 0x63, 0x1c, 0x63, 0x1b, 0x63, 0x1b, 0x63,
    0xfb, 0x62, 0xfa, 0x62, 0x9a, 0x5a, 0x1d, 0xc6, 0xff, 0xff, 0xff, 0xff, 0xff, 0xff, 0xff, 0xff,
    0xff, 0xff, 0xff, 0xff, 0xff, 0xff, 0xff, 0xff, 0xff, 0xff, 0xff, 0xff, 0xff, 0xff, 0xff, 0xff,
    0x1f, 0xe7, 0xdc, 0x9c, 0xfb, 0x62, 0xbb, 0x5a, 0xfb, 0x62, 0x1b, 0x6b, 0x1b, 0x6b, 0x1b, 0x6b,
    0x1b, 0x6b, 0x1c, 0x6b, 0x1c, 0x6b, 0x1c, 0x6b, 0x1c, 0x6b, 0x1c, 0x6b, 0x1c, 0x6b, 0x1b, 0x6b,
    0x1b, 0x6b, 0x1b, 0x6b, 0x1b, 0x6b, 0xfb, 0x6a, 0x9b, 0x62, 0xbb, 0x62, 0x3c, 0x8c, 0x9e, 0xd6,
    0xff, 0xff, 0xff, 0xff, 0xff, 0xff, 0xff, 0xff, 0xff, 0xff, 0xff, 0xff, 0xff, 0xff, 0xff, 0xff,
    0xff, 0xff, 0xff, 0xff, 0xff, 0xff, 0xff, 0xff, 0x1e, 0xe7, 0xfa, 0x6a, 0xba, 0x62, 0xda, 0x6a,
    0xdb, 0x6a, 0xfb, 0x6a, 0xfb, 0x6a, 0xfc, 0x72, 0xfc, 0x72, 0xfc, 0x72, 0x1d, 0x73, 0x1d, 0x73,
    0x1d, 0x73, 0x1d, 0x7b, 0x1d, 0x7b, 0x1d, 0x7b, 0x1d, 0x7b, 0x1d, 0x7b, 0x1e, 0x7b, 0x1e, 0x7b,
    0x1e, 0x7b, 0x1e, 0x7b, 0x1e, 0x7b, 0x1e, 0x7b, 0x1e, 0x7b, 0x1e, 0x7b, 0x1e, 0x7b, 0x1e, 0x7b,
    0x1e, 0x7b, 0x1e, 0x7b, 0x1e, 0x7b, 0x1e, 0x7b, 0x1e, 0x7b, 0x1e, 0x7b, 0x1e, 0x7b, 0x1e, 0x7b,
    0x1e, 0x7b, 0x1e, 0x7b, 0x1e, 0x7b, 0x1e, 0x7b, 0x1e, 0x7b, 0x1e, 0x7b, 0x1e, 0x7b, 0x1e, 0x7b,
    0x1e, 0x83, 0x1e, 0x83, 0x1e, 0x83, 0x1e, 0x83, 0x1e, 0x83, 0x1e, 0x83, 0x1e, 0x83, 0x1e, 0x83,
    0x1e, 0x83, 0x1e, 0x83, 0x1e, 0x83, 0x1e, 0x83, 0x1e, 0x83, 0x1e, 0x83, 0x1e, 0x83, 0x1e, 0x83,
    0x1e, 0x83, 0x1e, 0x83, 0x1e, 0x83, 0x1e, 0x83, 0xfe, 0x82, 0xfe, 0x82, 0xfe, 0x82, 0xfe, 0x82,
    0xfe, 0x82, 0xfd, 0x82, 0xfc, 0x82, 0x1c, 0x83, 0x1c, 0x83, 0xfc, 0x82, 0xfd, 0x82, 0xfe, 0x82,
    0x9e, 0x63, 0x9e, 0x63, 0x9d, 0x63, 0xbd, 0x63, 0xbd, 0x63, 0x9d, 0x63, 0x7e, 0x63, 0x9e, 0x63,
    0x9f, 0x63, 0x9f, 0x63, 0x9f, 0x63, 0x9f, 0x63, 0x9f, 0x63, 0x9f, 0x63, 0x9f, 0x63, 0x9f, 0x63,
    0x9f, 0x63, 0x9f, 0x63, 0x9f, 0x63, 0x9f, 0x63, 0x9f, 0x63, 0x9f, 0x63, 0x9f, 0x63, 0x9f, 0x63,
    0x9f, 0x63, 0x7e, 0x63, 0x7e, 0x63, 0x7e, 0x63, 0x7e, 0x63, 0x7e, 0x63, 0x7e, 0x63, 0x7e, 0x63,
    0x7e, 0x63, 0x7e, 0x63, 0x7e, 0x63, 0x7e, 0x63, 0x7e, 0x63, 0x7e, 0x63, 0x7e, 0x63, 0x7e, 0x63,
    0x7e, 0x63, 0x7e, 0x6b, 0x7e, 0x6b, 0x7e, 0x6b, 0x7e, 0x6b, 0x7e, 0x6b, 0x7e, 0x6b, 0x7e, 0x6b,
    0x7e, 0x6b, 0x7e, 0x6b, 0x7e, 0x6b, 0x7e, 0x6b, 0x7e, 0x6b, 0x7e, 0x6b, 0x5e, 0x6b, 0x5e, 0x6b,
    0x5e, 0x6b, 0x5e, 0x6b, 0x5e, 0x6b, 0x5e, 0x6b, 0x5e, 0x6b, 0x5e, 0x6b, 0x5d, 0x6b, 0x5d, 0x6b,
    0x5d, 0x6b, 0x3d, 0x6b, 0x3d, 0x63, 0x3c, 0x63, 0x3c, 0x63, 0x1c, 0x63, 0x1c, 0x63, 0x1b, 0x63,
    0xfb, 0x62, 0xfb, 0x62, 0xda, 0x5a, 0xfa, 0x62, 0xfe, 0xde, 0xff, 0xff, 0xff, 0xff, 0xff, 0xff,
    0xff, 0xff, 0xff, 0xff, 0xff, 0xff, 0xff, 0xff, 0xff, 0xff, 0xff, 0xff, 0xff, 0xff, 0xff, 0xff,
    0xff, 0xff, 0xff, 0xff, 0x1f, 0xe7, 0xdd, 0xa4, 0x7b, 0x73, 0xbb, 0x62, 0x9b, 0x5a, 0xbb, 0x62,
    0xfb, 0x62, 0xfb, 0x6a, 0x1b, 0x6b, 0x1b, 0x6b, 0x1b, 0x6b, 0x1b, 0x6b, 0xfb, 0x6a, 0xfb, 0x62,
    0xbb, 0x62, 0x9b, 0x62, 0x9b, 0x62, 0x1b, 0x73, 0x5c, 0x94, 0x9e, 0xd6, 0xff, 0xff, 0xff, 0xff,
    0xff, 0xff, 0xff, 0xff, 0xff, 0xff, 0xff, 0xff, 0xff, 0xff, 0xff, 0xff, 0xff, 0xff, 0xff, 0xff,
    0xff, 0xff, 0xff, 0xff, 0xff, 0xff, 0xbf, 0xf7, 0x9b, 0x7b, 0x9a, 0x62, 0xfa, 0x6a, 0xdb, 0x6a,
    0xdb, 0x6a, 0xfb, 0x6a, 0xfc, 0x72, 0xfc, 0x72, 0xfc, 0x72, 0x1c, 0x73, 0x1d, 0x73, 0x1d, 0x73,
    0x1d, 0x73, 0x1d, 0x7b, 0x1d, 0x7b, 0x1e, 0x7b, 0x1e, 0x7b, 0x1e, 0x7b, 0x1e, 0x7b, 0x1e, 0x7b,
    0x1e, 0x7b, 0x1e, 0x7b, 0x1e, 0x7b, 0x1e, 0x7b, 0x1e, 0x7b, 0x1e, 0x7b, 0x1e, 0x7b, 0x1e, 0x7b,
    0x1e, 0x7b, 0x1e, 0x7b, 0x1e, 0x7b, 0x1e, 0x7b, 0x1e, 0x7b, 0x1e, 0x7b, 0x1e, 0x7b, 0x1e, 0x7b,
    0x1e, 0x7b, 0x1e, 0x7b, 0x1e, 0x7b, 0x1e, 0x7b, 0x1e, 0x7b, 0x1e, 0x7b, 0x1e, 0x7b, 0x1e, 0x83,
    0x1e, 0x83, 0x1e, 0x83, 0x1e, 0x83, 0x1e, 0x83, 0x1e, 0x83, 0x1e, 0x83, 0x1e, 0x83, 0x1e, 0x83,
    0x1e, 0x83, 0x1e, 0x83, 0x1e, 0x83, 0x1e, 0x83, 0x1e, 0x83, 0x1e, 0x83, 0x1e, 0x83, 0x1e, 0x83,
    0x1e, 0x83, 0x1e, 0x83, 0x1e, 0x83, 0xfe, 0x82, 0xfe, 0x82, 0xfe, 0x82, 0xfe, 0x82, 0xfe, 0x82,
    0xfe, 0x82, 0xfd, 0x82, 0xfc, 0x82, 0x1c, 0x83, 0x1c, 0x83, 0xfc, 0x82, 0xfd, 0x82, 0xfe, 0x82,
    0x9e, 0x63, 0x9e, 0x63, 0x9d, 0x63, 0xbd, 0x63, 0xbd, 0x63, 0x9d, 0x63, 0x9e, 0x63, 0x9e, 0x63,
    0x9f, 0x63, 0x9f, 0x63, 0x9f, 0x63, 0x9f, 0x63, 0x9f, 0x63, 0x9f, 0x63, 0x9f, 0x63, 0x9f, 0x63,
    0x9f, 0x63, 0x9f, 0x63, 0x9f, 0x63, 0x9f, 0x63, 0x9f, 0x63, 0x9f, 0x63, 0x9f, 0x63, 0x9f, 0x63,
    0x9f, 0x63, 0x9f, 0x63, 0x9f, 0x63, 0x9f, 0x63, 0x7e, 0x63, 0x7e, 0x63, 0x7e, 0x63, 0x7e, 0x63,
    0x7e, 0x63, 0x7e, 0x63, 0x7e, 0x63, 0x7e, 0x63, 0x7e, 0x63, 0x7e, 0x63, 0x7e, 0x63, 0x7e, 0x63,
    0x7e, 0x6b, 0x7e, 0x6b, 0x7e, 0x6b, 0x7e, 0x6b, 0x7e, 0x6b, 0x7e, 0x6b, 0x7e, 0x6b, 0x7e, 0x6b,
    0x7e, 0x6b, 0x7e, 0x6b, 0x7e, 0x6b, 0x7e, 0x6b, 0x7e, 0x6b, 0x7e, 0x6b, 0x7e, 0x6b, 0x7e, 0x6b,
    0x7e, 0x6b, 0x7e, 0x6b, 0x7e, 0x6b, 0x5e, 0x6b, 0x5e, 0x6b, 0x5e, 0x6b, 0x5e, 0x6b, 0x5d, 0x6b,
    0x5d, 0x6b, 0x3d, 0x6b, 0x3d, 0x6b, 0x3d, 0x6b, 0x3c, 0x63, 0x3c, 0x63, 0x1c, 0x63, 0x1b, 0x63,
    0xfb, 0x62, 0xfb, 0x62, 0xfb, 0x62, 0xda, 0x5a, 0x1a, 0x63, 0xfe, 0xde, 0xff, 0xff, 0xff, 0xff,
    0xff, 0xff, 0xff, 0xff, 0xff, 0xff, 0xff, 0xff, 0xff, 0xff, 0xff, 0xff, 0xff, 0xff, 0xff, 0xff,
    0xff, 0xff, 0xff, 0xff, 0xff, 0xff, 0xff, 0xff, 0xbf, 0xf7, 0x7e, 0xce, 0x1d, 0xad, 0x3c, 0x8c,
    0x5b, 0x73, 0x1b, 0x6b, 0xbb, 0x62, 0xbb, 0x62, 0xbb, 0x62, 0xbb, 0x62, 0xfb, 0x6a, 0x3b, 0x73,
    0xfc, 0x83, 0xbd, 0x9c, 0x1e, 0xc6, 0x7f, 0xef, 0xff, 0xff, 0xff, 0xff, 0xff, 0xff, 0xff, 0xff,
    0xff, 0xff, 0xff, 0xff, 0xff, 0xff, 0xff, 0xff, 0xff, 0xff, 0xff, 0xff, 0xff, 0xff, 0xff, 0xff,
    0xff, 0xff, 0xff, 0xff, 0xbf, 0xf7, 0xbb, 0x83, 0x7a, 0x62, 0xfa, 0x6a, 0xdb, 0x6a, 0xdb, 0x6a,
    0xfb, 0x6a, 0xfb, 0x72, 0xfc, 0x72, 0xfc, 0x72, 0x1c, 0x73, 0x1d, 0x73, 0x1d, 0x73, 0x1d, 0x73,
    0x1d, 0x73, 0x1d, 0x7b, 0x1e, 0x7b, 0x1e, 0x7b, 0x1d, 0x7b, 0x1e, 0x7b, 0x1e, 0x7b, 0x1e, 0x7b,
    0x1e, 0x7b, 0x1e, 0x7b, 0x1e, 0x7b, 0x1e, 0x7b, 0x1e, 0x7b, 0x1e, 0x7b, 0x1e, 0x7b, 0x1e, 0x7b,
    0x1e, 0x7b, 0x1e, 0x7b, 0x1e, 0x7b, 0x1e, 0x7b, 0x1e, 0x7b, 0x1e, 0x7b, 0x1e, 0x7b, 0x1e, 0x7b,
    0x1e, 0x7b, 0x1e, 0x7b, 0x1e, 0x7b, 0x1e, 0x7b, 0x1e, 0x7b, 0x1e, 0x7b, 0x1e, 0x83, 0x1e, 0x83,
    0x1e, 0x83, 0x1e, 0x83, 0x1e, 0x83, 0x1e, 0x83, 0x1e, 0x83, 0x1e, 0x83, 0x1e, 0x83, 0x1e, 0x83,
    0x1e, 0x83, 0x1e, 0x83, 0x1e, 0x83, 0x1e, 0x83, 0x1e, 0x83, 0x1e, 0x83, 0x1e, 0x83, 0x1e, 0x83,
    0x1e, 0x83, 0x1e, 0x83, 0xfe, 0x82, 0xfe, 0x82, 0xfe, 0x82, 0xfe, 0x82, 0xfe, 0x82, 0xfe, 0x82,
    0xfe, 0x82, 0xfd, 0x82, 0xfc, 0x82, 0x1c, 0x83, 0x1c, 0x83, 0xfc, 0x82, 0xfd, 0x82, 0xfe, 0x82,
    0x9e, 0x63, 0x9e, 0x63, 0x9d, 0x63, 0xbd, 0x63, 0x9d, 0x63, 0x9d, 0x63, 0x9e, 0x63, 0x9e, 0x63,
    0x9f, 0x63, 0x9f, 0x63, 0x9f, 0x63, 0x9f, 0x63, 0x9f, 0x63, 0x9f, 0x63, 0x9f, 0x63, 0x9f, 0x63,
    0x9f, 0x63, 0x9f, 0x63, 0x9f, 0x63, 0x9f, 0x63, 0x9f, 0x63, 0x9f, 0x63, 0x9f, 0x63, 0x9f, 0x63,
    0x9f, 0x63, 0x9f, 0x63, 0x9f, 0x63, 0x9f, 0x63, 0x9f, 0x63, 0x9f, 0x63, 0x7e, 0x63, 0x7e, 0x63,
    0x7e, 0x63, 0x7e, 0x6b, 0x7e, 0x6b, 0x7e, 0x6b, 0x7e, 0x6b, 0x7e, 0x63, 0x7e, 0x63, 0x7e, 0x6b,
    0x7e, 0x6b, 0x7e, 0x6b, 0x7e, 0x6b, 0x7e, 0x6b, 0x7e, 0x6b, 0x7e, 0x6b, 0x7e, 0x6b, 0x7e, 0x6b,
    0x7e, 0x6b, 0x7e, 0x6b, 0x7e, 0x6b, 0x7e, 0x6b, 0x7e, 0x6b, 0x7e, 0x6b, 0x7e, 0x6b, 0x7e, 0x6b,
    0x7e, 0x6b, 0x7e, 0x6b, 0x7e, 0x6b, 0x7e, 0x6b, 0x7e, 0x6b, 0x5e, 0x6b, 0x5e, 0x6b, 0x5e, 0x6b,
    0x5d, 0x6b, 0x5d, 0x6b, 0x3d, 0x6b, 0x3d, 0x6b, 0x3d, 0x6b, 0x3c, 0x63, 0x1c, 0x63, 0x1c, 0x63,
    0x1b, 0x63, 0xfb, 0x62, 0xfb, 0x62, 0xfb, 0x62, 0xba, 0x5a, 0x1a, 0x63, 0xfe, 0xde, 0xff, 0xff,
    0xff, 0xff, 0xff, 0xff, 0xff, 0xff, 0xff, 0xff, 0xff, 0xff, 0xff, 0xff, 0xff, 0xff, 0xff, 0xff,
    0xff, 0xff, 0xff, 0xff, 0xff, 0xff, 0xff, 0xff, 0xff, 0xff, 0xff, 0xff, 0xff, 0xff, 0xff, 0xff,
    0xbf, 0xf7, 0x7f, 0xef, 0xbe, 0xd6, 0xbe, 0xde, 0xbe, 0xde, 0x9e, 0xd6, 0x3f, 0xe7, 0xbf, 0xf7,
    0xff, 0xff, 0xff, 0xff, 0xff, 0xff, 0xff, 0xff, 0xff, 0xff, 0xff, 0xff, 0xff, 0xff, 0xff, 0xff,
    0xff, 0xff, 0xff, 0xff, 0xff, 0xff, 0xff, 0xff, 0xff, 0xff, 0xff, 0xff, 0xff, 0xff, 0xff, 0xff,
    0xff, 0xff, 0xbf, 0xf7, 0xbb, 0x83, 0x7a, 0x5a, 0xfa, 0x6a, 0xdb, 0x6a, 0xdb, 0x6a, 0xfb, 0x6a,
    0xfb, 0x6a, 0xfc, 0x72, 0xfc, 0x72, 0xfc, 0x72, 0x1d, 0x73, 0x1d, 0x73, 0x1d, 0x73, 0x1d, 0x73,
    0x1d, 0x7b, 0x1d, 0x7b, 0x1e, 0x7b, 0x1e, 0x7b, 0x1e, 0x7b, 0x1e, 0x7b, 0x1e, 0x7b, 0x1e, 0x7b,
    0x1e, 0x7b, 0x1e, 0x7b, 0x1e, 0x7b, 0x1e, 0x7b, 0x1e, 0x7b, 0x1e, 0x7b, 0x1e, 0x7b, 0x1e, 0x7b,
    0x1e, 0x7b, 0x1e, 0x7b, 0x1e, 0x7b, 0x1e, 0x7b, 0x1e, 0x7b, 0x1e, 0x7b, 0x1e, 0x7b, 0x1e, 0x7b,
    0x1e, 0x7b, 0x1e, 0x7b, 0x1e, 0x7b, 0x1e, 0x7b, 0x1e, 0x7b, 0x1e, 0x83, 0x1e, 0x83, 0x1e, 0x83,
    0x1e, 0x83, 0x1e, 0x83, 0x1e, 0x83, 0x1e, 0x83, 0x1e, 0x83, 0x1e, 0x83, 0x1e, 0x83, 0x1e, 0x83,
    0x1e, 0x83, 0x1e, 0x83, 0x1e, 0x83, 0x1e, 0x83, 0x1e, 0x83, 0x1e, 0x83, 0x1e, 0x83, 0x1e, 0x83,
    0x1e, 0x83, 0xfe, 0x82, 0xfe, 0x82, 0xfe, 0x82, 0xfe, 0x82, 0x1e, 0x83, 0x1e, 0x83, 0x1e, 0x83,
    0xfe, 0x82, 0xfd, 0x82, 0xfc, 0x82, 0x1c, 0x83, 0x1c, 0x83, 0xfc, 0x82, 0xfd, 0x82, 0xfe, 0x82,
    0x9e, 0x63, 0x9e, 0x63, 0x9d, 0x63, 0x9d, 0x63, 0x9d, 0x63, 0x9d, 0x63, 0x9e, 0x63, 0x9e, 0x63,
    0x9f, 0x63, 0x9f, 0x63, 0x9f, 0x63, 0x9f, 0x63, 0x9f, 0x63, 0x9f, 0x63, 0x9f, 0x63, 0x9f, 0x63,
    0x9f, 0x63, 0x9f, 0x63, 0x9f, 0x63, 0x9f, 0x63, 0x9f, 0x63, 0x9f, 0x63, 0x9f, 0x63, 0x9f, 0x63,
    0x9f, 0x63, 0x9f, 0x63, 0x9f, 0x63, 0x9f, 0x63, 0x9f, 0x63, 0x9f, 0x63, 0x9e, 0x63, 0x7e, 0x63,
    0x7e, 0x63, 0x7e, 0x6b, 0x7e, 0x6b, 0x7e, 0x6b, 0x7e, 0x6b, 0x7e, 0x6b, 0x7e, 0x6b, 0x7e, 0x6b,
    0x7e, 0x6b, 0x7e, 0x6b, 0x7e, 0x6b, 0x7e, 0x6b, 0x7e, 0x6b, 0x7e, 0x6b, 0x7e, 0x6b, 0x7e, 0x6b,
    0x7e, 0x6b, 0x7e, 0x6b, 0x7e, 0x6b, 0x7e, 0x6b, 0x7e, 0x6b, 0x7e, 0x6b, 0x7e, 0x6b, 0x7e, 0x6b,
    0x7e, 0x6b, 0x7e, 0x6b, 0x7e, 0x6b, 0x5e, 0x6b, 0x5e, 0x6b, 0x5e, 0x6b, 0x5e, 0x6b, 0x5e, 0x6b,
    0x5e, 0x6b, 0x5d, 0x6b, 0x5d, 0x6b, 0x3d, 0x6b, 0x3d, 0x6b, 0x3c, 0x6b, 0x1c, 0x6b, 0x1c, 0x63,
    0x1c, 0x63, 0x1b, 0x63, 0xfb, 0x62, 0xfb, 0x62, 0xfb, 0x62, 0xba, 0x5a, 0x1a, 0x63, 0x5e, 0xce,
    0xff, 0xff, 0xff, 0xff, 0xff, 0xff, 0xff, 0xff, 0xff, 0xff, 0xff, 0xff, 0xff, 0xff, 0xff, 0xff,
    0xff, 0xff, 0xff, 0xff, 0xff, 0xff, 0xff, 0xff, 0xff, 0xff, 0xff, 0xff, 0xff, 0xff, 0xff, 0xff,
    0xff, 0xff, 0xff, 0xff, 0xff, 0xff, 0xff, 0xff, 0xff, 0xff, 0xff, 0xff, 0xff, 0xff, 0xff, 0xff,
    0xff, 0xff, 0xff, 0xff, 0xff, 0xff, 0xff, 0xff, 0xff, 0xff, 0xff, 0xff, 0xff, 0xff, 0xff, 0xff,
    0xff, 0xff, 0xff, 0xff, 0xff, 0xff, 0xff, 0xff, 0xff, 0xff, 0xff, 0xff, 0xff, 0xff, 0xff, 0xff,
    0xfe, 0xe6, 0x9b, 0x83, 0x7a, 0x62, 0xfa, 0x6a, 0xdb, 0x6a, 0xdb, 0x6a, 0xfb, 0x6a, 0xfb, 0x6a,
    0xfc, 0x72, 0xfc, 0x72, 0xfc, 0x72, 0x1d, 0x73, 0x1d, 0x73, 0x1d, 0x73, 0x1d, 0x73, 0x1d, 0x7b,
    0x1d, 0x7b, 0x1e, 0x7b, 0x1e, 0x7b, 0x1e, 0x7b, 0x1e, 0x7b, 0x1e, 0x7b, 0x1e, 0x7b, 0x1e, 0x7b,
    0x1e, 0x7b, 0x1e, 0x7b, 0x1e, 0x7b, 0x1e, 0x7b, 0x1e, 0x7b, 0x1e, 0x7b, 0x1e, 0x7b, 0x1e, 0x7b,
    0x1e, 0x7b, 0x1e, 0x7b, 0x1e, 0x7b, 0x1e, 0x7b, 0x1e, 0x7b, 0x1e, 0x7b, 0x1e, 0x7b, 0x1e, 0x7b,
    0x1e, 0x7b, 0x1e, 0x7b, 0x1e, 0x7b, 0x1e, 0x7b, 0x1e, 0x83, 0x1e, 0x83, 0x1e, 0x83, 0x1e, 0x83,
    0x1e, 0x83, 0x1e, 0x83, 0x1e, 0x83, 0x1e, 0x83, 0x1e, 0x83, 0x1e, 0x83, 0x1e, 0x83, 0x1e, 0x83,
    0x1e, 0x83, 0x1e, 0x83, 0x1e, 0x83, 0x1e, 0x83, 0x1e, 0x83, 0x1e, 0x83, 0x1e, 0x83, 0x1e, 0x83,
    0xfe, 0x82, 0xfe, 0x82, 0xfe, 0x82, 0x1e, 0x83, 0x1e, 0x83, 0x1e, 0x83, 0x1e, 0x83, 0x1e, 0x83,
    0xfe, 0x82, 0xfd, 0x82, 0xfc, 0x82, 0x1c, 0x83, 0x1c, 0x83, 0xfc, 0x82, 0xfd, 0x82, 0xfe, 0x82,
    0x9e, 0x63, 0x9e, 0x63, 0x9d, 0x63, 0x9d, 0x63, 0x9d, 0x63, 0x9d, 0x63, 0x9e, 0x63, 0x9e, 0x63,
    0x9f, 0x63, 0x9f, 0x63, 0x9f, 0x63, 0x9f, 0x63, 0x9f, 0x63, 0x9f, 0x63, 0x9f, 0x63, 0x9f, 0x63,
    0x9f, 0x63, 0x9f, 0x63, 0x9f, 0x63, 0x9f, 0x63, 0x9f, 0x63, 0x9f, 0x63, 0x9f, 0x63, 0x9f, 0x63,
    0x9f, 0x63, 0x9f, 0x63, 0x9f, 0x63, 0x9f, 0x63, 0x9f, 0x63, 0x9e, 0x63, 0x7e, 0x63, 0x7e, 0x6b,
    0x7e, 0x6b, 0x7e, 0x6b, 0x7e, 0x6b, 0x7e, 0x6b, 0x7e, 0x6b, 0x7e, 0x6b, 0x7e, 0x6b, 0x7e, 0x6b,
    0x7e, 0x6b, 0x7e, 0x6b, 0x7e, 0x6b, 0x7e, 0x6b, 0x7e, 0x6b, 0x7e, 0x6b, 0x7e, 0x6b, 0x7e, 0x6b,
    0x7e, 0x6b, 0x7e, 0x6b, 0x7e, 0x6b, 0x7e, 0x6b, 0x7e, 0x6b, 0x7e, 0x6b, 0x7e, 0x6b, 0x7e, 0x6b,
    0x7e, 0x6b, 0x7e, 0x6b, 0x7e, 0x6b, 0x5e, 0x6b, 0x5e, 0x6b, 0x5e, 0x6b, 0x5e, 0x6b, 0x5e, 0x6b,
    0x5e, 0x6b, 0x5e, 0x6b, 0x5d, 0x6b, 0x5d, 0x6b, 0x3d, 0x6b, 0x3d, 0x6b, 0x3c, 0x6b, 0x3c, 0x6b,
    0x1c, 0x63, 0x1c, 0x63, 0x1b, 0x63, 0xfb, 0x62, 0xfb, 0x62, 0xfb, 0x62, 0xda, 0x5a, 0x9a, 0x5a,
    0x7d, 0xad, 0xff, 0xff, 0xff, 0xff, 0xff, 0xff, 0xff, 0xff, 0xff, 0xff, 0xff, 0xff, 0xff, 0xff,
    0xff, 0xff, 0xff, 0xff, 0xff, 0xff, 0xff, 0xff, 0xff, 0xff, 0xff, 0xff, 0xff, 0xff, 0xff, 0xff,
    0xff, 0xff, 0xff, 0xff, 0xff, 0xff, 0xff, 0xff, 0xff, 0xff, 0xff, 0xff, 0xff, 0xff, 0xff, 0xff,
    0xff, 0xff, 0xff, 0xff, 0xff, 0xff, 0xff, 0xff, 0xff, 0xff, 0xff, 0xff, 0xff, 0xff, 0xff, 0xff,
    0xff, 0xff, 0xff, 0xff, 0xff, 0xff, 0xff, 0xff, 0xff, 0xff, 0xff, 0xff, 0xff, 0xff, 0x3e, 0xce,
    0xfa, 0x6a, 0x9a, 0x62, 0xfa, 0x6a, 0xdb, 0x6a, 0xdb, 0x6a, 0xfb, 0x6a, 0xfb, 0x6a, 0xfc, 0x72,
    0xfc, 0x72, 0xfc, 0x72, 0x1c, 0x73, 0x1d, 0x73, 0x1d, 0x73, 0x1d, 0x73, 0x1d, 0x7b, 0x1d, 0x7b,
    0x1e, 0x7b, 0x1e, 0x7b, 0x1e, 0x7b, 0x1e, 0x7b, 0x1e, 0x7b, 0x1e, 0x7b, 0x1e, 0x7b, 0x1e, 0x7b,
    0x1e, 0x7b, 0x1e, 0x7b, 0x1e, 0x7b, 0x1e, 0x7b, 0x1e, 0x7b, 0x1e, 0x7b, 0x1e, 0x7b, 0x1e, 0x7b,
    0x1e, 0x7b, 0x1e, 0x7b, 0x1e, 0x7b, 0x1e, 0x7b, 0x1e, 0x7b, 0x1e, 0x7b, 0x1e, 0x7b, 0x1e, 0x7b,
    0x1e, 0x7b, 0x1e, 0x7b, 0x1e, 0x7b, 0x1e, 0x83, 0x1e, 0x83, 0x1e, 0x83, 0x1e, 0x83, 0x1e, 0x83,
    0x1e, 0x83, 0x1e, 0x83, 0x1e, 0x83, 0x1e, 0x83, 0x1e, 0x83, 0x1e, 0x83, 0x1e, 0x83, 0x1e, 0x83,
    0x1e, 0x83, 0x1e, 0x83, 0x1e, 0x83, 0x1e, 0x83, 0x1e, 0x83, 0x1e, 0x83, 0x1e, 0x83, 0xfe, 0x82,
    0xfe, 0x82, 0x1e, 0x83, 0x1e, 0x83, 0x1e, 0x83, 0x1e, 0x83, 0x1e, 0x83, 0x1e, 0x83, 0x1e, 0x83,
    0xfe, 0x82, 0xfd, 0x82, 0xfc, 0x82, 0x1c, 0x83, 0x1c, 0x83, 0xfc, 0x82, 0xfd, 0x82, 0xfe, 0x82,
    0x9e, 0x63, 0x9e, 0x63, 0x9d, 0x63, 0x9d, 0x63, 0x9d, 0x63, 0x9d, 0x63, 0x9e, 0x63, 0x9e, 0x63,
    0x9f, 0x63, 0x9f, 0x63, 0x9f, 0x63, 0x9f, 0x63, 0x9f, 0x63, 0x9f, 0x63, 0x9f, 0x63, 0x9f, 0x63,
    0x9f, 0x63, 0x9f, 0x63, 0x9f, 0x63, 0x9f, 0x63, 0x9f, 0x63, 0x9f, 0x63, 0x9f, 0x63, 0x9f, 0x63,
    0x9f, 0x63, 0x9f, 0x63, 0x9f, 0x63, 0x9f, 0x63, 0x9e, 0x63, 0x9e, 0x63, 0x7e, 0x6b, 0x7e, 0x6b,
    0x7e, 0x6b, 0x7e, 0x6b, 0x7e, 0x6b, 0x7e, 0x6b, 0x7e, 0x6b, 0x7e, 0x6b, 0x7e, 0x6b, 0x7e, 0x6b,
    0x7e, 0x6b, 0x7e, 0x6b, 0x7e, 0x6b, 0x7e, 0x6b, 0x7e, 0x6b, 0x7e, 0x6b, 0x7e, 0x6b, 0x7e, 0x6b,
    0x7e, 0x6b, 0x7e, 0x6b, 0x7e, 0x6b, 0x7e, 0x6b, 0x7e, 0x6b, 0x7e, 0x6b, 0x7e, 0x6b, 0x7e, 0x6b,
    0x7e, 0x6b, 0x7e, 0x6b, 0x5e, 0x6b, 0x5e, 0x6b, 0x5e, 0x6b, 0x5e, 0x6b, 0x5e, 0x6b, 0x5e, 0x6b,
    0x5e, 0x6b, 0x5e, 0x6b, 0x5e, 0x6b, 0x5d, 0x6b, 0x3d, 0x6b, 0x3d, 0x6b, 0x3d, 0x6b, 0x3c, 0x6b,
    0x3c, 0x6b, 0x1c, 0x63, 0x1c, 0x63, 0x1b, 0x63, 0x1b, 0x63, 0xfb, 0x62, 0xfb, 0x62, 0xfa, 0x62,
    0x7a, 0x52, 0x3b, 0x8c, 0x7f, 0xef, 0xff, 0xff, 0xff, 0xff, 0xff, 0xff, 0xff, 0xff, 0xff, 0xff,
    0xff, 0xff, 0xff, 0xff, 0xff, 0xff, 0xff, 0xff, 0xff, 0xff, 0xff, 0xff, 0xff, 0xff, 0xff, 0xff,
    0xff, 0xff, 0xff, 0xff, 0xff, 0xff, 0xff, 0xff, 0xff, 0xff, 0xff, 0xff, 0xff, 0xff, 0xff, 0xff,
    0xff, 0xff, 0xff, 0xff, 0xff, 0xff, 0xff, 0xff, 0xff, 0xff, 0xff, 0xff, 0xff, 0xff, 0xff, 0xff,
    0xff, 0xff, 0xff, 0xff, 0xff, 0xff, 0xff, 0xff, 0xff, 0xff, 0xff, 0xff, 0x1c, 0xad, 0x7a, 0x62,
    0xba, 0x62, 0xfa, 0x6a, 0xdb, 0x6a, 0xdb, 0x6a, 0xfb, 0x6a, 0xfb, 0x6a, 0xfc, 0x72, 0xfc, 0x72,
    0xfc, 0x72, 0x1c, 0x73, 0x1d, 0x73, 0x1d, 0x73, 0x1d, 0x73, 0x1d, 0x73, 0x1d, 0x7b, 0x1e, 0x7b,
    0x1e, 0x7b, 0x1e, 0x7b, 0x1e, 0x7b, 0x1e, 0x7b, 0x1e, 0x7b, 0x1e, 0x7b, 0x1e, 0x7b, 0x1e, 0x7b,
    0x1e, 0x7b, 0x1e, 0x7b, 0x1e, 0x7b, 0x1e, 0x7b, 0x1e, 0x7b, 0x1e, 0x7b, 0x1e, 0x7b, 0x1e, 0x7b,
    0x1e, 0x7b, 0x1e, 0x7b, 0x1e, 0x7b, 0x1e, 0x7b, 0x1e, 0x7b, 0x1e, 0x7b, 0x1e, 0x7b, 0x1e, 0x7b,
    0x1e, 0x7b, 0x1e, 0x7b, 0x1e, 0x83, 0x1e, 0x83, 0x1e, 0x83, 0x1e, 0x83, 0x1e, 0x83, 0x1e, 0x83,
    0x1e, 0x83, 0x1e, 0x83, 0x1e, 0x83, 0x1e, 0x83, 0x1e, 0x83, 0x1e, 0x83, 0x1e, 0x83, 0x1e, 0x83,
    0x1e, 0x83, 0x1e, 0x83, 0x1e, 0x83, 0x1e, 0x83, 0x1e, 0x83, 0x1e, 0x83, 0xfe, 0x82, 0x1e, 0x83,
    0x1e, 0x83, 0x1e, 0x83, 0x1e, 0x83, 0x1e, 0x83, 0x1e, 0x83, 0x1e, 0x83, 0x1e, 0x83, 0xfe, 0x82,
    0xfe, 0x82, 0xfd, 0x82, 0xfc, 0x82, 0x1c, 0x83, 0x1c, 0x83, 0xfc, 0x82, 0xfd, 0x82, 0xfe, 0x82,
    0x9e, 0x63, 0x9e, 0x63, 0x9d, 0x63, 0x9d, 0x63, 0x9d, 0x63, 0x9d, 0x63, 0x9e, 0x63, 0x9e, 0x63,
    0x9f, 0x63, 0x9f, 0x63, 0x9f, 0x63, 0x9f, 0x63, 0x9f, 0x63, 0x9f, 0x63, 0x9f, 0x63, 0x9f, 0x63,
    0x9f, 0x63, 0x9f, 0x63, 0x9f, 0x63, 0x9f, 0x63, 0x9f, 0x63, 0x9f, 0x63, 0x9f, 0x63, 0x9f, 0x63,
    0x9f, 0x63, 0x9f, 0x63, 0x9f, 0x63, 0x9f, 0x63, 0x9f, 0x63, 0x7f, 0x6b, 0x7f, 0x6b, 0x7e, 0x6b,
    0x7e, 0x6b, 0x7e, 0x6b, 0x7e, 0x6b, 0x7e, 0x6b, 0x7e, 0x6b, 0x7e, 0x6b, 0x7e, 0x6b, 0x7e, 0x6b,
    0x7e, 0x6b, 0x7e, 0x6b, 0x7e, 0x6b, 0x7e, 0x6b, 0x7e, 0x6b, 0x7e, 0x6b, 0x7e, 0x6b, 0x7e, 0x6b,
    0x7e, 0x6b, 0x7e, 0x6b, 0x7e, 0x6b, 0x7e, 0x6b, 0x7e, 0x6b, 0x7e, 0x6b, 0x7e, 0x6b, 0x7e, 0x6b,
    0x7e, 0x6b, 0x5e, 0x6b, 0x5e, 0x6b, 0x5e, 0x6b, 0x5e, 0x6b, 0x5e, 0x6b, 0x5e, 0x6b, 0x5e, 0x6b,
    0x5e, 0x6b, 0x5e, 0x6b, 0x5e, 0x6b, 0x5d, 0x6b, 0x5d, 0x6b, 0x3d, 0x6b, 0x3d, 0x6b, 0x3d, 0x6b,
    0x3c, 0x6b, 0x3c, 0x6b, 0x1c, 0x63, 0x1c, 0x63, 0x1b, 0x63, 0xfb, 0x62, 0xfb, 0x62, 0xfb, 0x62,
    0xfa, 0x62, 0x9a, 0x5a, 0x1a, 0x6b, 0xbd, 0xbd, 0xff, 0xff, 0xff, 0xff, 0xff, 0xff, 0xff, 0xff,
    0xff, 0xff, 0xff, 0xff, 0xff, 0xff, 0xff, 0xff, 0xff, 0xff, 0xff, 0xff, 0xff, 0xff, 0xff, 0xff,
    0xff, 0xff, 0xff, 0xff, 0xff, 0xff, 0xff, 0xff, 0xff, 0xff, 0xff, 0xff, 0xff, 0xff, 0xff, 0xff,
    0xff, 0xff, 0xff, 0xff, 0xff, 0xff, 0xff, 0xff, 0xff, 0xff, 0xff, 0xff, 0xff, 0xff, 0xff, 0xff,
    0xff, 0xff, 0xff, 0xff, 0xff, 0xff, 0xff, 0xff, 0x7e, 0xd6, 0x9b, 0x7b, 0x7a, 0x5a, 0xda, 0x6a,
    0xda, 0x6a, 0xdb, 0x6a, 0xdb, 0x6a, 0xfb, 0x6a, 0xfb, 0x6a, 0xfc, 0x72, 0xfc, 0x72, 0xfc, 0x72,
    0xfd, 0x72, 0x1d, 0x73, 0x1d, 0x73, 0x1d, 0x73, 0x1d, 0x73, 0x1d, 0x7b, 0x1e, 0x7b, 0x1e, 0x7b,
    0x1e, 0x7b, 0x1e, 0x7b, 0x1e, 0x7b, 0x1e, 0x7b, 0x1e, 0x7b, 0x1e, 0x7b, 0x1e, 0x7b, 0x1e, 0x7b,
    0x1e, 0x7b, 0x1e, 0x7b, 0x1e, 0x7b, 0x1e, 0x7b, 0x1e, 0x7b, 0x1e, 0x7b, 0x1e, 0x7b, 0x1e, 0x7b,
    0x1e, 0x7b, 0x1e, 0x7b, 0x1e, 0x7b, 0x1e, 0x7b, 0x1e, 0x7b, 0x1e, 0x7b, 0x1e, 0x7b, 0x1e, 0x7b,
    0x1e, 0x7b, 0x1e, 0x83, 0x1e, 0x83, 0x1e, 0x83, 0x1e, 0x83, 0x1e, 0x83, 0x1e, 0x83, 0x1e, 0x83,
    0x1e, 0x83, 0x1e, 0x83, 0x1e, 0x83, 0x1e, 0x83, 0x1e, 0x83, 0x1e, 0x83, 0x1e, 0x83, 0x1e, 0x83,
    0x1e, 0x83, 0x1e, 0x83, 0x1e, 0x83, 0x1e, 0x83, 0x1e, 0x83, 0x1e, 0x83, 0x1e, 0x83, 0x1e, 0x83,
    0x1e, 0x83, 0x1e, 0x83, 0x1e, 0x83, 0x1e, 0x83, 0x1e, 0x83, 0x1e, 0x83, 0xfe, 0x82, 0xfe, 0x82,
    0xfe, 0x82, 0xfd, 0x82, 0xfc, 0x82, 0x1c, 0x83, 0x1c, 0x83, 0xfc, 0x82, 0xfd, 0x82, 0xfe, 0x82,
    0x9f, 0x63, 0x9e, 0x63, 0x9d, 0x63, 0x9d, 0x63, 0x9d, 0x63, 0x9d, 0x63, 0x9e, 0x63, 0x9e, 0x63,
    0x9f, 0x63, 0x9f, 0x63, 0x9f, 0x63, 0x9f, 0x63, 0x9f, 0x63, 0x9f, 0x63, 0x9f, 0x63, 0x9f, 0x63,
    0x9f, 0x63, 0x9f, 0x63, 0x9f, 0x63, 0x9f, 0x63, 0x9f, 0x63, 0x9f, 0x63, 0x9f, 0x63, 0x9f, 0x63,
    0x9f, 0x63, 0x9f, 0x63, 0x9f, 0x63, 0x9f, 0x63, 0x7f, 0x6b, 0x7f, 0x6b, 0x7f, 0x6b, 0x7f, 0x6b,
    0x7f, 0x6b, 0x7e, 0x6b, 0x7e, 0x6b, 0x7e, 0x6b, 0x7e, 0x6b, 0x7e, 0x6b, 0x7e, 0x6b, 0x7e, 0x6b,
    0x7e, 0x6b, 0x7e, 0x6b, 0x7e, 0x6b, 0x7e, 0x6b, 0x7e, 0x6b, 0x7e, 0x6b, 0x7e, 0x6b, 0x7e, 0x6b,
    0x7e, 0x6b, 0x7e, 0x6b, 0x7e, 0x6b, 0x7e, 0x6b, 0x7e, 0x6b, 0x7e, 0x6b, 0x7e, 0x6b, 0x7e, 0x6b,
    0x5e, 0x6b, 0x5e, 0x6b, 0x5e, 0x6b, 0x5e, 0x6b, 0x5e, 0x6b, 0x5e, 0x6b, 0x5e, 0x6b, 0x5e, 0x6b,
    0x5e, 0x6b, 0x5e, 0x6b, 0x5e, 0x6b, 0x5e, 0x6b, 0x5d, 0x6b, 0x3d, 0x6b, 0x3d, 0x6b, 0x3d, 0x6b,
    0x3d, 0x6b, 0x3c, 0x6b, 0x3c, 0x6b, 0x1c, 0x6b, 0x1c, 0x6b, 0x1b, 0x63, 0xfb, 0x62, 0xfb, 0x62,
    0xfb, 0x62, 0xfb, 0x62, 0xda, 0x62, 0x7a, 0x52, 0xdb, 0x83, 0x9e, 0xd6, 0xff, 0xff, 0xff, 0xff,
    0xff, 0xff, 0xff, 0xff, 0xff, 0xff, 0xff, 0xff, 0xff, 0xff, 0xff, 0xff, 0xff, 0xff, 0xff, 0xff,
    0xff, 0xff, 0xff, 0xff, 0xff, 0xff, 0xff, 0xff, 0xff, 0xff, 0xff, 0xff, 0xff, 0xff, 0xff, 0xff,
    0xff, 0xff, 0xff, 0xff, 0xff, 0xff, 0xff, 0xff, 0xff, 0xff, 0xff, 0xff, 0xff, 0xff, 0xff, 0xff,
    0xff, 0xff, 0xff, 0xff, 0x1e, 0xe7, 0x7c, 0x9c, 0x7a, 0x62, 0x9a, 0x62, 0xda, 0x6a, 0xdb, 0x6a,
    0xdb, 0x6a, 0xdb, 0x6a, 0xfb, 0x6a, 0xfc, 0x6a, 0xfc, 0x72, 0xfc, 0x72, 0xfc, 0x72, 0xfd, 0x72,
    0x1d, 0x73, 0x1d, 0x73, 0x1d, 0x73, 0x1d, 0x7b, 0x1d, 0x7b, 0x1e, 0x7b, 0x1e, 0x7b, 0x1e, 0x7b,
    0x1e, 0x7b, 0x1e, 0x7b, 0x1e, 0x7b, 0x1e, 0x7b, 0x1e, 0x7b, 0x1e, 0x7b, 0x1e, 0x7b, 0x1e, 0x7b,
    0x1e, 0x7b, 0x1e, 0x7b, 0x1e, 0x7b, 0x1e, 0x7b, 0x1e, 0x7b, 0x1e, 0x7b, 0x1e, 0x7b, 0x1e, 0x7b,
    0x1e, 0x7b, 0x1e, 0x7b, 0x1e, 0x7b, 0x1e, 0x7b, 0x1e, 0x7b, 0x1e, 0x83, 0x1e, 0x83, 0x1e, 0x83,
    0x1e, 0x83, 0x1e, 0x83, 0x1e, 0x83, 0x1e, 0x83, 0x1e, 0x83, 0x1e, 0x83, 0x1e, 0x83, 0x1e, 0x83,
    0x1e, 0x83, 0x1e, 0x83, 0x1e, 0x83, 0x1e, 0x83, 0x1e, 0x83, 0x1e, 0x83, 0x1e, 0x83, 0x1e, 0x83,
    0x1e, 0x83, 0x1e, 0x83, 0x1e, 0x83, 0x1e, 0x83, 0x1e, 0x83, 0x1e, 0x83, 0x1e, 0x83, 0x1e, 0x83,
    0x1e, 0x83, 0x1e, 0x83, 0x1e, 0x83, 0x1e, 0x83, 0x1e, 0x83, 0xfe, 0x82, 0xfe, 0x82, 0xfe, 0x82,
    0xfe, 0x82, 0xfd, 0x82, 0xfc, 0x82, 0x1c, 0x83, 0x1c, 0x83, 0xfc, 0x82, 0xfd, 0x82, 0xfe, 0x82,
    0x9f, 0x63, 0x9e, 0x63, 0x9d, 0x63, 0x9d, 0x63, 0x9d, 0x63, 0x9d, 0x63, 0x9e, 0x63, 0x9e, 0x63,
    0x9f, 0x63, 0x9f, 0x63, 0x9f, 0x63, 0x9f, 0x63, 0x9f, 0x63, 0x9f, 0x63, 0x9f, 0x63, 0x9f, 0x63,
    0x9f, 0x63, 0x9f, 0x63, 0x9f, 0x63, 0x9f, 0x63, 0x9f, 0x63, 0x9f, 0x63, 0x9f, 0x6b, 0x9f, 0x6b,
    0x9f, 0x63, 0x9f, 0x63, 0x7f, 0x63, 0x7f, 0x6b, 0x7f, 0x6b, 0x7f, 0x6b, 0x7f, 0x6b, 0x7f, 0x6b,
    0x7f, 0x6b, 0x7f, 0x6b, 0x7f, 0x6b, 0x7f, 0x6b, 0x7e, 0x6b, 0x7e, 0x6b, 0x7e, 0x6b, 0x7e, 0x6b,
    0x7e, 0x6b, 0x7e, 0x6b, 0x7e, 0x6b, 0x7e, 0x6b, 0x7e, 0x6b, 0x7e, 0x6b, 0x7e, 0x6b, 0x7e, 0x6b,
    0x7e, 0x6b, 0x7e, 0x6b, 0x7e, 0x6b, 0x7e, 0x6b, 0x7e, 0x6b, 0x7e, 0x6b, 0x7e, 0x6b, 0x5e, 0x6b,
    0x5e, 0x6b, 0x5e, 0x6b, 0x5e, 0x6b, 0x5e, 0x6b, 0x5e, 0x6b, 0x5e, 0x6b, 0x5e, 0x6b, 0x5e, 0x6b,
    0x5e, 0x6b, 0x5e, 0x6b, 0x5e, 0x6b, 0x5e, 0x6b, 0x5e, 0x6b, 0x5e, 0x6b, 0x5d, 0x6b, 0x3d, 0x6b,
    0x3d, 0x6b, 0x3d, 0x6b, 0x3d, 0x6b, 0x1c, 0x6b, 0x1c, 0x6b, 0x1c, 0x6b, 0x1b, 0x63, 0xfb, 0x62,
    0xfb, 0x62, 0xfb, 0x62, 0xfb, 0x62, 0xfa, 0x62, 0x9a, 0x5a, 0x9a, 0x5a, 0x1b, 0x8c, 0x1d, 0xc6,
    0xbf, 0xf7, 0xff, 0xff, 0xff, 0xff, 0xff, 0xff, 0xff, 0xff, 0xff, 0xff, 0xff, 0xff, 0xff, 0xff,
    0xff, 0xff, 0xff, 0xff, 0xff, 0xff, 0xff, 0xff, 0xff, 0xff, 0xff, 0xff, 0xff, 0xff, 0xff, 0xff,
    0xff, 0xff, 0xff, 0xff, 0xff, 0xff, 0xff, 0xff, 0xff, 0xff, 0xff, 0xff, 0xff, 0xff, 0xff, 0xff,
    0x9e, 0xd6, 0x9c, 0x9c, 0xda, 0x6a, 0x7a, 0x5a, 0xda, 0x6a, 0xda, 0x6a, 0xdb, 0x6a, 0xdb, 0x6a,
    0xdb, 0x6a, 0xfb, 0x6a, 0xfc, 0x6a, 0xfc, 0x72, 0xfc, 0x72, 0xfc, 0x72, 0xfd, 0x72, 0x1d, 0x73,
    0x1d, 0x73, 0x1d, 0x73, 0x1d, 0x73, 0x1d, 0x7b, 0x1e, 0x7b, 0x1e, 0x7b, 0x1e, 0x7b, 0x1e, 0x7b,
    0x1e, 0x7b, 0x1e, 0x7b, 0x1e, 0x7b, 0x1e, 0x7b, 0x1e, 0x7b, 0x1e, 0x7b, 0x1e, 0x7b, 0x1e, 0x7b,
    0x1e, 0x7b, 0x1e, 0x7b, 0x1e, 0x7b, 0x1e, 0x7b, 0x1e, 0x7b, 0x1e, 0x7b, 0x1e, 0x7b, 0x1e, 0x7b,
    0x1e, 0x7b, 0x1e, 0x7b, 0x1e, 0x83, 0x1e, 0x83, 0x1e, 0x83, 0x1e, 0x83, 0x1e, 0x83, 0x1e, 0x83,
    0x1e, 0x83, 0x1e, 0x83, 0x1e, 0x83, 0x1e, 0x83, 0x1e, 0x83, 0x1e, 0x83, 0x1e, 0x83, 0x1e, 0x83,
    0x1e, 0x83, 0x1e, 0x83, 0x1e, 0x83, 0x1e, 0x83, 0x1e, 0x83, 0x1e, 0x83, 0x1e, 0x83, 0x1e, 0x83,
    0x1e, 0x83, 0x1e, 0x83, 0x1e, 0x83, 0x1e, 0x83, 0x1e, 0x83, 0x1e, 0x83, 0x1e, 0x83, 0x1e, 0x83,
    0x1e, 0x83, 0x1e, 0x83, 0x1e, 0x83, 0x1e, 0x83, 0xfe, 0x82, 0xfe, 0x82, 0xfe, 0x82, 0xfe, 0x82,
    0xfe, 0x82, 0xfd, 0x82, 0xfc, 0x82, 0x1c, 0x83, 0x1c, 0x83, 0xfc, 0x82, 0xfd, 0x82, 0xfe, 0x82,
    0x9f, 0x63, 0x9e, 0x63, 0x9d, 0x63, 0x9d, 0x63, 0x9d, 0x63, 0x9d, 0x63, 0x7e, 0x63, 0x9e, 0x63,
    0x9f, 0x63, 0x9f, 0x63, 0x9f, 0x63, 0x9f, 0x63, 0x9f, 0x63, 0x9f, 0x63, 0x9f, 0x63, 0x9f, 0x63,
    0x9f, 0x63, 0x9f, 0x63, 0x9f, 0x63, 0x9f, 0x63, 0x9f, 0x63, 0x9f, 0x6b, 0x9f, 0x6b, 0x9f, 0x6b,
    0x9f, 0x6b, 0x9f, 0x6b, 0x7f, 0x6b, 0x7f, 0x6b, 0x7f, 0x6b, 0x7f, 0x6b, 0x7f, 0x6b, 0x7f, 0x6b,
    0x7f, 0x6b, 0x7f, 0x6b, 0x7f, 0x6b, 0x7f, 0x6b, 0x7f, 0x6b, 0x7f, 0x6b, 0x7f, 0x6b, 0x7e, 0x6b,
    0x7e, 0x6b, 0x7e, 0x6b, 0x7e, 0x6b, 0x7e, 0x6b, 0x7e, 0x6b, 0x7e, 0x6b, 0x7e, 0x6b, 0x7e, 0x6b,
    0x7e, 0x6b, 0x7e, 0x6b, 0x7e, 0x6b, 0x7e, 0x6b, 0x7e, 0x6b, 0x7e, 0x6b, 0x7e, 0x6b, 0x7e, 0x6b,
    0x7e, 0x6b, 0x7e, 0x6b, 0x7e, 0x6b, 0x5e, 0x6b, 0x5e, 0x6b, 0x5e, 0x6b, 0x5e, 0x6b, 0x5e, 0x6b,
    0x5e, 0x6b, 0x5e, 0x6b, 0x5e, 0x6b, 0x5e, 0x6b, 0x5e, 0x6b, 0x5e, 0x6b, 0x5e, 0x6b, 0x3d, 0x6b,
    0x3d, 0x6b, 0x3d, 0x6b, 0x3d, 0x6b, 0x1d, 0x6b, 0x1c, 0x6b, 0x1c, 0x6b, 0x1c, 0x6b, 0x1c, 0x6b,
    0xfb, 0x6a, 0xfb, 0x62, 0xfb, 0x62, 0xdb, 0x62, 0xfa, 0x62, 0xda, 0x62, 0x9a, 0x5a, 0x79, 0x5a,
    0x5a, 0x73, 0x1c, 0xad, 0xde, 0xde, 0xdf, 0xff, 0xff, 0xff, 0xff, 0xff, 0xff, 0xff, 0xff, 0xff,
    0xff, 0xff, 0xff, 0xff, 0xff, 0xff, 0xff, 0xff, 0xff, 0xff, 0xff, 0xff, 0xff, 0xff, 0xff, 0xff,
    0xff, 0xff, 0xff, 0xff, 0xff, 0xff, 0xff, 0xff, 0xff, 0xff, 0x1e, 0xe7, 0x9d, 0xb5, 0x9a, 0x7b,
    0x79, 0x62, 0x79, 0x5a, 0xba, 0x62, 0xda, 0x6a, 0xda, 0x6a, 0xdb, 0x6a, 0xdb, 0x6a, 0xdb, 0x6a,
    0xfb, 0x6a, 0xfc, 0x72, 0xfc, 0x72, 0xfc, 0x72, 0xfc, 0x72, 0xfd, 0x72, 0x1d, 0x73, 0x1d, 0x73,
    0x1d, 0x73, 0x1d, 0x73, 0x1e, 0x7b, 0x1e, 0x7b, 0x1e, 0x7b, 0x1e, 0x7b, 0x1e, 0x7b, 0x1e, 0x7b,
    0x1e, 0x7b, 0x1e, 0x7b, 0x1e, 0x7b, 0x1e, 0x7b, 0x1e, 0x7b, 0x1e, 0x7b, 0x1e, 0x7b, 0x1e, 0x7b,
    0x1e, 0x7b, 0x1e, 0x7b, 0x1e, 0x7b, 0x1e, 0x7b, 0x1e, 0x7b, 0x1e, 0x7b, 0x1e, 0x7b, 0x1e, 0x7b,
    0x1e, 0x7b, 0x1e, 0x83, 0x1e, 0x83, 0x1e, 0x83, 0x1e, 0x83, 0x1e, 0x83, 0x1e, 0x83, 0x1e, 0x83,
    0x1e, 0x83, 0x1e, 0x83, 0x1e, 0x83, 0x1e, 0x83, 0x1e, 0x83, 0x1e, 0x83, 0x1e, 0x83, 0x1e, 0x83,
    0x1e, 0x83, 0x1e, 0x83, 0x1e, 0x83, 0x1e, 0x83, 0x1e, 0x83, 0x1e, 0x83, 0x1e, 0x83, 0x1e, 0x83,
    0x1e, 0x83, 0x1e, 0x83, 0x1e, 0x83, 0x1e, 0x83, 0x1e, 0x83, 0x1e, 0x83, 0x1e, 0x83, 0x1e, 0x83,
    0x1e, 0x83, 0x1e, 0x83, 0x1e, 0x83, 0xfe, 0x82, 0xfe, 0x82, 0xfe, 0x82, 0xfe, 0x82, 0xfe, 0x82,
    0xfe, 0x82, 0xfd, 0x82, 0xfc, 0x82, 0x1c, 0x83, 0x1c, 0x83, 0xfc, 0x82, 0xfd, 0x82, 0xfe, 0x82,
    0x9f, 0x63, 0x9e, 0x63, 0x9d, 0x63, 0x9d, 0x63, 0x9d, 0x63, 0x9d, 0x63, 0x7e, 0x63, 0x9f, 0x63,
    0x9f, 0x63, 0x9f, 0x63, 0x9f, 0x63, 0x9f, 0x63, 0x9f, 0x63, 0x9f, 0x63, 0x9f, 0x63, 0x9f, 0x63,
    0x9f, 0x63, 0x9f, 0x63, 0x9f, 0x63, 0x9f, 0x63, 0x9f, 0x6b, 0x9f, 0x6b, 0x9f, 0x6b, 0x9f, 0x6b,
    0x9f, 0x6b, 0x9f, 0x6b, 0x9f, 0x6b, 0x9f, 0x6b, 0x9f, 0x6b, 0x7f, 0x6b, 0x7f, 0x6b, 0x7f, 0x6b,
    0x7f, 0x6b, 0x7f, 0x6b, 0x7f, 0x6b, 0x7f, 0x6b, 0x7f, 0x6b, 0x7f, 0x6b, 0x7f, 0x6b, 0x7f, 0x6b,
    0x7f, 0x6b, 0x7e, 0x6b, 0x7e, 0x6b, 0x7e, 0x6b, 0x7e, 0x6b, 0x7e, 0x6b, 0x7e, 0x6b, 0x7e, 0x6b,
    0x7e, 0x6b, 0x7e, 0x6b, 0x7e, 0x6b, 0x7e, 0x6b, 0x7e, 0x6b, 0x7e, 0x6b, 0x7e, 0x6b, 0x7e, 0x6b,
    0x7e, 0x6b, 0x7e, 0x6b, 0x7e, 0x6b, 0x7e, 0x6b, 0x7e, 0x6b, 0x7e, 0x6b, 0x5e, 0x6b, 0x5e, 0x6b,
    0x5e, 0x6b, 0x5e, 0x6b, 0x5e, 0x6b, 0x5e, 0x6b, 0x5e, 0x6b, 0x5e, 0x6b, 0x5e, 0x6b, 0x5e, 0x6b,
    0x3d, 0x6b, 0x3d, 0x6b, 0x3d, 0x6b, 0x3d, 0x6b, 0x3d, 0x6b, 0x1c, 0x6b, 0x1c, 0x6b, 0x1c, 0x6b,
    0x1c, 0x6b, 0xfb, 0x62, 0xfb, 0x62, 0xfb, 0x62, 0xfb, 0x62, 0xda, 0x62, 0xfa, 0x62, 0xfa, 0x62,
    0xba, 0x5a, 0x79, 0x5a, 0x99, 0x5a, 0x5a, 0x73, 0x5b, 0x94, 0xbd, 0xbd, 0x9e, 0xd6, 0x5f, 0xef,
    0xff, 0xff, 0xff, 0xff, 0xff, 0xff, 0xff, 0xff, 0xff, 0xff, 0xff, 0xff, 0xff, 0xff, 0xff, 0xff,
    0x9f, 0xf7, 0xbe, 0xde, 0xfd, 0xc5, 0x9b, 0x9c, 0x7a, 0x7b, 0xb9, 0x62, 0x59, 0x5a, 0x99, 0x62,
    0xda, 0x6a, 0xda, 0x6a, 0xda, 0x6a, 0xdb, 0x6a, 0xdb, 0x6a, 0xdb, 0x6a, 0xdb, 0x6a, 0xfb, 0x6a,
    0xfc, 0x72, 0xfc, 0x72, 0xfc, 0x72, 0xfc, 0x72, 0xfd, 0x72, 0x1d, 0x73, 0x1d, 0x73, 0x1d, 0x73,
    0x1d, 0x73, 0x1e, 0x7b, 0x1e, 0x7b, 0x1e, 0x7b, 0x1e, 0x7b, 0x1e, 0x7b, 0x1e, 0x7b, 0x1e, 0x7b,
    0x1e, 0x7b, 0x3e, 0x7b, 0x1e, 0x7b, 0x1e, 0x7b, 0x1e, 0x7b, 0x1e, 0x7b, 0x1e, 0x7b, 0x1e, 0x7b,
    0x1e, 0x7b, 0x1e, 0x7b, 0x1e, 0x7b, 0x1e, 0x7b, 0x1e, 0x7b, 0x1e, 0x7b, 0x1e, 0x7b, 0x1e, 0x7b,
    0x1e, 0x83, 0x1e, 0x83, 0x1e, 0x83, 0x1e, 0x83, 0x1e, 0x83, 0x1e, 0x83, 0x1e, 0x83, 0x1e, 0x83,
    0x1e, 0x83, 0x1e, 0x83, 0x1e, 0x83, 0x1e, 0x83, 0x1e, 0x83, 0x1e, 0x83, 0x1e, 0x83, 0x1e, 0x83,
    0x1e, 0x83, 0x1e, 0x83, 0x1e, 0x83, 0x1e, 0x83, 0x1e, 0x83, 0x1e, 0x83, 0x1e, 0x83, 0x1e, 0x83,
    0x1e, 0x83, 0x1e, 0x83, 0x1e, 0x83, 0x1e, 0x83, 0x1e, 0x83, 0x1e, 0x83, 0x1e, 0x83, 0x1e, 0x83,
    0x1e, 0x83, 0x1e, 0x83, 0xfe, 0x82, 0xfe, 0x82, 0xfe, 0x82, 0xfe, 0x82, 0xfe, 0x82, 0xfe, 0x82,
    0xfe, 0x82, 0xfd, 0x82, 0xfc, 0x82, 0x1c, 0x83, 0x1c, 0x83, 0xfc, 0x82, 0xfd, 0x82, 0xfe, 0x8a,
    0x9f, 0x63, 0x9e, 0x63, 0x9d, 0x63, 0x9d, 0x63, 0x9d, 0x63, 0x7d, 0x63, 0x7e, 0x63, 0x9f, 0x63,
    0x9f, 0x63, 0x9f, 0x63, 0x9f, 0x63, 0x9f, 0x63, 0x9f, 0x63, 0x9f, 0x63, 0x9f, 0x63, 0x9f, 0x63,
    0x9f, 0x63, 0x9f, 0x63, 0x9f, 0x63, 0x9f, 0x6b, 0x9f, 0x6b, 0x9f, 0x6b, 0x9f, 0x6b, 0x9f, 0x6b,
    0x9f, 0x6b, 0x9f, 0x6b, 0x9f, 0x6b, 0x9f, 0x6b, 0x9f, 0x6b, 0x9f, 0x6b, 0x7f, 0x6b, 0x7f, 0x6b,
    0x7f, 0x6b, 0x7f, 0x6b, 0x7f, 0x6b, 0x7f, 0x6b, 0x7f, 0x6b, 0x7f, 0x6b, 0x7f, 0x6b, 0x7f, 0x6b,
    0x7f, 0x6b, 0x7f, 0x6b, 0x7f, 0x6b, 0x7f, 0x6b, 0x7e, 0x6b, 0x7e, 0x6b, 0x7e, 0x6b, 0x7e, 0x6b,
    0x7e, 0x6b, 0x7e, 0x6b, 0x7e, 0x6b, 0x7e, 0x6b, 0x7e, 0x6b, 0x7e, 0x6b, 0x7e, 0x6b, 0x7e, 0x6b,
    0x7e, 0x6b, 0x7e, 0x6b, 0x7e, 0x6b, 0x7e, 0x6b, 0x7e, 0x6b, 0x7e, 0x6b, 0x5e, 0x6b, 0x5e, 0x6b,
    0x5e, 0x6b, 0x5e, 0x6b, 0x5e, 0x6b, 0x5e, 0x6b, 0x5e, 0x6b, 0x5e, 0x6b, 0x5e, 0x6b, 0x3e, 0x6b,
    0x3e, 0x6b, 0x3d, 0x6b, 0x3d, 0x6b, 0x3d, 0x6b, 0x3d, 0x6b, 0x3d, 0x6b, 0x1c, 0x6b, 0x1c, 0x6b,
    0x1c, 0x6b, 0xfc, 0x6a, 0xfb, 0x6a, 0xfb, 0x62, 0xfb, 0x62, 0xfb, 0x62, 0xda, 0x62, 0xda, 0x62,
    0xda, 0x62, 0xda, 0x62, 0xda, 0x62, 0x99, 0x5a, 0x59, 0x52, 0x59, 0x5a, 0x38, 0x52, 0xfa, 0x8b,
    0xff, 0xff, 0xff, 0xff, 0xff, 0xff, 0xff, 0xff, 0xff, 0xff, 0xff, 0xff, 0xff, 0xff, 0xff, 0xff,
    0x5c, 0xad, 0x18, 0x52, 0x79, 0x5a, 0x59, 0x5a, 0x79, 0x5a, 0xb9, 0x62, 0xda, 0x6a, 0xda, 0x6a,
    0xba, 0x6a, 0xda, 0x6a, 0xdb, 0x6a, 0xdb, 0x6a, 0xdb, 0x6a, 0xdb, 0x6a, 0xfc, 0x6a, 0xfc, 0x72,
    0xfc, 0x72, 0xfc, 0x72, 0xfd, 0x72, 0xfd, 0x72, 0x1d, 0x73, 0x1d, 0x73, 0x1d, 0x73, 0x1d, 0x73,
    0x1e, 0x7b, 0x1e, 0x7b, 0x1e, 0x7b, 0x1e, 0x7b, 0x1e, 0x7b, 0x3e, 0x7b, 0x3e, 0x7b, 0x3e, 0x7b,
    0x3e, 0x7b, 0x3e, 0x7b, 0x1e, 0x7b, 0x1e, 0x7b, 0x1e, 0x7b, 0x1e, 0x7b, 0x1e, 0x7b, 0x1e, 0x7b,
    0x1e, 0x7b, 0x1e, 0x7b, 0x1e, 0x7b, 0x1e, 0x7b, 0x1e, 0x7b, 0x1e, 0x7b, 0x1e, 0x7b, 0x1e, 0x83,
    0x1e, 0x83, 0x1e, 0x83, 0x1e, 0x83, 0x1e, 0x83, 0x1e, 0x83, 0x1e, 0x83, 0x1e, 0x83, 0x1e, 0x83,
    0x1e, 0x83, 0x1e, 0x83, 0x1e, 0x83, 0x1e, 0x83, 0x1e, 0x83, 0x1e, 0x83, 0x1e, 0x83, 0x1e, 0x83,
    0x1e, 0x83, 0x1e, 0x83, 0x1e, 0x83, 0x1e, 0x83, 0x1e, 0x83, 0x1e, 0x83, 0x1e, 0x83, 0x1e, 0x83,
    0x1e, 0x83, 0x1e, 0x83, 0x1e, 0x83, 0x1e, 0x83, 0x1e, 0x83, 0x1e, 0x83, 0x1e, 0x83, 0x1e, 0x83,
    0x1e, 0x83, 0xfe, 0x82, 0xfe, 0x82, 0xfe, 0x82, 0xfe, 0x82, 0xfe, 0x8a, 0xfe, 0x8a, 0xfe, 0x8a,
    0xfe, 0x82, 0xfd, 0x82, 0xfc, 0x82, 0x1c, 0x83, 0x1c, 0x83, 0xfc, 0x82, 0xfd, 0x82, 0xfe, 0x8a,
    0x9f, 0x63, 0x9e, 0x63, 0x9d, 0x63, 0x9d, 0x63, 0x9d, 0x63, 0x7d, 0x63, 0x7e, 0x63, 0x9f, 0x63,
    0x9f, 0x63, 0x9f, 0x63, 0x9f, 0x63, 0x9f, 0x63, 0x9f, 0x63, 0x9f, 0x63, 0x9f, 0x63, 0x9f, 0x63,
    0x9f, 0x63, 0x9f, 0x63, 0x9f, 0x6b, 0x9f, 0x6b, 0x9f, 0x6b, 0x9f, 0x6b, 0x9f, 0x6b, 0x9f, 0x6b,
    0x9f, 0x6b, 0x9f, 0x6b, 0x9f, 0x6b, 0x9f, 0x6b, 0x9f, 0x6b, 0x9f, 0x6b, 0x9f, 0x6b, 0x9f, 0x6b,
    0x7f, 0x6b, 0x7f, 0x6b, 0x7f, 0x6b, 0x7f, 0x6b, 0x7f, 0x6b, 0x7f, 0x6b, 0x7f, 0x6b, 0x7f, 0x6b,
    0x7f, 0x6b, 0x7f, 0x6b, 0x7f, 0x6b, 0x7f, 0x6b, 0x7f, 0x6b, 0x7f, 0x6b, 0x7f, 0x6b, 0x7f, 0x6b,
    0x7e, 0x6b, 0x7e, 0x6b, 0x7e, 0x6b, 0x7e, 0x6b, 0x7e, 0x6b, 0x7e, 0x6b, 0x7e, 0x6b, 0x7e, 0x6b,
    0x7e, 0x6b, 0x7e, 0x6b, 0x7e, 0x6b, 0x7e, 0x6b, 0x7e, 0x6b, 0x5e, 0x6b, 0x5e, 0x6b, 0x5e, 0x6b,
    0x5e, 0x6b, 0x5e, 0x6b, 0x5e, 0x6b, 0x5e, 0x6b, 0x5e, 0x6b, 0x5e, 0x6b, 0x5e, 0x6b, 0x5e, 0x6b,
    0x5e, 0x6b, 0x5e, 0x6b, 0x3d, 0x6b, 0x3d, 0x6b, 0x3d, 0x6b, 0x3d, 0x6b, 0x3d, 0x6b, 0x1c, 0x6b,
    0x1c, 0x6b, 0x1c, 0x6b, 0xfc, 0x6a, 0xfb, 0x6a, 0xfb, 0x62, 0xfb, 0x62, 0xdb, 0x62, 0xda, 0x62,
    0xda, 0x62, 0xda, 0x62, 0xba, 0x62, 0xba, 0x62, 0xb9, 0x62, 0xd9, 0x62, 0x58, 0x52, 0x3c, 0xad,
    0xff, 0xff, 0xff, 0xff, 0xff, 0xff, 0xff, 0xff, 0xff, 0xff, 0xff, 0xff, 0xff, 0xff, 0xff, 0xff,
    0x9e, 0xd6, 0x78, 0x5a, 0xd9, 0x62, 0xb9, 0x62, 0xb9, 0x62, 0xba, 0x62, 0xba, 0x62, 0xba, 0x62,
    0xda, 0x6a, 0xdb, 0x6a, 0xdb, 0x6a, 0xdb, 0x6a, 0xdb, 0x6a, 0xfc, 0x6a, 0xfc, 0x72, 0xfc, 0x72,
    0xfc, 0x72, 0xfd, 0x72, 0xfd, 0x72, 0x1d, 0x73, 0x1d, 0x73, 0x1d, 0x73, 0x1d, 0x73, 0x1e, 0x7b,
    0x1e, 0x7b, 0x1e, 0x7b, 0x1e, 0x7b, 0x3e, 0x7b, 0x3e, 0x7b, 0x3e, 0x7b, 0x3e, 0x7b, 0x3e, 0x7b,
    0x3e, 0x7b, 0x1e, 0x7b, 0x1e, 0x7b, 0x1e, 0x7b, 0x1e, 0x7b, 0x1e, 0x7b, 0x1e, 0x7b, 0x1e, 0x7b,
    0x1e, 0x7b, 0x1e, 0x7b, 0x1e, 0x7b, 0x1e, 0x7b, 0x1e, 0x7b, 0x1e, 0x7b, 0x1e, 0x83, 0x1e, 0x83,
    0x1e, 0x83, 0x1e, 0x83, 0x1e, 0x83, 0x1e, 0x83, 0x1e, 0x83, 0x1e, 0x83, 0x1e, 0x83, 0x1e, 0x83,
    0x1e, 0x83, 0x1e, 0x83, 0x1e, 0x83, 0x1e, 0x83, 0x1e, 0x83, 0x1e, 0x83, 0x1e, 0x83, 0x1e, 0x83,
    0x1e, 0x83, 0x1e, 0x83, 0x1e, 0x83, 0x1e, 0x83, 0x1e, 0x83, 0x1e, 0x83, 0x1e, 0x83, 0x1e, 0x83,
    0x1e, 0x83, 0x1e, 0x83, 0x1e, 0x83, 0x1e, 0x83, 0x1e, 0x83, 0x1e, 0x83, 0x1e, 0x83, 0x1e, 0x83,
    0xfe, 0x82, 0xfe, 0x82, 0xfe, 0x82, 0xfe, 0x8a, 0xfe, 0x8a, 0xfe, 0x8a, 0xfe, 0x8a, 0xfe, 0x8a,
    0xfe, 0x82, 0xfd, 0x82, 0xfc, 0x82, 0x1c, 0x83, 0x1c, 0x83, 0xfc, 0x82, 0xfd, 0x82, 0xfe, 0x8a,
    0x9f, 0x63, 0x9e, 0x63, 0x9d, 0x63, 0x9d, 0x63, 0x9d, 0x63, 0x7d, 0x63, 0x7e, 0x63, 0x9f, 0x63,
    0x9f, 0x63, 0x9f, 0x63, 0x9f, 0x63, 0x9f, 0x63, 0x9f, 0x63, 0x9f, 0x63, 0x9f, 0x63, 0x9f, 0x63,
    0x9f, 0x63, 0x9f, 0x6b, 0x9f, 0x6b, 0x9f, 0x6b, 0x9f, 0x6b, 0x9f, 0x6b, 0x9f, 0x6b, 0x9f, 0x6b,
    0x9f, 0x6b, 0x9f, 0x6b, 0x9f, 0x6b, 0x9f, 0x6b, 0x9f, 0x6b, 0x9f, 0x6b, 0x9f, 0x6b, 0x7f, 0x6b,
    0x7f, 0x6b, 0x7f, 0x6b, 0x7f, 0x6b, 0x7f, 0x6b, 0x7f, 0x6b, 0x7f, 0x6b, 0x7f, 0x6b, 0x7f, 0x6b,
    0x7f, 0x6b, 0x7f, 0x6b, 0x7f, 0x6b, 0x7f, 0x6b, 0x7f, 0x6b, 0x7f, 0x6b, 0x7f, 0x6b, 0x7f, 0x6b,
    0x7f, 0x6b, 0x7f, 0x6b, 0x7f, 0x6b, 0x7e, 0x6b, 0x7e, 0x6b, 0x7e, 0x6b, 0x7e, 0x6b, 0x7e, 0x6b,
    0x7e, 0x6b, 0x7e, 0x6b, 0x7e, 0x6b, 0x7e, 0x6b, 0x5e, 0x6b, 0x5e, 0x6b, 0x5e, 0x6b, 0x5e, 0x6b,
    0x5e, 0x6b, 0x5e, 0x6b, 0x5e, 0x6b, 0x5e, 0x6b, 0x5e, 0x6b, 0x5e, 0x6b, 0x5e, 0x6b, 0x5e, 0x6b,
    0x5e, 0x6b, 0x5e, 0x6b, 0x5e, 0x6b, 0x3d, 0x6b, 0x3d, 0x6b, 0x3d, 0x6b, 0x3d, 0x6b, 0x1d, 0x6b,
    0x1c, 0x6b, 0x1c, 0x6b, 0x1c, 0x6b, 0xfc, 0x6a, 0xfb, 0x6a, 0xfb, 0x62, 0xfb, 0x62, 0xdb, 0x62,
    0xda, 0x62, 0xda, 0x62, 0xba, 0x62, 0xba, 0x62, 0xb9, 0x62, 0xb9, 0x62, 0x38, 0x52, 0x5c, 0xb5,
    0xff, 0xff, 0xff, 0xff, 0xff, 0xff, 0xff, 0xff, 0xff, 0xff, 0xff, 0xff, 0xff, 0xff, 0xff, 0xff,
    0xbe, 0xd6, 0x58, 0x5a, 0xb9, 0x62, 0xb9, 0x62, 0xb9, 0x62, 0xba, 0x62, 0xba, 0x62, 0xba, 0x6a,
    0xda, 0x6a, 0xdb, 0x6a, 0xdb, 0x6a, 0xdb, 0x6a, 0xdb, 0x6a, 0xfc, 0x6a, 0xfc, 0x72, 0xfc, 0x72,
    0xfc, 0x72, 0x1d, 0x73, 0x1d, 0x73, 0x1d, 0x73, 0x1d, 0x73, 0x1d, 0x73, 0x1e, 0x7b, 0x1e, 0x7b,
    0x1e, 0x7b, 0x1e, 0x7b, 0x1e, 0x7b, 0x3e, 0x7b, 0x3e, 0x7b, 0x3e, 0x7b, 0x3e, 0x7b, 0x3e, 0x7b,
    0x1e, 0x7b, 0x1e, 0x7b, 0x1e, 0x7b, 0x1e, 0x7b, 0x1e, 0x7b, 0x1e, 0x7b, 0x1e, 0x7b, 0x1e, 0x7b,
    0x1e, 0x7b, 0x1e, 0x7b, 0x1e, 0x7b, 0x1e, 0x7b, 0x1e, 0x7b, 0x1e, 0x83, 0x1e, 0x83, 0x1e, 0x83,
    0x1e, 0x83, 0x1e, 0x83, 0x1e, 0x83, 0x1e, 0x83, 0x1e, 0x83, 0x1e, 0x83, 0x1e, 0x83, 0x1e, 0x83,
    0x1e, 0x83, 0x1e, 0x83, 0x1e, 0x83, 0x1e, 0x83, 0x1e, 0x83, 0x1e, 0x83, 0x1e, 0x83, 0x1e, 0x83,
    0x1e, 0x83, 0x1e, 0x83, 0x1e, 0x83, 0x1e, 0x83, 0x1e, 0x83, 0x1e, 0x83, 0x1e, 0x83, 0x1e, 0x83,
    0x1e, 0x83, 0x1e, 0x83, 0x1e, 0x83, 0x1e, 0x83, 0x1e, 0x83, 0x1e, 0x83, 0x1e, 0x83, 0xfe, 0x82,
    0xfe, 0x82, 0xfe, 0x82, 0xfe, 0x8a, 0xfe, 0x8a, 0xfe, 0x8a, 0xfe, 0x8a, 0xfe, 0x8a, 0xfe, 0x8a,
    0xfe, 0x82, 0xfd, 0x82, 0xfc, 0x82, 0x1c, 0x83, 0x1c, 0x83, 0xfc, 0x82, 0xfd, 0x82, 0xfe, 0x8a,
    0x9f, 0x63, 0x7e, 0x63, 0x7d, 0x63, 0x9d, 0x63, 0x9d, 0x63, 0x7d, 0x63, 0x7e, 0x63, 0x9f, 0x63,
    0x9f, 0x63, 0x9f, 0x63, 0x9f, 0x63, 0x9f, 0x63, 0x9f, 0x63, 0x9f, 0x63, 0x9f, 0x63, 0x9f, 0x63,
    0x9f, 0x6b, 0x9f, 0x6b, 0x9f, 0x6b, 0x9f, 0x6b, 0x9f, 0x6b, 0x9f, 0x6b, 0x9f, 0x6b, 0x9f, 0x6b,
    0x9f, 0x6b, 0x9f, 0x6b, 0x9f, 0x6b, 0x9f, 0x6b, 0x9f, 0x6b, 0x9f, 0x6b, 0x7f, 0x6b, 0x7f, 0x6b,
    0x7f, 0x6b, 0x7f, 0x6b, 0x7f, 0x6b, 0x7f, 0x6b, 0x7f, 0x6b, 0x7f, 0x6b, 0x7f, 0x6b, 0x7f, 0x6b,
    0x7f, 0x6b, 0x7f, 0x6b, 0x7f, 0x6b, 0x7f, 0x6b, 0x7f, 0x6b, 0x7f, 0x6b, 0x7f, 0x6b, 0x7f, 0x6b,
    0x7f, 0x6b, 0x7f, 0x6b, 0x7f, 0x6b, 0x7f, 0x6b, 0x7f, 0x6b, 0x7f, 0x6b, 0x7f, 0x6b, 0x7e, 0x6b,
    0x7e, 0x6b, 0x7e, 0x6b, 0x7e, 0x6b, 0x5e, 0x6b, 0x5e, 0x6b, 0x5e, 0x6b, 0x5e, 0x6b, 0x5e, 0x6b,
    0x5e, 0x73, 0x5e, 0x73, 0x5e, 0x73, 0x5e, 0x73, 0x5e, 0x6b, 0x5e, 0x73, 0x5e, 0x6b, 0x5e, 0x6b,
    0x5e, 0x6b, 0x5e, 0x6b, 0x5e, 0x6b, 0x3d, 0x6b, 0x3d, 0x6b, 0x3d, 0x6b, 0x3d, 0x6b, 0x3d, 0x6b,
    0x1d, 0x6b, 0x1c, 0x6b, 0x1c, 0x6b, 0x1c, 0x6b, 0xfc, 0x6a, 0xfb, 0x6a, 0xfb, 0x62, 0xdb, 0x62,
    0xda, 0x62, 0xda, 0x62, 0xda, 0x62, 0xb9, 0x62, 0xb9, 0x62, 0xd9, 0x62, 0x58, 0x52, 0x5c, 0xad,
    0xff, 0xff, 0xff, 0xff, 0xff, 0xff, 0xff, 0xff, 0xff, 0xff, 0xff, 0xff, 0xff, 0xff, 0xff, 0xff,
    0x9e, 0xd6, 0x58, 0x5a, 0xb9, 0x62, 0xb9, 0x62, 0xb9, 0x62, 0xba, 0x62, 0xba, 0x62, 0xda, 0x6a,
    0xda, 0x6a, 0xdb, 0x6a, 0xdb, 0x6a, 0xfb, 0x6a, 0xfc, 0x6a, 0xfc, 0x72, 0xfc, 0x72, 0xfc, 0x72,
    0x1d, 0x73, 0x1d, 0x73, 0x1d, 0x73, 0x1d, 0x73, 0x1d, 0x73, 0x1d, 0x73, 0x1e, 0x7b, 0x1e, 0x7b,
    0x1e, 0x7b, 0x1e, 0x7b, 0x3e, 0x7b, 0x3e, 0x7b, 0x3e, 0x7b, 0x3e, 0x7b, 0x3e, 0x7b, 0x1e, 0x7b,
    0x1e, 0x7b, 0x1e, 0x7b, 0x1e, 0x7b, 0x1e, 0x7b, 0x1e, 0x7b, 0x1e, 0x7b, 0x1e, 0x7b, 0x1e, 0x7b,
    0x1e, 0x7b, 0x1e, 0x7b, 0x1e, 0x7b, 0x1e, 0x7b, 0x1e, 0x83, 0x1e, 0x83, 0x1e, 0x83, 0x1e, 0x83,
    0x1e, 0x83, 0x1e, 0x83, 0x1e, 0x83, 0x1e, 0x83, 0x1e, 0x83, 0x1e, 0x83, 0x1e, 0x83, 0x1e, 0x83,
    0x1e, 0x83, 0x1e, 0x83, 0x1e, 0x83, 0x1e, 0x83, 0x1e, 0x83, 0x1e, 0x83, 0x1e, 0x83, 0x1e, 0x83,
    0x1e, 0x83, 0x1e, 0x83, 0x1e, 0x83, 0x1e, 0x83, 0x1e, 0x83, 0x1e, 0x83, 0x1e, 0x83, 0x1e, 0x83,
    0x1e, 0x83, 0x1e, 0x83, 0x1e, 0x83, 0x1e, 0x83, 0x1e, 0x83, 0x1e, 0x83, 0xfe, 0x82, 0xfe, 0x82,
    0xfe, 0x82, 0xfe, 0x8a, 0xfe, 0x8a, 0xfe, 0x8a, 0xfe, 0x8a, 0xfe, 0x8a, 0xfe, 0x8a, 0xfe, 0x8a,
    0xfe, 0x82, 0xfd, 0x82, 0xfc, 0x82, 0x1c, 0x83, 0x1c, 0x83, 0xfc, 0x82, 0xfd, 0x82, 0xfe, 0x8a,
    0x9f, 0x63, 0x7e, 0x63, 0x7d, 0x63, 0x9d, 0x63, 0x9d, 0x63, 0x7d, 0x63, 0x7e, 0x63, 0x9f, 0x63,
    0x9f, 0x63, 0x9f, 0x63, 0x9f, 0x63, 0x9f, 0x63, 0x9f, 0x63, 0x9f, 0x63, 0x9f, 0x63, 0x9f, 0x6b,
    0x9f, 0x6b, 0x9f, 0x6b, 0x9f, 0x6b, 0x9f, 0x6b, 0x9f, 0x6b, 0x9f, 0x6b, 0x9f, 0x6b, 0x9f, 0x6b,
    0x9f, 0x6b, 0x9f, 0x6b, 0x9f, 0x6b, 0x9f, 0x6b, 0x9f, 0x6b, 0x7f, 0x6b, 0x7f, 0x6b, 0x7f, 0x6b,
    0x7f, 0x6b, 0x7f, 0x6b, 0x7f, 0x6b, 0x7f, 0x6b, 0x7f, 0x6b, 0x7f, 0x6b, 0x7f, 0x6b, 0x7f, 0x6b,
    0x7f, 0x6b, 0x7f, 0x6b, 0x7f, 0x6b, 0x7f, 0x6b, 0x7f, 0x6b, 0x7f, 0x6b, 0x7f, 0x6b, 0x7f, 0x6b,
    0x7f, 0x6b, 0x7f, 0x6b, 0x7f, 0x6b, 0x7f, 0x6b, 0x7f, 0x6b, 0x7f, 0x6b, 0x7f, 0x6b, 0x7f, 0x6b,
    0x7f, 0x6b, 0x7e, 0x6b, 0x5e, 0x6b, 0x5e, 0x6b, 0x5e, 0x6b, 0x5e, 0x6b, 0x5e, 0x6b, 0x5e, 0x73,
    0x5e, 0x73, 0x5e, 0x73, 0x5e, 0x73, 0x5e, 0x73, 0x5e, 0x73, 0x5e, 0x73, 0x5e, 0x73, 0x5e, 0x73,
    0x5e, 0x73, 0x5e, 0x73, 0x5e, 0x73, 0x5e, 0x73, 0x3d, 0x6b, 0x3d, 0x6b, 0x3d, 0x6b, 0x3d, 0x6b,
    0x1d, 0x6b, 0x1c, 0x6b, 0x1c, 0x6b, 0x1c, 0x6b, 0x1c, 0x6b, 0xfb, 0x6a, 0xfb, 0x6a, 0xfb, 0x62,
    0xdb, 0x62, 0xda, 0x62, 0xda, 0x62, 0xda, 0x62, 0xd9, 0x62, 0xd9, 0x62, 0x58, 0x52, 0x5c, 0xb5,
    0xff, 0xff, 0xff, 0xff, 0xff, 0xff, 0xff, 0xff, 0xff, 0xff, 0xff, 0xff, 0xff, 0xff, 0xff, 0xff,
    0x9e, 0xd6, 0x78, 0x5a, 0xb9, 0x62, 0xb9, 0x62, 0xb9, 0x62, 0xda, 0x62, 0xda, 0x6a, 0xda, 0x6a,
    0xdb, 0x6a, 0xfb, 0x6a, 0xfb, 0x6a, 0xfb, 0x6a, 0xfc, 0x72, 0xfc, 0x72, 0xfc, 0x72, 0x1c, 0x73,
    0x1d, 0x73, 0x1d, 0x73, 0x1d, 0x73, 0x1d, 0x73, 0x1d, 0x73, 0x1e, 0x7b, 0x1e, 0x7b, 0x1e, 0x7b,
    0x1e, 0x7b, 0x3e, 0x7b, 0x3e, 0x7b, 0x3e, 0x7b, 0x3e, 0x7b, 0x3e, 0x7b, 0x1e, 0x7b, 0x1e, 0x7b,
    0x1e, 0x7b, 0x1e, 0x7b, 0x1e, 0x7b, 0x1e, 0x7b, 0x1e, 0x7b, 0x1e, 0x7b, 0x1e, 0x7b, 0x1e, 0x7b,
    0x1e, 0x7b, 0x1e, 0x7b, 0x1e, 0x7b, 0x1e, 0x83, 0x1e, 0x83, 0x1e, 0x83, 0x1e, 0x83, 0x1e, 0x83,
    0x1e, 0x83, 0x1e, 0x83, 0x1e, 0x83, 0x1e, 0x83, 0x1e, 0x83, 0x1e, 0x83, 0x1e, 0x83, 0x1e, 0x83,
    0x1e, 0x83, 0x1e, 0x83, 0x1e, 0x83, 0x1e, 0x83, 0x1e, 0x83, 0x1e, 0x83, 0x1e, 0x83, 0x1e, 0x83,
    0x1e, 0x83, 0x1e, 0x83, 0x1e, 0x83, 0x1e, 0x83, 0x1e, 0x83, 0x1e, 0x83, 0x1e, 0x83, 0x1e, 0x83,
    0x1e, 0x83, 0x1e, 0x83, 0x1e, 0x83, 0x1e, 0x83, 0x1e, 0x83, 0xfe, 0x82, 0xfe, 0x82, 0xfe, 0x8a,
    0xfe, 0x8a, 0xfe, 0x8a, 0xfe, 0x8a, 0xfe, 0x8a, 0xfe, 0x8a, 0xfe, 0x8a, 0xfe, 0x8a, 0xfe, 0x8a,
    0xfe, 0x82, 0xfd, 0x82, 0xfc, 0x82, 0x1c, 0x83, 0x1c, 0x83, 0xfc, 0x82, 0xfd, 0x82, 0xfe, 0x8a,
    0x9f, 0x63, 0x7e, 0x63, 0x7d, 0x63, 0x9d, 0x63, 0x9d, 0x6b, 0x7d, 0x63, 0x7e, 0x63, 0x9f, 0x63,
    0x9f, 0x63, 0x9f, 0x63, 0x9f, 0x63, 0x9f, 0x63, 0x9f, 0x63, 0x9f, 0x63, 0x9f, 0x6b, 0x9f, 0x6b,
    0x9f, 0x6b, 0x9f, 0x6b, 0x9f, 0x6b, 0x9f, 0x6b, 0x9f, 0x6b, 0x9f, 0x6b, 0x9f, 0x6b, 0x9f, 0x6b,
    0x9f, 0x6b, 0x9f, 0x6b, 0x9f, 0x6b, 0x9f, 0x6b, 0x7f, 0x6b, 0x7f, 0x6b, 0x7f, 0x6b, 0x7f, 0x6b,
    0x7f, 0x6b, 0x7f, 0x6b, 0x7f, 0x6b, 0x7f, 0x6b, 0x7f, 0x6b, 0x7f, 0x6b, 0x7f, 0x6b, 0x7f, 0x6b,
    0x7f, 0x6b, 0x7f, 0x6b, 0x7f, 0x6b, 0x7f, 0x6b, 0x7f, 0x6b, 0x7f, 0x6b, 0x7f, 0x6b, 0x7f, 0x6b,
    0x7f, 0x6b, 0x7f, 0x6b, 0x7f, 0x6b, 0x7f, 0x6b, 0x7f, 0x6b, 0x7f, 0x6b, 0x7f, 0x6b, 0x7f, 0x6b,
    0x7f, 0x6b, 0x5e, 0x6b, 0x5e, 0x6b, 0x5e, 0x6b, 0x5e, 0x6b, 0x5e, 0x6b, 0x5e, 0x73, 0x5e, 0x73,
    0x5e, 0x73, 0x5e, 0x73, 0x5e, 0x73, 0x5e, 0x73, 0x5e, 0x73, 0x5e, 0x73, 0x5e, 0x73, 0x5e, 0x73,
    0x5e, 0x73, 0x5e, 0x73, 0x5e, 0x73, 0x3e, 0x73, 0x3e, 0x6b, 0x3d, 0x6b, 0x3d, 0x6b, 0x3d, 0x6b,
    0x1d, 0x6b, 0x1d, 0x6b, 0x1c, 0x6b, 0x3c, 0x6b, 0xfc, 0x6a, 0xdb, 0x62, 0xdb, 0x62, 0xdb, 0x62,
    0xba, 0x62, 0xba, 0x62, 0xba, 0x62, 0xb9, 0x62, 0x99, 0x5a, 0xb9, 0x62, 0x38, 0x52, 0x5c, 0xad,
    0xff, 0xff, 0xff, 0xff, 0xff, 0xff, 0xff, 0xff, 0xff, 0xff, 0xff, 0xff, 0xff, 0xff, 0xff, 0xff,
    0x9e, 0xd6, 0x58, 0x5a, 0x99, 0x62, 0x99, 0x62, 0x99, 0x62, 0xba, 0x62, 0xba, 0x62, 0xba, 0x62,
    0xbb, 0x6a, 0xdb, 0x6a, 0xdb, 0x6a, 0xdb, 0x6a, 0xfc, 0x72, 0xfc, 0x72, 0xfc, 0x72, 0x1d, 0x73,
    0x1d, 0x73, 0x1d, 0x73, 0x1d, 0x73, 0x1d, 0x7b, 0x1e, 0x7b, 0x1e, 0x7b, 0x1e, 0x7b, 0x1e, 0x7b,
    0x1e, 0x7b, 0x3e, 0x7b, 0x3e, 0x7b, 0x3e, 0x7b, 0x3e, 0x7b, 0x1e, 0x7b, 0x1e, 0x7b, 0x1e, 0x7b,
    0x1e, 0x7b, 0x1e, 0x7b, 0x1e, 0x7b, 0x1e, 0x7b, 0x1e, 0x7b, 0x1e, 0x7b, 0x1e, 0x7b, 0x1e, 0x7b,
    0x1e, 0x7b, 0x1e, 0x7b, 0x1e, 0x83, 0x1e, 0x83, 0x1e, 0x83, 0x1e, 0x83, 0x1e, 0x83, 0x1e, 0x83,
    0x1e, 0x83, 0x1e, 0x83, 0x1e, 0x83, 0x1e, 0x83, 0x1e, 0x83, 0x1e, 0x83, 0x1e, 0x83, 0x1e, 0x83,
    0x1e, 0x83, 0x1e, 0x83, 0x1e, 0x83, 0x1e, 0x83, 0x1e, 0x83, 0x1e, 0x83, 0x1e, 0x83, 0x1e, 0x83,
    0x1e, 0x83, 0x1e, 0x83, 0x1e, 0x83, 0x1e, 0x83, 0x1e, 0x83, 0x1e, 0x83, 0x1e, 0x83, 0x1e, 0x83,
    0x1e, 0x83, 0x1e, 0x83, 0x1e, 0x83, 0x1e, 0x83, 0xfe, 0x82, 0xfe, 0x82, 0xfe, 0x82, 0xfe, 0x8a,
    0xfe, 0x8a, 0xfe, 0x8a, 0xfe, 0x8a, 0xfe, 0x8a, 0xfe, 0x8a, 0xfe, 0x8a, 0xfe, 0x8a, 0xfe, 0x8a,
    0xfe, 0x82, 0xfd, 0x82, 0xfc, 0x82, 0x1c, 0x83, 0x1c, 0x83, 0xfc, 0x82, 0xfd, 0x82, 0xfe, 0x8a,
    0x9f, 0x63, 0x7e, 0x63, 0x7d, 0x63, 0x9d, 0x6b, 0x9d, 0x6b, 0x7d, 0x63, 0x7e, 0x63, 0x9f, 0x63,
    0x9f, 0x63, 0x9f, 0x63, 0x9f, 0x63, 0x9f, 0x63, 0x9f, 0x63, 0x9f, 0x6b, 0x9f, 0x6b, 0x9f, 0x6b,
    0x9f, 0x6b, 0x9f, 0x6b, 0x9f, 0x6b, 0x9f, 0x6b, 0x9f, 0x6b, 0x9f, 0x6b, 0x9f, 0x6b, 0x9f, 0x6b,
    0x9f, 0x6b, 0x9f, 0x6b, 0x9f, 0x6b, 0x7f, 0x6b, 0x7f, 0x6b, 0x7f, 0x6b, 0x7f, 0x6b, 0x7f, 0x6b,
    0x7f, 0x6b, 0x7f, 0x6b, 0x7f, 0x6b, 0x7f, 0x6b, 0x7f, 0x6b, 0x7f, 0x6b, 0x7f, 0x6b, 0x7f, 0x6b,
    0x7f, 0x6b, 0x7f, 0x6b, 0x7f, 0x6b, 0x7f, 0x6b, 0x7f, 0x6b, 0x7f, 0x6b, 0x7f, 0x6b, 0x7f, 0x6b,
    0x7f, 0x6b, 0x7f, 0x6b, 0x7f, 0x6b, 0x7f, 0x6b, 0x7f, 0x6b, 0x7f, 0x6b, 0x7f, 0x6b, 0x7f, 0x6b,
    0x5e, 0x6b, 0x5e, 0x6b, 0x5e, 0x6b, 0x5e, 0x6b, 0x5e, 0x6b, 0x5e, 0x73, 0x5e, 0x73, 0x5e, 0x73,
    0x5e, 0x73, 0x5e, 0x73, 0x5e, 0x73, 0x5e, 0x73, 0x5e, 0x73, 0x5e, 0x73, 0x5e, 0x73, 0x5e, 0x73,
    0x5e, 0x73, 0x5e, 0x73, 0x5e, 0x73, 0x3e, 0x73, 0x3e, 0x73, 0x3d, 0x73, 0x3d, 0x6b, 0x3d, 0x6b,
    0x1d, 0x6b, 0x3d, 0x6b, 0x1c, 0x6b, 0xbc, 0x62, 0x1c, 0x6b, 0x5c, 0x73, 0x3b, 0x73, 0x3b, 0x73,
    0x3b, 0x73, 0x3b, 0x73, 0x3a, 0x6b, 0x1a, 0x6b, 0x1a, 0x6b, 0x1a, 0x6b, 0x99, 0x62, 0x7c, 0xb5,
    0xff, 0xff, 0xff, 0xff, 0xff, 0xff, 0xff, 0xff, 0xff, 0xff, 0xff, 0xff, 0xff, 0xff, 0xff, 0xff,
    0xbe, 0xde, 0xb9, 0x62, 0x19, 0x6b, 0x1a, 0x6b, 0x1a, 0x73, 0x1a, 0x73, 0x1a, 0x73, 0x3b, 0x73,
    0x3b, 0x73, 0x3b, 0x73, 0x3c, 0x7b, 0x1c, 0x73, 0x9c, 0x6a, 0xfc, 0x72, 0x1c, 0x73, 0x1d, 0x73,
    0x1d, 0x73, 0x1d, 0x73, 0x1d, 0x73, 0x1d, 0x7b, 0x1e, 0x7b, 0x1e, 0x7b, 0x1e, 0x7b, 0x1e, 0x7b,
    0x1e, 0x7b, 0x3e, 0x7b, 0x3e, 0x7b, 0x3e, 0x7b, 0x1e, 0x7b, 0x1e, 0x7b, 0x1e, 0x7b, 0x1e, 0x7b,
    0x1e, 0x7b, 0x1e, 0x7b, 0x1e, 0x7b, 0x1e, 0x7b, 0x1e, 0x7b, 0x1e, 0x7b, 0x1e, 0x7b, 0x1e, 0x7b,
    0x1e, 0x7b, 0x1e, 0x83, 0x1e, 0x83, 0x1e, 0x83, 0x1e, 0x83, 0x1e, 0x83, 0x1e, 0x83, 0x1e, 0x83,
    0x1e, 0x83, 0x1e, 0x83, 0x1e, 0x83, 0x1e, 0x83, 0x1e, 0x83, 0x1e, 0x83, 0x1e, 0x83, 0x1e, 0x83,
    0x1e, 0x83, 0x1e, 0x83, 0x1e, 0x83, 0x1e, 0x83, 0x1e, 0x83, 0x1e, 0x83, 0x1e, 0x83, 0x1e, 0x83,
    0x1e, 0x83, 0x1e, 0x83, 0x1e, 0x83, 0x1e, 0x83, 0x1e, 0x83, 0x1e, 0x83, 0x1e, 0x83, 0x1e, 0x83,
    0x1e, 0x83, 0x1e, 0x83, 0x1e, 0x83, 0xfe, 0x82, 0xfe, 0x82, 0xfe, 0x82, 0xfe, 0x8a, 0xfe, 0x8a,
    0xfe, 0x8a, 0xfe, 0x8a, 0xfe, 0x8a, 0xfe, 0x8a, 0xfe, 0x8a, 0xfe, 0x8a, 0xfe, 0x8a, 0xfe, 0x8a,
    0xfe, 0x8a, 0xfd, 0x82, 0xfc, 0x82, 0x1c, 0x83, 0x1c, 0x83, 0xfc, 0x82, 0xdd, 0x82, 0xfe, 0x8a,
    0x9f, 0x63, 0x7e, 0x63, 0x7d, 0x63, 0x9d, 0x6b, 0x9d, 0x6b, 0x7d, 0x63, 0x7e, 0x63, 0x7f, 0x63,
    0x9f, 0x63, 0x9f, 0x63, 0x9f, 0x63, 0x9f, 0x63, 0x9f, 0x6b, 0x9f, 0x6b, 0x9f, 0x6b, 0x9f, 0x6b,
    0x9f, 0x6b, 0x9f, 0x6b, 0x9f, 0x6b, 0x9f, 0x6b, 0x9f, 0x6b, 0x9f, 0x6b, 0x9f, 0x6b, 0x9f, 0x6b,
    0x9f, 0x6b, 0x9f, 0x6b, 0x7f, 0x6b, 0x7f, 0x6b, 0x7f, 0x6b, 0x7f, 0x6b, 0x7f, 0x6b, 0x7f, 0x6b,
    0x7f, 0x6b, 0x7f, 0x6b, 0x7f, 0x6b, 0x7f, 0x6b, 0x7f, 0x6b, 0x7f, 0x6b, 0x7f, 0x6b, 0x7f, 0x6b,
    0x7f, 0x6b, 0x7f, 0x6b, 0x7f, 0x6b, 0x7f, 0x6b, 0x7f, 0x6b, 0x7f, 0x6b, 0x7f, 0x6b, 0x7f, 0x6b,
    0x7f, 0x6b, 0x7f, 0x6b, 0x7f, 0x6b, 0x7f, 0x6b, 0x7f, 0x6b, 0x7f, 0x6b, 0x7f, 0x6b, 0x5e, 0x6b,
    0x5e, 0x6b, 0x5e, 0x6b, 0x5e, 0x6b, 0x5e, 0x6b, 0x5e, 0x73, 0x5e, 0x73, 0x5e, 0x73, 0x5e, 0x73,
    0x5e, 0x73, 0x5e, 0x73, 0x5e, 0x73, 0x5e, 0x73, 0x5e, 0x73, 0x5e, 0x73, 0x5e, 0x73, 0x5e, 0x73,
    0x5e, 0x73, 0x5e, 0x73, 0x5e, 0x73, 0x3e, 0x73, 0x3e, 0x73, 0x3d, 0x73, 0x3d, 0x6b, 0x3d, 0x6b,
    0x3d, 0x6b, 0x1d, 0x6b, 0xfc, 0x6a, 0x5e, 0xb5, 0x3f, 0xe7, 0xbf, 0xf7, 0xbf, 0xf7, 0xbf, 0xf7,
    0xbf, 0xf7, 0xbf, 0xf7, 0xbf, 0xf7, 0xbf, 0xf7, 0xbf, 0xf7, 0xbf, 0xf7, 0x9f, 0xf7, 0xdf, 0xff,
    0xff, 0xff, 0xff, 0xff, 0xff, 0xff, 0xff, 0xff, 0xff, 0xff, 0xff, 0xff, 0xff, 0xff, 0xff, 0xff,
    0xff, 0xff, 0x9f, 0xf7, 0xbf, 0xf7, 0xbf, 0xf7, 0xbf, 0xf7, 0xbf, 0xf7, 0xbf, 0xf7, 0xbf, 0xf7,
    0xbf, 0xf7, 0xbf, 0xf7, 0x9f, 0xf7, 0x7f, 0xef, 0xfe, 0xc5, 0x3c, 0x7b, 0xdc, 0x6a, 0x1d, 0x73,
    0x1d, 0x73, 0x1d, 0x73, 0x1d, 0x7b, 0x1d, 0x7b, 0x1e, 0x7b, 0x1e, 0x7b, 0x1e, 0x7b, 0x1e, 0x7b,
    0x1e, 0x7b, 0x3e, 0x7b, 0x3e, 0x7b, 0x1e, 0x7b, 0x1e, 0x7b, 0x1e, 0x7b, 0x1e, 0x7b, 0x1e, 0x7b,
    0x1e, 0x7b, 0x1e, 0x7b, 0x1e, 0x7b, 0x1e, 0x7b, 0x1e, 0x7b, 0x1e, 0x7b, 0x1e, 0x7b, 0x1e, 0x7b,
    0x1e, 0x83, 0x1e, 0x83, 0x1e, 0x83, 0x1e, 0x83, 0x1e, 0x83, 0x1e, 0x83, 0x1e, 0x83, 0x1e, 0x83,
    0x1e, 0x83, 0x1e, 0x83, 0x1e, 0x83, 0x1e, 0x83, 0x1e, 0x83, 0x1e, 0x83, 0x1e, 0x83, 0x1e, 0x83,
    0x1e, 0x83, 0x1e, 0x83, 0x1e, 0x83, 0x1e, 0x83, 0x1e, 0x83, 0x1e, 0x83, 0x1e, 0x83, 0x1e, 0x83,
    0x1e, 0x83, 0x1e, 0x83, 0x1e, 0x83, 0x1e, 0x83, 0x1e, 0x83, 0x1e, 0x83, 0x1e, 0x83, 0x1e, 0x83,
    0x1e, 0x83, 0x1e, 0x83, 0xfe, 0x82, 0xfe, 0x82, 0xfe, 0x8a, 0xfe, 0x8a, 0xfe, 0x8a, 0xfe, 0x8a,
    0xfe, 0x8a, 0xfe, 0x8a, 0xfe, 0x8a, 0xfe, 0x8a, 0xfe, 0x8a, 0xfe, 0x8a, 0xfe, 0x8a, 0xfe, 0x8a,
    0xfe, 0x8a, 0xfd, 0x82, 0xfc, 0x82, 0x1c, 0x83, 0x1c, 0x8b, 0xfc, 0x82, 0xdd, 0x82, 0xfe, 0x8a,
    0x9f, 0x63, 0x7e, 0x63, 0x7d, 0x63, 0x9d, 0x63, 0x9d, 0x6b, 0x7d, 0x63, 0x7e, 0x63, 0x9f, 0x63,
    0x9f, 0x63, 0x9f, 0x63, 0x9f, 0x63, 0x9f, 0x6b, 0x9f, 0x6b, 0x9f, 0x6b, 0x9f, 0x6b, 0x9f, 0x6b,
    0x9f, 0x6b, 0x9f, 0x6b, 0x9f, 0x6b, 0x9f, 0x6b, 0x9f, 0x6b, 0x9f, 0x6b, 0x9f, 0x6b, 0x9f, 0x6b,
    0x9f, 0x6b, 0x7f, 0x6b, 0x7f, 0x6b, 0x7f, 0x6b, 0x7f, 0x6b, 0x7f, 0x6b, 0x7f, 0x6b, 0x7f, 0x6b,
    0x7f, 0x6b, 0x7f, 0x6b, 0x7f, 0x6b, 0x7f, 0x6b, 0x7f, 0x6b, 0x7f, 0x6b, 0x7f, 0x6b, 0x7f, 0x6b,
    0x7f, 0x6b, 0x7f, 0x6b, 0x7f, 0x6b, 0x7f, 0x6b, 0x7f, 0x6b, 0x7f, 0x6b, 0x7f, 0x6b, 0x7f, 0x6b,
    0x7f, 0x6b, 0x7f, 0x6b, 0x7f, 0x6b, 0x7f, 0x6b, 0x7f, 0x6b, 0x7f, 0x6b, 0x7f, 0x73, 0x7f, 0x6b,
    0x7f, 0x73, 0x5e, 0x6b, 0x5e, 0x6b, 0x5e, 0x73, 0x5e, 0x73, 0x5e, 0x73, 0x5e, 0x73, 0x5e, 0x73,
    0x5e, 0x73, 0x5e, 0x73, 0x5e, 0x73, 0x5e, 0x73, 0x5e, 0x73, 0x5e, 0x73, 0x5e, 0x73, 0x5e, 0x73,
    0x5e, 0x73, 0x5e, 0x73, 0x5e, 0x73, 0x3e, 0x73, 0x3e, 0x73, 0x3e, 0x73, 0x3d, 0x6b, 0x3d, 0x6b,
    0x3d, 0x6b, 0xfd, 0x6a, 0x1e, 0xc6, 0xff, 0xff, 0xff, 0xff, 0xff, 0xff, 0xff, 0xff, 0xff, 0xff,
    0xff, 0xff, 0xff, 0xff, 0xff, 0xff, 0xff, 0xff, 0xff, 0xff, 0xff, 0xff, 0xff, 0xff, 0xff, 0xff,
    0xff, 0xff, 0xff, 0xff, 0xff, 0xff, 0xff, 0xff, 0xff, 0xff, 0xff, 0xff, 0xff, 0xff, 0xff, 0xff,
    0xff, 0xff, 0xff, 0xff, 0xff, 0xff, 0xff, 0xff, 0xff, 0xff, 0xff, 0xff, 0xff, 0xff, 0xff, 0xff,
    0xff, 0xff, 0xff, 0xff, 0xff, 0xff, 0xff, 0xff, 0xff, 0xff, 0xff, 0xe6, 0x3d, 0x7b, 0xfd, 0x72,
    0x1d, 0x73, 0x1d, 0x73, 0x1d, 0x7b, 0x1e, 0x7b, 0x1e, 0x7b, 0x1e, 0x7b, 0x1e, 0x7b, 0x1e, 0x7b,
    0x3e, 0x7b, 0x3e, 0x7b, 0x1e, 0x7b, 0x1e, 0x7b, 0x1e, 0x7b, 0x1e, 0x7b, 0x1e, 0x7b, 0x1e, 0x7b,
    0x1e, 0x7b, 0x1e, 0x7b, 0x1e, 0x7b, 0x1e, 0x7b, 0x1e, 0x7b, 0x1e, 0x7b, 0x1e, 0x7b, 0x1e, 0x83,
    0x1e, 0x83, 0x1e, 0x83, 0x1e, 0x83, 0x1e, 0x83, 0x1e, 0x83, 0x1e, 0x83, 0x1e, 0x83, 0x1e, 0x83,
    0x1e, 0x83, 0x1e, 0x83, 0x1e, 0x83, 0x1e, 0x83, 0x1e, 0x83, 0x1e, 0x83, 0x1e, 0x83, 0x1e, 0x83,
    0x1e, 0x83, 0x1e, 0x83, 0x1e, 0x83, 0x1e, 0x83, 0x1e, 0x83, 0x1e, 0x83, 0x1e, 0x83, 0x1e, 0x83,
    0x1e, 0x83, 0x1e, 0x83, 0x1e, 0x83, 0x1e, 0x83, 0x1e, 0x83, 0x1e, 0x83, 0x1e, 0x83, 0x1e, 0x83,
    0x1e, 0x83, 0xfe, 0x82, 0xfe, 0x82, 0xfe, 0x8a, 0xfe, 0x8a, 0xfe, 0x8a, 0xfe, 0x8a, 0xfe, 0x8a,
    0xfe, 0x8a, 0xfe, 0x8a, 0xfe, 0x8a, 0xfe, 0x8a, 0xfe, 0x8a, 0xfe, 0x8a, 0xfe, 0x8a, 0xfe, 0x8a,
    0xfe, 0x8a, 0xfd, 0x82, 0xfd, 0x82, 0x1c, 0x8b, 0x1c, 0x8b, 0xfc, 0x82, 0xdd, 0x82, 0xfe, 0x8a,
    0x9f, 0x63, 0x7e, 0x63, 0x7d, 0x63, 0x9d, 0x63, 0x9d, 0x6b, 0x7d, 0x63, 0x7e, 0x63, 0x9f, 0x63,
    0x9f, 0x63, 0x9f, 0x63, 0x9f, 0x6b, 0x9f, 0x6b, 0x9f, 0x6b, 0x9f, 0x6b, 0x9f, 0x6b, 0x9f, 0x6b,
    0x9f, 0x6b, 0x9f, 0x6b, 0x9f, 0x6b, 0x9f, 0x6b, 0x9f, 0x6b, 0x9f, 0x6b, 0x9f, 0x6b, 0x9f, 0x6b,
    0x7f, 0x6b, 0x7f, 0x6b, 0x7f, 0x6b, 0x7f, 0x6b, 0x7f, 0x6b, 0x7f, 0x6b, 0x7f, 0x6b, 0x7f, 0x6b,
    0x7f, 0x6b, 0x7f, 0x6b, 0x7f, 0x6b, 0x7f, 0x6b, 0x7f, 0x6b, 0x7f, 0x6b, 0x7f, 0x6b, 0x7f, 0x6b,
    0x7f, 0x6b, 0x7f, 0x6b, 0x7f, 0x6b, 0x7f, 0x6b, 0x7f, 0x6b, 0x7f, 0x6b, 0x7f, 0x6b, 0x7f, 0x6b,
    0x7f, 0x6b, 0x7f, 0x6b, 0x7f, 0x6b, 0x7f, 0x6b, 0x7f, 0x73, 0x7f, 0x73, 0x7f, 0x73, 0x7f, 0x73,
    0x7f, 0x73, 0x7f, 0x73, 0x7f, 0x73, 0x5f, 0x73, 0x5f, 0x73, 0x5e, 0x73, 0x5e, 0x73, 0x5e, 0x73,
    0x5e, 0x73, 0x5e, 0x73, 0x5e, 0x73, 0x5e, 0x73, 0x5e, 0x73, 0x5e, 0x73, 0x5e, 0x73, 0x5e, 0x73,
    0x5e, 0x73, 0x5e, 0x73, 0x5e, 0x73, 0x3e, 0x73, 0x3e, 0x73, 0x3e, 0x73, 0x3d, 0x6b, 0x3d, 0x73,
    0xdd, 0x62, 0x7e, 0xb5, 0xff, 0xff, 0xdf, 0xff, 0xff, 0xff, 0xff, 0xff, 0xff, 0xff, 0xff, 0xff,
    0xff, 0xff, 0xff, 0xff, 0xff, 0xff, 0xff, 0xff, 0xff, 0xff, 0xff, 0xff, 0xff, 0xff, 0xff, 0xff,
    0xff, 0xff, 0xff, 0xff, 0xff, 0xff, 0xff, 0xff, 0xff, 0xff, 0xff, 0xff, 0xff, 0xff, 0xff, 0xff,
    0xff, 0xff, 0xff, 0xff, 0xff, 0xff, 0xff, 0xff, 0xff, 0xff, 0xff, 0xff, 0xff, 0xff, 0xff, 0xff,
    0xff, 0xff, 0xff, 0xff, 0xff, 0xff, 0xff, 0xff, 0xdf, 0xff, 0xff, 0xff, 0xbf, 0xde, 0xdd, 0x6a,
    0x1d, 0x73, 0x1d, 0x7b, 0x1d, 0x7b, 0x1e, 0x7b, 0x1e, 0x7b, 0x1e, 0x7b, 0x1e, 0x7b, 0x1e, 0x7b,
    0x1e, 0x7b, 0x1e, 0x7b, 0x1e, 0x7b, 0x1e, 0x7b, 0x1e, 0x7b, 0x1e, 0x7b, 0x1e, 0x7b, 0x1e, 0x7b,
    0x1e, 0x7b, 0x1e, 0x7b, 0x1e, 0x7b, 0x1e, 0x83, 0x1e, 0x7b, 0x1e, 0x83, 0x1e, 0x83, 0x1e, 0x83,
    0x1e, 0x83, 0x1e, 0x83, 0x1e, 0x83, 0x1e, 0x83, 0x1e, 0x83, 0x1e, 0x83, 0x1e, 0x83, 0x1e, 0x83,
    0x1e, 0x83, 0x1e, 0x83, 0x1e, 0x83, 0x1e, 0x83, 0x1e, 0x83, 0x1e, 0x83, 0x1e, 0x83, 0x1e, 0x83,
    0x1e, 0x83, 0x1e, 0x83, 0x1e, 0x83, 0x1e, 0x83, 0x1e, 0x83, 0x1e, 0x83, 0x1e, 0x83, 0x1e, 0x83,
    0x1e, 0x83, 0x1e, 0x83, 0x1e, 0x83, 0x1e, 0x83, 0x1e, 0x83, 0x1e, 0x83, 0x1e, 0x83, 0x1e, 0x83,
    0xfe, 0x82, 0xfe, 0x82, 0xfe, 0x8a, 0xfe, 0x8a, 0xfe, 0x8a, 0xfe, 0x8a, 0xfe, 0x8a, 0xfe, 0x8a,
    0xfe, 0x8a, 0xfe, 0x8a, 0xfe, 0x8a, 0xfe, 0x8a, 0xfe, 0x8a, 0xfe, 0x8a, 0xfe, 0x8a, 0xfe, 0x8a,
    0xfe, 0x8a, 0xfd, 0x82, 0xfd, 0x82, 0x1c, 0x8b, 0x1c, 0x8b, 0xfd, 0x82, 0xdd, 0x82, 0xfe, 0x8a,
    0x9f, 0x63, 0x7e, 0x63, 0x7d, 0x63, 0x9d, 0x63, 0x9d, 0x6b, 0x7d, 0x63, 0x7e, 0x63, 0x7e, 0x63,
    0x9f, 0x63, 0x9f, 0x6b, 0x9f, 0x6b, 0x9f, 0x6b, 0x9f, 0x6b, 0x9f, 0x6b, 0x9f, 0x6b, 0x9f, 0x6b,
    0x9f, 0x6b, 0x9f, 0x6b, 0x9f, 0x6b, 0x9f, 0x6b, 0x9f, 0x6b, 0x9f, 0x6b, 0x9f, 0x6b, 0x7f, 0x6b,
    0x7f, 0x6b, 0x7f, 0x6b, 0x7f, 0x6b, 0x7f, 0x6b, 0x7f, 0x6b, 0x7f, 0x6b, 0x7f, 0x6b, 0x7f, 0x6b,
    0x7f, 0x6b, 0x7f, 0x6b, 0x7f, 0x6b, 0x7f, 0x6b, 0x7f, 0x6b, 0x7f, 0x6b, 0x7f, 0x6b, 0x7f, 0x6b,
    0x7f, 0x6b, 0x7f, 0x6b, 0x7f, 0x6b, 0x7f, 0x6b, 0x7f, 0x6b, 0x7f, 0x6b, 0x7f, 0x6b, 0x7f, 0x6b,
    0x7f, 0x6b, 0x7f, 0x6b, 0x7f, 0x6b, 0x7f, 0x73, 0x7f, 0x73, 0x7f, 0x73, 0x7f, 0x73, 0x7f, 0x73,
    0x7f, 0x73, 0x7f, 0x73, 0x7f, 0x73, 0x7f, 0x73, 0x7f, 0x73, 0x5f, 0x73, 0x5f, 0x73, 0x5f, 0x73,
    0x5f, 0x73, 0x5f, 0x73, 0x5e, 0x73, 0x5e, 0x73, 0x5e, 0x73, 0x5e, 0x73, 0x5e, 0x73, 0x5e, 0x73,
    0x5e, 0x73, 0x5e, 0x73, 0x3e, 0x73, 0x3e, 0x73, 0x3e, 0x73, 0x3e, 0x73, 0x3d, 0x73, 0x1d, 0x6b,
    0x1d, 0x6b, 0x5f, 0xef, 0xff, 0xff, 0xff, 0xff, 0xff, 0xff, 0xff, 0xff, 0xff, 0xff, 0xff, 0xff,
    0xff, 0xff, 0xff, 0xff, 0xff, 0xff, 0xff, 0xff, 0xff, 0xff, 0xff, 0xff, 0xff, 0xff, 0xff, 0xff,
    0xff, 0xff, 0xff, 0xff, 0xff, 0xff, 0xff, 0xff, 0xff, 0xff, 0xff, 0xff, 0xff, 0xff, 0xff, 0xff,
    0xff, 0xff, 0xff, 0xff, 0xff, 0xff, 0xff, 0xff, 0xff, 0xff, 0xff, 0xff, 0xff, 0xff, 0xff, 0xff,
    0xff, 0xff, 0xff, 0xff, 0xff, 0xff, 0xff, 0xff, 0xff, 0xff, 0xff, 0xff, 0xff, 0xff, 0xdd, 0x8b,
    0xdd, 0x72, 0x1d, 0x7b, 0x1d, 0x7b, 0x1e, 0x7b, 0x1e, 0x7b, 0x1e, 0x7b, 0x1e, 0x7b, 0x1e, 0x7b,
    0x1e, 0x7b, 0x1e, 0x7b, 0x1e, 0x7b, 0x1e, 0x7b, 0x1e, 0x7b, 0x1e, 0x7b, 0x1e, 0x7b, 0x1e, 0x7b,
    0x3e, 0x83, 0x1e, 0x83, 0x1e, 0x83, 0x1e, 0x83, 0x1e, 0x83, 0x1e, 0x83, 0x1e, 0x83, 0x1e, 0x83,
    0x1e, 0x83, 0x1e, 0x83, 0x1e, 0x83, 0x1e, 0x83, 0x1e, 0x83, 0x1e, 0x83, 0x1e, 0x83, 0x1e, 0x83,
    0x1e, 0x83, 0x1e, 0x83, 0x1e, 0x83, 0x1e, 0x83, 0x1e, 0x83, 0x1e, 0x83, 0x1e, 0x83, 0x1e, 0x83,
    0x1e, 0x83, 0x1e, 0x83, 0x1e, 0x83, 0x1e, 0x83, 0x1e, 0x83, 0x1e, 0x83, 0x1e, 0x83, 0x1e, 0x83,
    0x1e, 0x83, 0x1e, 0x83, 0x1e, 0x83, 0x1e, 0x83, 0x1e, 0x83, 0x1e, 0x83, 0x1e, 0x83, 0xfe, 0x82,
    0xfe, 0x82, 0xfe, 0x8a, 0xfe, 0x8a, 0xfe, 0x8a, 0xfe, 0x8a, 0xfe, 0x8a, 0xfe, 0x8a, 0xfe, 0x8a,
    0xfe, 0x8a, 0xfe, 0x8a, 0xfe, 0x8a, 0xfe, 0x8a, 0xfe, 0x8a, 0xfe, 0x8a, 0xfe, 0x8a, 0xfe, 0x8a,
    0xfe, 0x8a, 0xfd, 0x82, 0xfc, 0x82, 0x1c, 0x8b, 0xfc, 0x8a, 0xfd, 0x82, 0xdd, 0x8a, 0xfe, 0x8a,
    0x9f, 0x63, 0x7e, 0x63, 0x7d, 0x63, 0x9d, 0x6b, 0x9d, 0x6b, 0x7d, 0x63, 0x7e, 0x63, 0x7e, 0x63,
    0x9f, 0x6b, 0x9f, 0x6b, 0x9f, 0x6b, 0x9f, 0x6b, 0x9f, 0x6b, 0x9f, 0x6b, 0x9f, 0x6b, 0x9f, 0x6b,
    0x9f, 0x6b, 0x9f, 0x6b, 0x9f, 0x6b, 0x9f, 0x6b, 0x9f, 0x6b, 0x9f, 0x6b, 0x7f, 0x6b, 0x7f, 0x6b,
    0x7f, 0x6b, 0x7f, 0x6b, 0x7f, 0x6b, 0x7f, 0x6b, 0x7f, 0x6b, 0x7f, 0x6b, 0x7f, 0x6b, 0x7f, 0x6b,
    0x7f, 0x6b, 0x7f, 0x6b, 0x7f, 0x6b, 0x7f, 0x6b, 0x7f, 0x6b, 0x7f, 0x6b, 0x7f, 0x6b, 0x7f, 0x6b,
    0x7f, 0x6b, 0x7f, 0x6b, 0x7f, 0x6b, 0x7f, 0x6b, 0x7f, 0x6b, 0x7f, 0x6b, 0x7f, 0x6b, 0x7f, 0x6b,
    0x7f, 0x6b, 0x7f, 0x6b, 0x7f, 0x73, 0x7f, 0x73, 0x7f, 0x73, 0x7f, 0x73, 0x7f, 0x73, 0x7f, 0x73,
    0x7f, 0x73, 0x7f, 0x73, 0x7f, 0x73, 0x7f, 0x73, 0x5f, 0x73, 0x5f, 0x73, 0x5f, 0x73, 0x5f, 0x73,
    0x5f, 0x73, 0x5f, 0x73, 0x5f, 0x73, 0x5f, 0x73, 0x5f, 0x73, 0x5e, 0x73, 0x5e, 0x73, 0x5e, 0x73,
    0x5e, 0x73, 0x5e, 0x73, 0x3e, 0x73, 0x3e, 0x73, 0x3e, 0x73, 0x3d, 0x73, 0x3d, 0x73, 0x1d, 0x6b,
    0x7d, 0x7b, 0xbf, 0xff, 0xff, 0xff, 0xff, 0xff, 0xff, 0xff, 0xff, 0xff, 0xff, 0xff, 0xff, 0xff,
    0xff, 0xff, 0xff, 0xff, 0xff, 0xff, 0xff, 0xff, 0xff, 0xff, 0xff, 0xff, 0xff, 0xff, 0xff, 0xff,
    0xff, 0xff, 0xff, 0xff, 0xff, 0xff, 0xff, 0xff, 0xff, 0xff, 0xff, 0xff, 0xff, 0xff, 0xff, 0xff,
    0xff, 0xff, 0xff, 0xff, 0xff, 0xff, 0xff, 0xff, 0xff, 0xff, 0xff, 0xff, 0xff, 0xff, 0xff, 0xff,
    0xff, 0xff, 0xff, 0xff, 0xff, 0xff, 0xff, 0xff, 0xff, 0xff, 0xff, 0xff, 0xff, 0xff, 0x5d, 0x9c,
    0xbd, 0x6a, 0x1d, 0x7b, 0x1d, 0x7b, 0x1d, 0x7b, 0x1e, 0x7b, 0x1e, 0x7b, 0x1e, 0x7b, 0x1e, 0x7b,
    0x1e, 0x7b, 0x3e, 0x7b, 0x3e, 0x7b, 0x3e, 0x7b, 0x3e, 0x7b, 0x3e, 0x7b, 0x3e, 0x83, 0x3e, 0x83,
    0x1e, 0x83, 0x1e, 0x83, 0x1e, 0x83, 0x1e, 0x83, 0x1e, 0x83, 0x1e, 0x83, 0x1e, 0x83, 0x1e, 0x83,
    0x1e, 0x83, 0x1e, 0x83, 0x1e, 0x83, 0x1e, 0x83, 0x1e, 0x83, 0x1e, 0x83, 0x1e, 0x83, 0x1e, 0x83,
    0x1e, 0x83, 0x1e, 0x83, 0x1e, 0x83, 0x1e, 0x83, 0x1e, 0x83, 0x1e, 0x83, 0x1e, 0x83, 0x1e, 0x83,
    0x1e, 0x83, 0x1e, 0x83, 0x1e, 0x83, 0x1e, 0x83, 0x1e, 0x83, 0x1e, 0x83, 0x1e, 0x83, 0x1e, 0x83,
    0x1e, 0x83, 0x1e, 0x83, 0x1e, 0x83, 0x1e, 0x83, 0x1e, 0x83, 0x1e, 0x83, 0xfe, 0x82, 0xfe, 0x82,
    0xfe, 0x8a, 0xfe, 0x8a, 0xfe, 0x8a, 0xfe, 0x8a, 0xfe, 0x8a, 0xfe, 0x8a, 0xfe, 0x8a, 0xfe, 0x8a,
    0xfe, 0x8a, 0xfe, 0x8a, 0xfe, 0x8a, 0xfe, 0x8a, 0xfe, 0x8a, 0xfe, 0x8a, 0xfe, 0x8a, 0xfe, 0x8a,
    0xfe, 0x8a, 0xdd, 0x82, 0xfc, 0x82, 0x1c, 0x8b, 0xfc, 0x8a, 0xfd, 0x82, 0xdd, 0x8a, 0xfe, 0x8a,
    0x9f, 0x63, 0x7e, 0x63, 0x7d, 0x63, 0x9d, 0x6b, 0x9d, 0x6b, 0x7d, 0x63, 0x7e, 0x63, 0x7e, 0x63,
    0x9f, 0x6b, 0x9f, 0x6b, 0x9f, 0x6b, 0x9f, 0x6b, 0x9f, 0x6b, 0x9f, 0x6b, 0x9f, 0x6b, 0x9f, 0x6b,
    0x9f, 0x6b, 0x9f, 0x6b, 0x9f, 0x6b, 0x9f, 0x6b, 0x9f, 0x6b, 0x7f, 0x6b, 0x7f, 0x6b, 0x7f, 0x6b,
    0x7f, 0x6b, 0x7f, 0x6b, 0x7f, 0x6b, 0x7f, 0x6b, 0x7f, 0x6b, 0x7f, 0x6b, 0x7f, 0x6b, 0x7f, 0x6b,
    0x7f, 0x6b, 0x7f, 0x6b, 0x7f, 0x6b, 0x7f, 0x6b, 0x7f, 0x6b, 0x7f, 0x6b, 0x7f, 0x6b, 0x7f, 0x6b,
    0x7f, 0x6b, 0x7f, 0x6b, 0x7f, 0x6b, 0x7f, 0x6b, 0x7f, 0x6b, 0x7f, 0x6b, 0x7f, 0x6b, 0x7f, 0x6b,
    0x7f, 0x6b, 0x7f, 0x73, 0x7f, 0x73, 0x7f, 0x73, 0x7f, 0x73, 0x7f, 0x73, 0x7f, 0x73, 0x7f, 0x73,
    0x7f, 0x73, 0x7f, 0x73, 0x7f, 0x73, 0x5f, 0x73, 0x5f, 0x73, 0x5f, 0x73, 0x5f, 0x73, 0x5f, 0x73,
    0x5f, 0x73, 0x5f, 0x73, 0x5f, 0x73, 0x5f, 0x73, 0x5f, 0x73, 0x5f, 0x73, 0x5e, 0x73, 0x5e, 0x73,
    0x5e, 0x73, 0x5e, 0x73, 0x5e, 0x73, 0x5e, 0x73, 0x3e, 0x73, 0x3e, 0x73, 0x3d, 0x73, 0x1d, 0x6b,
    0x5d, 0x73, 0x9f, 0xf7, 0xff, 0xff, 0xff, 0xff, 0xff, 0xff, 0xff, 0xff, 0xff, 0xff, 0xff, 0xff,
    0xff, 0xff, 0xff, 0xff, 0xff, 0xff, 0xff, 0xff, 0xff, 0xff, 0xff, 0xff, 0xff, 0xff, 0xff, 0xff,
    0xff, 0xff, 0xff, 0xff, 0xff, 0xff, 0xff, 0xff, 0xff, 0xff, 0xff, 0xff, 0xff, 0xff, 0xff, 0xff,
    0xff, 0xff, 0xff, 0xff, 0xff, 0xff, 0xff, 0xff, 0xff, 0xff, 0xff, 0xff, 0xff, 0xff, 0xff, 0xff,
    0xff, 0xff, 0xff, 0xff, 0xff, 0xff, 0xff, 0xff, 0xff, 0xff, 0xff, 0xff, 0xff, 0xff, 0x1d, 0x94,
    0xdd, 0x72, 0x1d, 0x7b, 0x1d, 0x7b, 0x1e, 0x7b, 0x1e, 0x7b, 0x1e, 0x7b, 0x1e, 0x7b, 0x1e, 0x7b,
    0x1e, 0x7b, 0x3e, 0x7b, 0x3e, 0x7b, 0x3e, 0x7b, 0x3e, 0x7b, 0x3e, 0x7b, 0x3e, 0x83, 0x1e, 0x83,
    0x1e, 0x83, 0x1e, 0x83, 0x1e, 0x83, 0x1e, 0x83, 0x1e, 0x83, 0x1e, 0x83, 0x1e, 0x83, 0x1e, 0x83,
    0x1e, 0x83, 0x1e, 0x83, 0x1e, 0x83, 0x1e, 0x83, 0x1e, 0x83, 0x1e, 0x83, 0x1e, 0x83, 0x1e, 0x83,
    0x1e, 0x83, 0x1e, 0x83, 0x1e, 0x83, 0x1e, 0x83, 0x1e, 0x83, 0x1e, 0x83, 0x1e, 0x83, 0x1e, 0x83,
    0x1e, 0x83, 0x1e, 0x83, 0x1e, 0x83, 0x1e, 0x83, 0x1e, 0x83, 0x1e, 0x83, 0x1e, 0x83, 0x1e, 0x83,
    0x1e, 0x83, 0x1e, 0x83, 0x1e, 0x83, 0x1e, 0x83, 0x1e, 0x83, 0xfe, 0x82, 0xfe, 0x82, 0xfe, 0x8a,
    0xfe, 0x8a, 0xfe, 0x8a, 0xfe, 0x8a, 0xfe, 0x8a, 0xfe, 0x8a, 0xfe, 0x8a, 0xfe, 0x8a, 0xfe, 0x8a,
    0xfe, 0x8a, 0xfe, 0x8a, 0xfe, 0x8a, 0xfe, 0x8a, 0xfe, 0x8a, 0xfe, 0x8a, 0xfe, 0x8a, 0xfe, 0x8a,
    0xfe, 0x8a, 0xdd, 0x82, 0xfc, 0x82, 0x1c, 0x8b, 0xfc, 0x8a, 0xdd, 0x82, 0xdd, 0x8a, 0xfe, 0x8a,
    0x5d, 0x5b, 0x9f, 0x63, 0x7d, 0x63, 0x9d, 0x63, 0x9d, 0x6b, 0x9d, 0x63, 0x7d, 0x63, 0x7e, 0x63,
    0x9f, 0x6b, 0x9f, 0x6b, 0x9f, 0x6b, 0x9f, 0x6b, 0x9f, 0x6b, 0x9f, 0x6b, 0x9f, 0x6b, 0x9f, 0x6b,
    0x9f, 0x6b, 0x9f, 0x6b, 0x9f, 0x6b, 0x9f, 0x6b, 0x7f, 0x6b, 0x7f, 0x6b, 0x7f, 0x6b, 0x7f, 0x6b,
    0x7f, 0x6b, 0x7f, 0x6b, 0x7f, 0x6b, 0x7f, 0x6b, 0x7f, 0x6b, 0x7f, 0x6b, 0x7f, 0x6b, 0x7f, 0x6b,
    0x7f, 0x6b, 0x7f, 0x6b, 0x7f, 0x6b, 0x7f, 0x6b, 0x7f, 0x6b, 0x7f, 0x6b, 0x7f, 0x6b, 0x7f, 0x6b,
    0x7f, 0x6b, 0x7f, 0x6b, 0x7f, 0x6b, 0x7f, 0x6b, 0x7f, 0x6b, 0x7f, 0x6b, 0x7f, 0x6b, 0x7f, 0x6b,
    0x7f, 0x73, 0x7f, 0x73, 0x7f, 0x73, 0x7f, 0x73, 0x7f, 0x73, 0x7f, 0x73, 0x7f, 0x73, 0x7f, 0x73,
    0x7f, 0x73, 0x7f, 0x73, 0x5f, 0x73, 0x5f, 0x73, 0x5f, 0x73, 0x5f, 0x73, 0x5f, 0x73, 0x5f, 0x73,
    0x5f, 0x73, 0x5f, 0x73, 0x5f, 0x73, 0x5f, 0x73, 0x5f, 0x73, 0x5f, 0x73, 0x5e, 0x73, 0x5e, 0x73,
    0x5e, 0x73, 0x5e, 0x73, 0x5e, 0x73, 0x5e, 0x73, 0x3e, 0x73, 0x3e, 0x73, 0x3d, 0x73, 0x3d, 0x73,
    0xdd, 0x62, 0x1e, 0xce, 0xff, 0xff, 0xdf, 0xff, 0xff, 0xff, 0xff, 0xff, 0xff, 0xff, 0xff, 0xff,
    0xff, 0xff, 0xff, 0xff, 0xff, 0xff, 0xff, 0xff, 0xff, 0xff, 0xff, 0xff, 0xff, 0xff, 0xff, 0xff,
    0xff, 0xff, 0xff, 0xff, 0xff, 0xff, 0xff, 0xff, 0xff, 0xff, 0xff, 0xff, 0xff, 0xff, 0xff, 0xff,
    0xff, 0xff, 0xff, 0xff, 0xff, 0xff, 0xff, 0xff, 0xff, 0xff, 0xff, 0xff, 0xff, 0xff, 0xff, 0xff,
    0xff, 0xff, 0xff, 0xff, 0xff, 0xff, 0xff, 0xff, 0xff, 0xff, 0xff, 0xff, 0x5f, 0xef, 0xfd, 0x72,
    0x1d, 0x73, 0x1d, 0x7b, 0x1d, 0x7b, 0x1e, 0x7b, 0x1e, 0x7b, 0x1e, 0x7b, 0x1e, 0x7b, 0x1e, 0x7b,
    0x1e, 0x7b, 0x3e, 0x7b, 0x3e, 0x7b, 0x3e, 0x7b, 0x3e, 0x7b, 0x3e, 0x83, 0x1e, 0x83, 0x1e, 0x83,
    0x1e, 0x83, 0x1e, 0x83, 0x1e, 0x83, 0x1e, 0x83, 0x1e, 0x83, 0x1e, 0x83, 0x1e, 0x83, 0x1e, 0x83,
    0x1e, 0x83, 0x1e, 0x83, 0x1e, 0x83, 0x1e, 0x83, 0x1e, 0x83, 0x1e, 0x83, 0x1e, 0x83, 0x1e, 0x83,
    0x1e, 0x83, 0x1e, 0x83, 0x1e, 0x83, 0x1e, 0x83, 0x1e, 0x83, 0x1e, 0x83, 0x1e, 0x83, 0x1e, 0x83,
    0x1e, 0x83, 0x1e, 0x83, 0x1e, 0x83, 0x1e, 0x83, 0x1e, 0x83, 0x1e, 0x83, 0x1e, 0x83, 0x1e, 0x83,
    0x1e, 0x83, 0x1e, 0x83, 0x1e, 0x83, 0x1e, 0x83, 0xfe, 0x82, 0xfe, 0x82, 0xfe, 0x8a, 0xfe, 0x8a,
    0xfe, 0x8a, 0xfe, 0x8a, 0xfe, 0x8a, 0xfe, 0x8a, 0xfe, 0x8a, 0xfe, 0x8a, 0xfe, 0x8a, 0xfe, 0x8a,
    0xfe, 0x8a, 0xfe, 0x8a, 0xfe, 0x8a, 0xfe, 0x8a, 0xfe, 0x8a, 0xfe, 0x8a, 0xfe, 0x8a, 0xfe, 0x8a,
    0xde, 0x8a, 0xdd, 0x82, 0xfc, 0x82, 0x1c, 0x8b, 0xfc, 0x8a, 0xdd, 0x82, 0xfe, 0x8a, 0xdc, 0x82,
    0x1a, 0x53, 0x9f, 0x6b, 0x7d, 0x63, 0x9d, 0x63, 0x9d, 0x6b, 0x9d, 0x6b, 0x7d, 0x63, 0x7e, 0x63,
    0x9f, 0x6b, 0x9f, 0x6b, 0x9f, 0x6b, 0x9f, 0x6b, 0x9f, 0x6b, 0x9f, 0x6b, 0x9f, 0x6b, 0x9f, 0x6b,
    0x9f, 0x6b, 0x9f, 0x6b, 0x9f, 0x6b, 0x7f, 0x6b, 0x7f, 0x6b, 0x7f, 0x6b, 0x7f, 0x6b, 0x7f, 0x6b,
    0x7f, 0x6b, 0x7f, 0x6b, 0x7f, 0x6b, 0x7f, 0x6b, 0x7f, 0x6b, 0x7f, 0x6b, 0x7f, 0x6b, 0x7f, 0x6b,
    0x7f, 0x6b, 0x7f, 0x6b, 0x7f, 0x6b, 0x7f, 0x6b, 0x7f, 0x6b, 0x7f, 0x6b, 0x7f, 0x6b, 0x7f, 0x6b,
    0x7f, 0x6b, 0x7f, 0x6b, 0x7f, 0x6b, 0x7f, 0x6b, 0x7f, 0x6b, 0x7f, 0x6b, 0x7f, 0x6b, 0x7f, 0x73,
    0x7f, 0x73, 0x7f, 0x73, 0x7f, 0x73, 0x7f, 0x73, 0x7f, 0x73, 0x7f, 0x73, 0x7f, 0x73, 0x7f, 0x73,
    0x7f, 0x73, 0x5f, 0x73, 0x5f, 0x73, 0x5f, 0x73, 0x5f, 0x73, 0x5f, 0x73, 0x5f, 0x73, 0x5f, 0x73,
    0x5f, 0x73, 0x5f, 0x73, 0x5f, 0x73, 0x5f, 0x73, 0x5f, 0x73, 0x5f, 0x73, 0x5e, 0x73, 0x5e, 0x73,
    0x5e, 0x73, 0x5e, 0x73, 0x5e, 0x73, 0x5e, 0x73, 0x3e, 0x73, 0x3e, 0x73, 0x3d, 0x73, 0x3d, 0x73,
    0x1d, 0x6b, 0x5d, 0x73, 0xff, 0xe6, 0xff, 0xff, 0xff, 0xff, 0xff, 0xff, 0xff, 0xff, 0xff, 0xff,
    0xff, 0xff, 0xff, 0xff, 0xff, 0xff, 0xff, 0xff, 0xff, 0xff, 0xff, 0xff, 0xff, 0xff, 0xff, 0xff,
    0xff, 0xff, 0xff, 0xff, 0xff, 0xff, 0xff, 0xff, 0xff, 0xff, 0xff, 0xff, 0xff, 0xff, 0xff, 0xff,
    0xff, 0xff, 0xff, 0xff, 0xff, 0xff, 0xff, 0xff, 0xff, 0xff, 0xff, 0xff, 0xff, 0xff, 0xff, 0xff,
    0xff, 0xff, 0xff, 0xff, 0xff, 0xff, 0xff, 0xff, 0xff, 0xff, 0xbf, 0xf7, 0xfd, 0x8b, 0xdc, 0x72,
    0x1d, 0x7b, 0x1d, 0x7b, 0x1d, 0x7b, 0x1e, 0x7b, 0x1e, 0x7b, 0x1e, 0x7b, 0x1e, 0x7b, 0x1e, 0x7b,
    0x1e, 0x7b, 0x3e, 0x7b, 0x3e, 0x7b, 0x3e, 0x7b, 0x3e, 0x83, 0x1e, 0x83, 0x1e, 0x83, 0x1e, 0x83,
    0x1e, 0x83, 0x1e, 0x83, 0x1e, 0x83, 0x1e, 0x83, 0x1e, 0x83, 0x1e, 0x83, 0x1e, 0x83, 0x1e, 0x83,
    0x1e, 0x83, 0x1e, 0x83, 0x1e, 0x83, 0x1e, 0x83, 0x1e, 0x83, 0x1e, 0x83, 0x1e, 0x83, 0x1e, 0x83,
    0x1e, 0x83, 0x1e, 0x83, 0x1e, 0x83, 0x1e, 0x83, 0x1e, 0x83, 0x1e, 0x83, 0x1e, 0x83, 0x1e, 0x83,
    0x1e, 0x83, 0x1e, 0x83, 0x1e, 0x83, 0x1e, 0x83, 0x1e, 0x83, 0x1e, 0x83, 0x1e, 0x83, 0x1e, 0x83,
    0x1e, 0x83, 0x1e, 0x83, 0x1e, 0x83, 0xfe, 0x82, 0xfe, 0x82, 0xfe, 0x8a, 0xfe, 0x8a, 0xfe, 0x8a,
    0xfe, 0x8a, 0xfe, 0x8a, 0xfe, 0x8a, 0xfe, 0x8a, 0xfe, 0x8a, 0xfe, 0x8a, 0xfe, 0x8a, 0xfe, 0x8a,
    0xfe, 0x8a, 0xfe, 0x8a, 0xfe, 0x8a, 0xfe, 0x8a, 0xfe, 0x8a, 0xfe, 0x8a, 0xfe, 0x8a, 0xfe, 0x8a,
    0xdd, 0x82, 0xdd, 0x82, 0xfc, 0x8a, 0x1c, 0x8b, 0xfc, 0x8a, 0xdd, 0x82, 0xfe, 0x8a, 0x9a, 0x72,
    0x1a, 0x53, 0x9f, 0x6b, 0x7d, 0x63, 0x7d, 0x63, 0x9d, 0x6b, 0x9d, 0x6b, 0x7d, 0x63, 0x7e, 0x63,
    0x7f, 0x63, 0x9f, 0x6b, 0x9f, 0x6b, 0x9f, 0x6b, 0x9f, 0x6b, 0x9f, 0x6b, 0x9f, 0x6b, 0x9f, 0x6b,
    0x9f, 0x6b, 0x9f, 0x6b, 0x7f, 0x6b, 0x7f, 0x6b, 0x7f, 0x6b, 0x7f, 0x6b, 0x7f, 0x6b, 0x7f, 0x6b,
    0x7f, 0x6b, 0x7f, 0x6b, 0x7f, 0x6b, 0x7f, 0x6b, 0x7f, 0x6b, 0x7f, 0x6b, 0x7f, 0x6b, 0x7f, 0x6b,
    0x7f, 0x6b, 0x7f, 0x6b, 0x7f, 0x6b, 0x7f, 0x6b, 0x7f, 0x6b, 0x7f, 0x6b, 0x7f, 0x6b, 0x7f, 0x6b,
    0x7f, 0x6b, 0x7f, 0x6b, 0x7f, 0x6b, 0x7f, 0x6b, 0x7f, 0x6b, 0x7f, 0x6b, 0x7f, 0x73, 0x7f, 0x73,
    0x7f, 0x73, 0x7f, 0x73, 0x7f, 0x73, 0x7f, 0x73, 0x7f, 0x73, 0x7f, 0x73, 0x7f, 0x73, 0x7f, 0x73,
    0x5f, 0x73, 0x5f, 0x73, 0x5f, 0x73, 0x5f, 0x73, 0x5f, 0x73, 0x5f, 0x73, 0x5f, 0x73, 0x5f, 0x73,
    0x5f, 0x73, 0x5f, 0x73, 0x5f, 0x73, 0x5f, 0x73, 0x5f, 0x73, 0x5f, 0x73, 0x5e, 0x73, 0x5e, 0x73,
    0x5e, 0x73, 0x5e, 0x73, 0x5e, 0x73, 0x3e, 0x73, 0x3e, 0x73, 0x3e, 0x73, 0x3d, 0x73, 0x3d, 0x73,
    0x3d, 0x73, 0xfc, 0x6a, 0x5c, 0x73, 0x9e, 0xd6, 0xff, 0xff, 0xff, 0xff, 0xff, 0xff, 0xff, 0xff,
    0xff, 0xff, 0xff, 0xff, 0xff, 0xff, 0xff, 0xff, 0xff, 0xff, 0xff, 0xff, 0xff, 0xff, 0xff, 0xff,
    0xff, 0xff, 0xff, 0xff, 0xff, 0xff, 0xff, 0xff, 0xff, 0xff, 0xff, 0xff, 0xff, 0xff, 0xff, 0xff,
    0xff, 0xff, 0xff, 0xff, 0xff, 0xff, 0xff, 0xff, 0xff, 0xff, 0xff, 0xff, 0xff, 0xff, 0xff, 0xff,
    0xff, 0xff, 0xff, 0xff, 0xff, 0xff, 0xff, 0xff, 0x1f, 0xe7, 0xfd, 0x8b, 0x9c, 0x6a, 0x1d, 0x7b,
    0xfd, 0x72, 0x1d, 0x7b, 0x1d, 0x7b, 0x1e, 0x7b, 0x1e, 0x7b, 0x1e, 0x7b, 0x1e, 0x7b, 0x1e, 0x7b,
    0x1e, 0x7b, 0x3e, 0x7b, 0x3e, 0x83, 0x3e, 0x83, 0x1e, 0x83, 0x1e, 0x83, 0x1e, 0x83, 0x1e, 0x83,
    0x1e, 0x83, 0x1e, 0x83, 0x1e, 0x83, 0x1e, 0x83, 0x1e, 0x83, 0x1e, 0x83, 0x1e, 0x83, 0x1e, 0x83,
    0x1e, 0x83, 0x1e, 0x83, 0x1e, 0x83, 0x1e, 0x83, 0x1e, 0x83, 0x1e, 0x83, 0x1e, 0x83, 0x1e, 0x83,
    0x1e, 0x83, 0x1e, 0x83, 0x1e, 0x83, 0x1e, 0x83, 0x1e, 0x83, 0x1e, 0x83, 0x1e, 0x83, 0x1e, 0x83,
    0x1e, 0x83, 0x1e, 0x83, 0x1e, 0x83, 0x1e, 0x83, 0x1e, 0x83, 0x1e, 0x83, 0x1e, 0x83, 0x1e, 0x83,
    0x1e, 0x83, 0x1e, 0x83, 0xfe, 0x82, 0xfe, 0x82, 0xfe, 0x8a, 0xfe, 0x8a, 0xfe, 0x8a, 0xfe, 0x8a,
    0xfe, 0x8a, 0xfe, 0x8a, 0xfe, 0x8a, 0xfe, 0x8a, 0xfe, 0x8a, 0xfe, 0x8a, 0xfe, 0x8a, 0xfe, 0x8a,
    0xfe, 0x8a, 0xfe, 0x8a, 0xfe, 0x8a, 0xfe, 0x8a, 0xfe, 0x8a, 0xfe, 0x8a, 0xfe, 0x8a, 0xfe, 0x8a,
    0xdd, 0x82, 0xfd, 0x82, 0xfc, 0x8a, 0x1c, 0x8b, 0xfc, 0x82, 0xdd, 0x82, 0xfe, 0x8a, 0x9a, 0x72,
    0x96, 0x42, 0x9f, 0x6b, 0x7d, 0x63, 0x7d, 0x63, 0x9d, 0x6b, 0x9d, 0x6b, 0x7d, 0x63, 0x7e, 0x63,
    0x7e, 0x63, 0x9f, 0x6b, 0x9f, 0x6b, 0x9f, 0x6b, 0x9f, 0x6b, 0x9f, 0x6b, 0x9f, 0x6b, 0x9f, 0x6b,
    0x9f, 0x6b, 0x7f, 0x6b, 0x7f, 0x6b, 0x7f, 0x6b, 0x7f, 0x6b, 0x7f, 0x6b, 0x7f, 0x6b, 0x7f, 0x6b,
    0x7f, 0x6b, 0x7f, 0x6b, 0x7f, 0x6b, 0x7f, 0x6b, 0x7f, 0x6b, 0x7f, 0x6b, 0x7f, 0x6b, 0x7f, 0x6b,
    0x7f, 0x6b, 0x7f, 0x6b, 0x7f, 0x6b, 0x7f, 0x6b, 0x7f, 0x6b, 0x7f, 0x6b, 0x7f, 0x6b, 0x7f, 0x6b,
    0x7f, 0x6b, 0x7f, 0x6b, 0x7f, 0x6b, 0x7f, 0x6b, 0x7f, 0x6b, 0x7f, 0x73, 0x7f, 0x73, 0x7f, 0x73,
    0x7f, 0x73, 0x7f, 0x73, 0x7f, 0x73, 0x7f, 0x73, 0x7f, 0x73, 0x7f, 0x73, 0x7f, 0x73, 0x5f, 0x73,
    0x5f, 0x73, 0x5f, 0x73, 0x5f, 0x73, 0x5f, 0x73, 0x5f, 0x73, 0x5f, 0x73, 0x5f, 0x73, 0x5f, 0x73,
    0x5f, 0x73, 0x5f, 0x73, 0x5f, 0x73, 0x5f, 0x73, 0x5f, 0x73, 0x5f, 0x73, 0x5e, 0x73, 0x5e, 0x73,
    0x5e, 0x73, 0x5e, 0x73, 0x3e, 0x73, 0x3e, 0x73, 0x3e, 0x73, 0x3e, 0x73, 0x3d, 0x73, 0x3d, 0x73,
    0x1d, 0x6b, 0x3d, 0x73, 0xfc, 0x6a, 0xdc, 0x6a, 0xdc, 0x83, 0x3c, 0x94, 0x3c, 0x94, 0x3c, 0x94,
    0x3c, 0x94, 0x3c, 0x8c, 0x3c, 0x8c, 0x3c, 0x8c, 0x1b, 0x8c, 0x1b, 0x8c, 0x1b, 0x8c, 0x1b, 0x8c,
    0x1b, 0x8c, 0x1b, 0x8c, 0x1b, 0x8c, 0x1b, 0x8c, 0x1b, 0x8c, 0x1b, 0x8c, 0x1b, 0x8c, 0x1b, 0x8c,
    0x1b, 0x8c, 0x1b, 0x8c, 0x1b, 0x8c, 0x1b, 0x94, 0x1c, 0x94, 0x1c, 0x94, 0x1c, 0x94, 0x1c, 0x94,
    0x3c, 0x94, 0x1c, 0x94, 0x3c, 0x94, 0xfc, 0x8b, 0xfc, 0x72, 0xbc, 0x6a, 0x1c, 0x73, 0xfd, 0x72,
    0x1d, 0x7b, 0x1d, 0x7b, 0x1d, 0x7b, 0x1e, 0x7b, 0x1e, 0x7b, 0x1e, 0x7b, 0x1e, 0x7b, 0x1e, 0x7b,
    0x1e, 0x7b, 0x3e, 0x7b, 0x3e, 0x83, 0x1e, 0x83, 0x1e, 0x83, 0x1e, 0x83, 0x1e, 0x83, 0x1e, 0x83,
    0x1e, 0x83, 0x1e, 0x83, 0x1e, 0x83, 0x1e, 0x83, 0x1e, 0x83, 0x1e, 0x83, 0x1e, 0x83, 0x1e, 0x83,
    0x1e, 0x83, 0x1e, 0x83, 0x1e, 0x83, 0x1e, 0x83, 0x1e, 0x83, 0x1e, 0x83, 0x1e, 0x83, 0x1e, 0x83,
    0x1e, 0x83, 0x1e, 0x83, 0x1e, 0x83, 0x1e, 0x83, 0x1e, 0x83, 0x1e, 0x83, 0x1e, 0x83, 0x1e, 0x83,
    0x1e, 0x83, 0x1e, 0x83, 0x1e, 0x83, 0x1e, 0x83, 0x1e, 0x83, 0x1e, 0x83, 0x1e, 0x83, 0x1e, 0x83,
    0x1e, 0x83, 0xfe, 0x82, 0xfe, 0x82, 0xfe, 0x8a, 0xfe, 0x8a, 0xfe, 0x8a, 0xfe, 0x8a, 0xfe, 0x8a,
    0xfe, 0x8a, 0xfe, 0x8a, 0xfe, 0x8a, 0xfe, 0x8a, 0xfe, 0x8a, 0xfe, 0x8a, 0xfe, 0x8a, 0xfe, 0x8a,
    0xfe, 0x8a, 0xfe, 0x8a, 0xfe, 0x8a, 0xfe, 0x8a, 0xfe, 0x8a, 0xfe, 0x8a, 0xfe, 0x8a, 0xfe, 0x8a,
    0xdd, 0x82, 0xfd, 0x82, 0x1c, 0x8b, 0x1c, 0x8b, 0xfc, 0x82, 0xdd, 0x82, 0xff, 0x92, 0x55, 0x5a,
    0x95, 0x42, 0xbf, 0x6b, 0x7d, 0x63, 0x7d, 0x63, 0x9d, 0x6b, 0x9d, 0x6b, 0x7d, 0x63, 0x7e, 0x63,
    0x7e, 0x63, 0x9f, 0x6b, 0x9f, 0x6b, 0x9f, 0x6b, 0x9f, 0x6b, 0x9f, 0x6b, 0x9f, 0x6b, 0x9f, 0x6b,
    0x7f, 0x6b, 0x7f, 0x6b, 0x7f, 0x6b, 0x7f, 0x6b, 0x7f, 0x6b, 0x7f, 0x6b, 0x7f, 0x6b, 0x7f, 0x6b,
    0x7f, 0x6b, 0x7f, 0x6b, 0x7f, 0x6b, 0x7f, 0x6b, 0x7f, 0x6b, 0x7f, 0x6b, 0x7f, 0x6b, 0x7f, 0x6b,
    0x7f, 0x6b, 0x7f, 0x6b, 0x7f, 0x6b, 0x7f, 0x6b, 0x7f, 0x6b, 0x7f, 0x6b, 0x7f, 0x6b, 0x7f, 0x6b,
    0x7f, 0x6b, 0x7f, 0x6b, 0x7f, 0x6b, 0x7f, 0x6b, 0x7f, 0x73, 0x7f, 0x73, 0x7f, 0x73, 0x7f, 0x73,
    0x7f, 0x73, 0x7f, 0x73, 0x7f, 0x73, 0x7f, 0x73, 0x7f, 0x73, 0x7f, 0x73, 0x5f, 0x73, 0x5f, 0x73,
    0x5f, 0x73, 0x5f, 0x73, 0x5f, 0x73, 0x5f, 0x73, 0x5f, 0x73, 0x5f, 0x73, 0x5f, 0x73, 0x5f, 0x73,
    0x5f, 0x73, 0x5f, 0x73, 0x5f, 0x73, 0x5f, 0x73, 0x5f, 0x73, 0x5f, 0x73, 0x5e, 0x73, 0x5e, 0x73,
    0x5e, 0x73, 0x5e, 0x73, 0x3e, 0x73, 0x3e, 0x73, 0x3e, 0x73, 0x3e, 0x73, 0x3d, 0x73, 0x3d, 0x73,
    0x1d, 0x73, 0x1d, 0x6b, 0x1c, 0x73, 0x1c, 0x6b, 0xdc, 0x6a, 0xbb, 0x62, 0xbb, 0x62, 0x9b, 0x62,
    0x9b, 0x62, 0x9a, 0x62, 0x9a, 0x62, 0x9a, 0x62, 0x9a, 0x62, 0x7a, 0x62, 0x7a, 0x62, 0x7a, 0x62,
    0x7a, 0x62, 0x7a, 0x62, 0x7a, 0x62, 0x7a, 0x62, 0x7a, 0x62, 0x7a, 0x62, 0x7a, 0x62, 0x7a, 0x62,
    0x7a, 0x62, 0x7a, 0x62, 0x7a, 0x62, 0x7a, 0x62, 0x7a, 0x62, 0x7a, 0x62, 0x7a, 0x62, 0x9b, 0x62,
    0x9b, 0x62, 0x9b, 0x6a, 0x9b, 0x6a, 0xbc, 0x6a, 0xfc, 0x72, 0xfc, 0x72, 0xfc, 0x72, 0xfd, 0x72,
    0x1d, 0x7b, 0x1d, 0x7b, 0x1d, 0x7b, 0x1e, 0x7b, 0x1e, 0x7b, 0x1e, 0x7b, 0x1e, 0x7b, 0x1e, 0x7b,
    0x1e, 0x7b, 0x3e, 0x83, 0x1e, 0x83, 0x1e, 0x83, 0x1e, 0x83, 0x1e, 0x83, 0x1e, 0x83, 0x1e, 0x83,
    0x1e, 0x83, 0x1e, 0x83, 0x1e, 0x83, 0x1e, 0x83, 0x1e, 0x83, 0x1e, 0x83, 0x1e, 0x83, 0x1e, 0x83,
    0x1e, 0x83, 0x1e, 0x83, 0x1e, 0x83, 0x1e, 0x83, 0x1e, 0x83, 0x1e, 0x83, 0x1e, 0x83, 0x1e, 0x83,
    0x1e, 0x83, 0x1e, 0x83, 0x1e, 0x83, 0x1e, 0x83, 0x1e, 0x83, 0x1e, 0x83, 0x1e, 0x83, 0x1e, 0x83,
    0x1e, 0x83, 0x1e, 0x83, 0x1e, 0x83, 0x1e, 0x83, 0x1e, 0x83, 0x1e, 0x83, 0x1e, 0x83, 0x1e, 0x83,
    0xfe, 0x82, 0xfe, 0x82, 0xfe, 0x8a, 0xfe, 0x8a, 0xfe, 0x8a, 0xfe, 0x8a, 0xfe, 0x8a, 0xfe, 0x8a,
    0xfe, 0x8a, 0xfe, 0x8a, 0xfe, 0x8a, 0xfe, 0x8a, 0xfe, 0x8a, 0xfe, 0x8a, 0xfe, 0x8a, 0xfe, 0x8a,
    0xfe, 0x8a, 0xfe, 0x8a, 0xfe, 0x8a, 0xfe, 0x8a, 0xfe, 0x8a, 0xfe, 0x8a, 0xfe, 0x8a, 0xfe, 0x8a,
    0xdd, 0x82, 0xfc, 0x82, 0x1c, 0x8b, 0x1c, 0x8b, 0xfd, 0x82, 0xdd, 0x82, 0xff, 0x92, 0x34, 0x52,
    0x10, 0x32, 0x9f, 0x6b, 0x7e, 0x63, 0x7d, 0x63, 0x9d, 0x6b, 0x9d, 0x6b, 0x7d, 0x6b, 0x7d, 0x63,
    0x7e, 0x63, 0x7f, 0x6b, 0x9f, 0x6b, 0x9f, 0x6b, 0x9f, 0x6b, 0x9f, 0x6b, 0x9f, 0x6b, 0x7f, 0x6b,
    0x7f, 0x6b, 0x7f, 0x6b, 0x7f, 0x6b, 0x7f, 0x6b, 0x7f, 0x6b, 0x7f, 0x6b, 0x7f, 0x6b, 0x7f, 0x6b,
    0x7f, 0x6b, 0x7f, 0x6b, 0x7f, 0x6b, 0x7f, 0x6b, 0x7f, 0x6b, 0x7f, 0x6b, 0x7f, 0x6b, 0x7f, 0x6b,
    0x7f, 0x6b, 0x7f, 0x6b, 0x7f, 0x6b, 0x7f, 0x6b, 0x7f, 0x6b, 0x7f, 0x6b, 0x7f, 0x6b, 0x7f, 0x6b,
    0x7f, 0x6b, 0x7f, 0x6b, 0x7f, 0x6b, 0x7f, 0x73, 0x7f, 0x73, 0x7f, 0x73, 0x7f, 0x73, 0x7f, 0x73,
    0x7f, 0x73, 0x7f, 0x73, 0x7f, 0x73, 0x7f, 0x73, 0x7f, 0x73, 0x5f, 0x73, 0x5f, 0x73, 0x5f, 0x73,
    0x5f, 0x73, 0x5f, 0x73, 0x5f, 0x73, 0x5f, 0x73, 0x5f, 0x73, 0x5f, 0x73, 0x5f, 0x73, 0x5f, 0x73,
    0x5f, 0x73, 0x5f, 0x73, 0x5f, 0x73, 0x5f, 0x73, 0x5f, 0x73, 0x5f, 0x73, 0x5e, 0x73, 0x5e, 0x73,
    0x5e, 0x73, 0x5e, 0x73, 0x5e, 0x73, 0x3e, 0x73, 0x3e, 0x73, 0x3e, 0x73, 0x3d, 0x73, 0x3d, 0x73,
    0x3d, 0x73, 0x1d, 0x73, 0x1d, 0x6b, 0x1c, 0x6b, 0x1c, 0x6b, 0x1c, 0x6b, 0xfc, 0x6a, 0xfb, 0x6a,
    0xfb, 0x6a, 0xfb, 0x6a, 0xfb, 0x6a, 0xfb, 0x6a, 0xdb, 0x6a, 0xdb, 0x6a, 0xdb, 0x6a, 0xdb, 0x6a,
    0xda, 0x6a, 0xda, 0x6a, 0xda, 0x6a, 0xda, 0x6a, 0xda, 0x6a, 0xda, 0x6a, 0xda, 0x6a, 0xda, 0x6a,
    0xda, 0x6a, 0xdb, 0x6a, 0xdb, 0x6a, 0xdb, 0x6a, 0xdb, 0x6a, 0xdb, 0x6a, 0xdb, 0x72, 0xdb, 0x72,
    0xfb, 0x72, 0xfc, 0x72, 0xfc, 0x72, 0xfc, 0x72, 0xfc, 0x72, 0xfc, 0x72, 0xfd, 0x72, 0xfd, 0x7a,
    0xfd, 0x7a, 0x1d, 0x7b, 0x1e, 0x7b, 0x1e, 0x7b, 0x1e, 0x7b, 0x1e, 0x7b, 0x1e, 0x7b, 0x1e, 0x7b,
    0x1e, 0x83, 0x1e, 0x83, 0x1e, 0x83, 0x1e, 0x83, 0x1e, 0x83, 0x1e, 0x83, 0x1e, 0x83, 0x1e, 0x83,
    0x1e, 0x83, 0x1e, 0x83, 0x1e, 0x83, 0x1e, 0x83, 0x1e, 0x83, 0x1e, 0x83, 0x1e, 0x83, 0x1e, 0x83,
    0x1e, 0x83, 0x1e, 0x83, 0x1e, 0x83, 0x1e, 0x83, 0x1e, 0x83, 0x1e, 0x83, 0x1e, 0x83, 0x1e, 0x83,
    0x1e, 0x83, 0x1e, 0x83, 0x1e, 0x83, 0x1e, 0x83, 0x1e, 0x83, 0x1e, 0x83, 0x1e, 0x83, 0x1e, 0x83,
    0x1e, 0x83, 0x1e, 0x83, 0x1e, 0x83, 0x1e, 0x83, 0x1e, 0x83, 0x1e, 0x83, 0x1e, 0x83, 0xfe, 0x82,
    0xfe, 0x82, 0xfe, 0x8a, 0xfe, 0x8a, 0xfe, 0x8a, 0xfe, 0x8a, 0xfe, 0x8a, 0xfe, 0x8a, 0xfe, 0x8a,
    0xfe, 0x8a, 0xfe, 0x8a, 0xfe, 0x8a, 0xfe, 0x8a, 0xfe, 0x8a, 0xfe, 0x8a, 0xfe, 0x8a, 0xfe, 0x8a,
    0xfe, 0x8a, 0xfe, 0x8a, 0xfe, 0x8a, 0xfe, 0x8a, 0xfe, 0x8a, 0xfe, 0x8a, 0xfe, 0x8a, 0xde, 0x8a,
    0xdd, 0x82, 0xfc, 0x8a, 0x1c, 0x8b, 0xfc, 0x8a, 0xdd, 0x8a, 0xdd, 0x82, 0xff, 0x8a, 0xd0, 0x39,
    0x8c, 0x21, 0x7e, 0x63, 0x7e, 0x63, 0x7d, 0x63, 0x7d, 0x6b, 0x9d, 0x6b, 0x9d, 0x6b, 0x7d, 0x63,
    0x7e, 0x63, 0x7f, 0x6b, 0x9f, 0x6b, 0x9f, 0x6b, 0x9f, 0x6b, 0x9f, 0x6b, 0x7f, 0x6b, 0x7f, 0x6b,
    0x7f, 0x6b, 0x7f, 0x6b, 0x7f, 0x6b, 0x7f, 0x6b, 0x7f, 0x6b, 0x7f, 0x6b, 0x7f, 0x6b, 0x7f, 0x6b,
    0x7f, 0x6b, 0x7f, 0x6b, 0x7f, 0x6b, 0x7f, 0x6b, 0x7f, 0x6b, 0x7f, 0x6b, 0x7f, 0x6b, 0x7f, 0x6b,
    0x7f, 0x6b, 0x7f, 0x6b, 0x7f, 0x6b, 0x7f, 0x6b, 0x7f, 0x6b, 0x7f, 0x6b, 0x7f, 0x6b, 0x7f, 0x6b,
    0x7f, 0x6b, 0x7f, 0x6b, 0x7f, 0x73, 0x7f, 0x73, 0x7f, 0x73, 0x7f, 0x73, 0x7f, 0x73, 0x7f, 0x73,
    0x7f, 0x73, 0x7f, 0x73, 0x7f, 0x73, 0x7f, 0x73, 0x5f, 0x73, 0x5f, 0x73, 0x5f, 0x73, 0x5f, 0x73,
    0x5f, 0x73, 0x5f, 0x73, 0x5f, 0x73, 0x5f, 0x73, 0x5f, 0x73, 0x5f, 0x73, 0x5f, 0x73, 0x5f, 0x73,
    0x5f, 0x73, 0x5f, 0x73, 0x5f, 0x73, 0x5f, 0x73, 0x5f, 0x73, 0x5f, 0x73, 0x5f, 0x73, 0x5f, 0x73,
    0x5f, 0x73, 0x5e, 0x73, 0x5e, 0x73, 0x3e, 0x73, 0x3e, 0x73, 0x3e, 0x73, 0x3e, 0x73, 0x3d, 0x73,
    0x3d, 0x73, 0x1d, 0x73, 0x1d, 0x73, 0x1c, 0x6b, 0x1c, 0x6b, 0xfc, 0x6a, 0xfc, 0x6a, 0xfc, 0x6a,
    0xfb, 0x6a, 0xfb, 0x6a, 0xfb, 0x6a, 0xdb, 0x6a, 0xdb, 0x6a, 0xdb, 0x6a, 0xdb, 0x6a, 0xdb, 0x6a,
    0xdb, 0x6a, 0xdb, 0x6a, 0xdb, 0x6a, 0xdb, 0x6a, 0xdb, 0x6a, 0xdb, 0x6a, 0xdb, 0x6a, 0xdb, 0x6a,
    0xdb, 0x6a, 0xdb, 0x6a, 0xdb, 0x6a, 0xdb, 0x6a, 0xdb, 0x6a, 0xdb, 0x6a, 0xdb, 0x6a, 0xdb, 0x72,
    0xdc, 0x72, 0xdc, 0x72, 0xfc, 0x72, 0xfc, 0x72, 0xfc, 0x72, 0xfd, 0x72, 0xfd, 0x7a, 0xfd, 0x7a,
    0x1d, 0x7b, 0x1d, 0x7b, 0x1e, 0x7b, 0x1e, 0x7b, 0x1e, 0x7b, 0x1e, 0x7b, 0x1e, 0x7b, 0x1e, 0x7b,
    0x1e, 0x83, 0x1e, 0x83, 0x1e, 0x83, 0x1e, 0x83, 0x1e, 0x83, 0x1e, 0x83, 0x1e, 0x83, 0x1e, 0x83,
    0x1e, 0x83, 0x1e, 0x83, 0x1e, 0x83, 0x1e, 0x83, 0x1e, 0x83, 0x1e, 0x83, 0x1e, 0x83, 0x1e, 0x83,
    0x1e, 0x83, 0x1e, 0x83, 0x1e, 0x83, 0x1e, 0x83, 0x1e, 0x83, 0x1e, 0x83, 0x1e, 0x83, 0x1e, 0x83,
    0x1e, 0x83, 0x1e, 0x83, 0x1e, 0x83, 0x1e, 0x83, 0x1e, 0x83, 0x1e, 0x83, 0x1e, 0x83, 0x1e, 0x83,
    0x1e, 0x83, 0x1e, 0x83, 0x1e, 0x83, 0x1e, 0x83, 0x1e, 0x83, 0x1e, 0x83, 0xfe, 0x82, 0xfe, 0x82,
    0xfe, 0x8a, 0xfe, 0x8a, 0xfe, 0x8a, 0xfe, 0x8a, 0xfe, 0x8a, 0xfe, 0x8a, 0xfe, 0x8a, 0xfe, 0x8a,
    0xfe, 0x8a, 0xfe, 0x8a, 0xfe, 0x8a, 0xfe, 0x8a, 0xfe, 0x8a, 0xfe, 0x8a, 0xfe, 0x8a, 0xfe, 0x8a,
    0xfe, 0x8a, 0xfe, 0x8a, 0xfe, 0x8a, 0xfe, 0x8a, 0xfe, 0x8a, 0xfe, 0x8a, 0xfe, 0x8a, 0xdd, 0x8a,
    0xdd, 0x82, 0xfc, 0x8a, 0x1c, 0x8b, 0xfc, 0x8a, 0xdd, 0x82, 0xde, 0x8a, 0xdd, 0x82, 0x8c, 0x29,
    0x6a, 0x19, 0x3c, 0x5b, 0x9f, 0x6b, 0x7d, 0x63, 0x7d, 0x63, 0x9d, 0x6b, 0x9d, 0x6b, 0x7d, 0x63,
    0x7e, 0x63, 0x7e, 0x6b, 0x9f, 0x6b, 0x9f, 0x6b, 0x9f, 0x6b, 0x7f, 0x6b, 0x7f, 0x6b, 0x7f, 0x6b,
    0x7f, 0x6b, 0x7f, 0x6b, 0x7f, 0x6b, 0x7f, 0x6b, 0x7f, 0x6b, 0x7f, 0x6b, 0x7f, 0x6b, 0x7f, 0x6b,
    0x7f, 0x6b, 0x7f, 0x6b, 0x7f, 0x6b, 0x7f, 0x6b, 0x7f, 0x6b, 0x7f, 0x6b, 0x7f, 0x6b, 0x7f, 0x6b,
    0x7f, 0x6b, 0x7f, 0x6b, 0x7f, 0x6b, 0x7f, 0x6b, 0x7f, 0x6b, 0x7f, 0x6b, 0x7f, 0x6b, 0x7f, 0x6b,
    0x7f, 0x6b, 0x7f, 0x73, 0x7f, 0x73, 0x7f, 0x73, 0x7f, 0x73, 0x7f, 0x73, 0x7f, 0x73, 0x7f, 0x73,
    0x7f, 0x73, 0x7f, 0x73, 0x7f, 0x73, 0x5f, 0x73, 0x5f, 0x73, 0x5f, 0x73, 0x5f, 0x73, 0x5f, 0x73,
    0x5f, 0x73, 0x5f, 0x73, 0x5f, 0x73, 0x5f, 0x73, 0x5f, 0x73, 0x5f, 0x73, 0x5f, 0x73, 0x5f, 0x73,
    0x5f, 0x73, 0x5f, 0x73, 0x5f, 0x73, 0x5f, 0x73, 0x5f, 0x73, 0x5f, 0x73, 0x5f, 0x73, 0x5f, 0x73,
    0x5f, 0x73, 0x5f, 0x73, 0x5e, 0x73, 0x3e, 0x73, 0x3e, 0x73, 0x3e, 0x73, 0x3e, 0x73, 0x3e, 0x73,
    0x1d, 0x73, 0x1d, 0x73, 0x1d, 0x73, 0x1d, 0x73, 0x1d, 0x73, 0x1c, 0x73, 0xfc, 0x6a, 0xfc, 0x6a,
    0xfc, 0x6a, 0xfc, 0x6a, 0xfc, 0x6a, 0xfc, 0x6a, 0xfb, 0x6a, 0xfb, 0x6a, 0xfb, 0x6a, 0xfb, 0x6a,
    0xfb, 0x6a, 0xfb, 0x6a, 0xdb, 0x6a, 0xdb, 0x6a, 0xdb, 0x6a, 0xdb, 0x6a, 0xdb, 0x6a, 0xdb, 0x6a,
    0xdb, 0x6a, 0xdb, 0x6a, 0xdb, 0x72, 0xdb, 0x72, 0xdc, 0x72, 0xdc, 0x72, 0xdc, 0x72, 0xdc, 0x72,
    0xfc, 0x72, 0xfc, 0x72, 0xfc, 0x72, 0xfc, 0x72, 0xfd, 0x72, 0xfd, 0x72, 0xfd, 0x7a, 0xfd, 0x7a,
    0x1e, 0x7b, 0x1e, 0x7b, 0x1e, 0x7b, 0x1e, 0x7b, 0x1e, 0x7b, 0x1e, 0x7b, 0x1e, 0x7b, 0x1e, 0x7b,
    0x1e, 0x83, 0x1e, 0x83, 0x1e, 0x83, 0x1e, 0x83, 0x1e, 0x83, 0x1e, 0x83, 0x1e, 0x83, 0x1e, 0x83,
    0x1e, 0x83, 0x1e, 0x83, 0x1e, 0x83, 0x1e, 0x83, 0x1e, 0x83, 0x1e, 0x83, 0x1e, 0x83, 0x1e, 0x83,
    0x1e, 0x83, 0x1e, 0x83, 0x1e, 0x83, 0x1e, 0x83, 0x1e, 0x83, 0x1e, 0x83, 0x1e, 0x83, 0x1e, 0x83,
    0x1e, 0x83, 0x1e, 0x83, 0x1e, 0x83, 0x1e, 0x83, 0x1e, 0x83, 0x1e, 0x83, 0x1e, 0x83, 0x1e, 0x83,
    0x1e, 0x83, 0x1e, 0x83, 0x1e, 0x83, 0x1e, 0x83, 0x1e, 0x83, 0xfe, 0x82, 0xfe, 0x82, 0xfe, 0x8a,
    0xfe, 0x8a, 0xfe, 0x8a, 0xfe, 0x8a, 0xfe, 0x8a, 0xfe, 0x8a, 0xfe, 0x8a, 0xfe, 0x8a, 0xfe, 0x8a,
    0xfe, 0x8a, 0xfe, 0x8a, 0xfe, 0x8a, 0xfe, 0x8a, 0xfe, 0x8a, 0xfe, 0x8a, 0xfe, 0x8a, 0xfe, 0x8a,
    0xfe, 0x8a, 0xfe, 0x8a, 0xfe, 0x8a, 0xfe, 0x8a, 0xfe, 0x8a, 0xfe, 0x8a, 0xfe, 0x8a, 0xdd, 0x8a,
    0xfd, 0x82, 0xfc, 0x8a, 0xfc, 0x8a, 0xfc, 0x8a, 0xdd, 0x82, 0xfe, 0x8a, 0xbc, 0x7a, 0x4a, 0x19,
    0x27, 0x11, 0xd8, 0x4a, 0xbf, 0x6b, 0x5d, 0x63, 0x7d, 0x63, 0x9d, 0x6b, 0x9d, 0x6b, 0x7d, 0x6b,
    0x7d, 0x63, 0x7e, 0x6b, 0x9f, 0x6b, 0x9f, 0x6b, 0x7f, 0x6b, 0x7f, 0x6b, 0x7f, 0x6b, 0x7f, 0x6b,
    0x7f, 0x6b, 0x7f, 0x6b, 0x7f, 0x6b, 0x7f, 0x6b, 0x7f, 0x6b, 0x7f, 0x6b, 0x7f, 0x6b, 0x7f, 0x6b,
    0x7f, 0x6b, 0x7f, 0x6b, 0x7f, 0x6b, 0x7f, 0x6b, 0x7f, 0x6b, 0x7f, 0x6b, 0x7f, 0x6b, 0x7f, 0x6b,
    0x7f, 0x6b, 0x7f, 0x6b, 0x7f, 0x6b, 0x7f, 0x6b, 0x7f, 0x6b, 0x7f, 0x6b, 0x7f, 0x6b, 0x7f, 0x6b,
    0x7f, 0x73, 0x7f, 0x73, 0x7f, 0x73, 0x7f, 0x73, 0x7f, 0x73, 0x7f, 0x73, 0x7f, 0x73, 0x7f, 0x73,
    0x7f, 0x73, 0x7f, 0x73, 0x5f, 0x73, 0x5f, 0x73, 0x5f, 0x73, 0x5f, 0x73, 0x5f, 0x73, 0x5f, 0x73,
    0x5f, 0x73, 0x5f, 0x73, 0x5f, 0x73, 0x5f, 0x73, 0x5f, 0x73, 0x5f, 0x73, 0x5f, 0x73, 0x5f, 0x73,
    0x5f, 0x73, 0x5f, 0x73, 0x5f, 0x73, 0x5f, 0x73, 0x5f, 0x73, 0x5f, 0x73, 0x5f, 0x73, 0x5f, 0x73,
    0x5f, 0x73, 0x5f, 0x73, 0x5e, 0x73, 0x5e, 0x73, 0x3e, 0x73, 0x3e, 0x73, 0x3e, 0x73, 0x3e, 0x73,
    0x3e, 0x73, 0x1d, 0x73, 0x1d, 0x73, 0x1d, 0x73, 0x1d, 0x73, 0x1d, 0x73, 0x1d, 0x73, 0x1c, 0x73,
    0xfc, 0x72, 0xfc, 0x6a, 0xfc, 0x6a, 0xfc, 0x6a, 0xfc, 0x6a, 0xfc, 0x72, 0xfc, 0x72, 0xfc, 0x6a,
    0xfc, 0x6a, 0xfc, 0x6a, 0xfc, 0x72, 0xfc, 0x72, 0xfc, 0x72, 0xfc, 0x72, 0xfc, 0x72, 0xfc, 0x72,
    0xfc, 0x72, 0xfc, 0x72, 0xfc, 0x72, 0xfc, 0x72, 0xfc, 0x72, 0xfc, 0x72, 0xfc, 0x72, 0xfc, 0x72,
    0xfc, 0x72, 0xfd, 0x72, 0xfd, 0x72, 0xfd, 0x72, 0xfd, 0x72, 0xfd, 0x7a, 0xfd, 0x7a, 0x1d, 0x7b,
    0x1e, 0x7b, 0x1e, 0x7b, 0x1e, 0x7b, 0x1e, 0x7b, 0x1e, 0x7b, 0x1e, 0x7b, 0x1e, 0x7b, 0x1e, 0x83,
    0x1e, 0x83, 0x1e, 0x83, 0x1e, 0x83, 0x1e, 0x83, 0x1e, 0x83, 0x1e, 0x83, 0x1e, 0x83, 0x1e, 0x83,
    0x1e, 0x83, 0x1e, 0x83, 0x1e, 0x83, 0x1e, 0x83, 0x1e, 0x83, 0x1e, 0x83, 0x1e, 0x83, 0x1e, 0x83,
    0x1e, 0x83, 0x1e, 0x83, 0x1e, 0x83, 0x1e, 0x83, 0x1e, 0x83, 0x1e, 0x83, 0x1e, 0x83, 0x1e, 0x83,
    0x1e, 0x83, 0x1e, 0x83, 0x1e, 0x83, 0x1e, 0x83, 0x1e, 0x83, 0x1e, 0x83, 0x1e, 0x83, 0x1e, 0x83,
    0x1e, 0x83, 0x1e, 0x83, 0x1e, 0x83, 0x1e, 0x83, 0xfe, 0x82, 0xfe, 0x82, 0xfe, 0x8a, 0xfe, 0x8a,
    0xfe, 0x8a, 0xfe, 0x8a, 0xfe, 0x8a, 0xfe, 0x8a, 0xfe, 0x8a, 0xfe, 0x8a, 0xfe, 0x8a, 0xfe, 0x8a,
    0xfe, 0x8a, 0xfe, 0x8a, 0xfe, 0x8a, 0xfe, 0x8a, 0xfe, 0x8a, 0xfe, 0x8a, 0xfe, 0x8a, 0xfe, 0x8a,
    0xfe, 0x8a, 0xfe, 0x8a, 0xfe, 0x8a, 0xfe, 0x8a, 0xfe, 0x8a, 0xfe, 0x8a, 0xde, 0x8a, 0xdd, 0x82,
    0xfc, 0x82, 0xfc, 0x8a, 0xfc, 0x8a, 0xdd, 0x8a, 0xdd, 0x82, 0xff, 0x92, 0x57, 0x62, 0x28, 0x11,
    0x07, 0x11, 0x32, 0x3a, 0xbf, 0x6b, 0x7d, 0x63, 0x7d, 0x63, 0x7d, 0x6b, 0x9d, 0x6b, 0x7d, 0x6b,
    0x7d, 0x63, 0x7e, 0x6b, 0x7f, 0x6b, 0x7f, 0x6b, 0x7f, 0x6b, 0x7f, 0x6b, 0x7f, 0x6b, 0x7f, 0x6b,
    0x7f, 0x6b, 0x7f, 0x6b, 0x7f, 0x6b, 0x7f, 0x6b, 0x7f, 0x6b, 0x7f, 0x6b, 0x7f, 0x6b, 0x7f, 0x6b,
    0x7f, 0x6b, 0x7f, 0x6b, 0x7f, 0x6b, 0x7f, 0x6b, 0x7f, 0x6b, 0x7f, 0x6b, 0x7f, 0x6b, 0x7f, 0x6b,
    0x7f, 0x6b, 0x7f, 0x6b, 0x7f, 0x6b, 0x7f, 0x6b, 0x7f, 0x6b, 0x7f, 0x6b, 0x7f, 0x6b, 0x7f, 0x73,
    0x7f, 0x73, 0x7f, 0x73, 0x7f, 0x73, 0x7f, 0x73, 0x7f, 0x73, 0x7f, 0x73, 0x7f, 0x73, 0x7f, 0x73,
    0x7f, 0x73, 0x5f, 0x73, 0x5f, 0x73, 0x5f, 0x73, 0x5f, 0x73, 0x5f, 0x73, 0x5f, 0x73, 0x5f, 0x73,
    0x5f, 0x73, 0x5f, 0x73, 0x5f, 0x73, 0x5f, 0x73, 0x5f, 0x73, 0x5f, 0x73, 0x5f, 0x73, 0x5f, 0x73,
    0x5f, 0x73, 0x5f, 0x73, 0x5f, 0x73, 0x5f, 0x73, 0x5f, 0x73, 0x5f, 0x73, 0x5f, 0x73, 0x5f, 0x73,
    0x5f, 0x73, 0x5f, 0x73, 0x5f, 0x73, 0x5e, 0x73, 0x5e, 0x73, 0x3e, 0x73, 0x3e, 0x73, 0x3e, 0x73,
    0x3e, 0x73, 0x3e, 0x73, 0x3d, 0x73, 0x1d, 0x73, 0x1d, 0x73, 0x1d, 0x73, 0x1d, 0x73, 0x1d, 0x73,
    0x1d, 0x73, 0x1d, 0x73, 0xfc, 0x72, 0x1c, 0x73, 0xfc, 0x72, 0xfc, 0x72, 0xfc, 0x72, 0xfc, 0x72,
    0xfc, 0x72, 0xfc, 0x72, 0xfc, 0x72, 0xfc, 0x72, 0xfc, 0x72, 0xfc, 0x72, 0xfc, 0x72, 0xfc, 0x72,
    0xfc, 0x72, 0xfc, 0x72, 0xfc, 0x72, 0xfc, 0x72, 0xfc, 0x72, 0xfc, 0x72, 0xfd, 0x72, 0xfd, 0x72,
    0xfd, 0x72, 0xfd, 0x72, 0x1d, 0x73, 0xfd, 0x7a, 0xfd, 0x7a, 0x1d, 0x7b, 0x1e, 0x7b, 0x1e, 0x7b,
    0x1e, 0x7b, 0x1e, 0x7b, 0x1e, 0x7b, 0x1e, 0x7b, 0x1e, 0x7b, 0x1e, 0x7b, 0x1e, 0x7b, 0x1e, 0x83,
    0x1e, 0x83, 0x1e, 0x83, 0x1e, 0x83, 0x1e, 0x83, 0x1e, 0x83, 0x1e, 0x83, 0x1e, 0x83, 0x1e, 0x83,
    0x1e, 0x83, 0x1e, 0x83, 0x1e, 0x83, 0x1e, 0x83, 0x1e, 0x83, 0x1e, 0x83, 0x1e, 0x83, 0x1e, 0x83,
    0x1e, 0x83, 0x1e, 0x83, 0x1e, 0x83, 0x1e, 0x83, 0x1e, 0x83, 0x1e, 0x83, 0x1e, 0x83, 0x1e, 0x83,
    0x1e, 0x83, 0x1e, 0x83, 0x1e, 0x83, 0x1e, 0x83, 0x1e, 0x83, 0x1e, 0x83, 0x1e, 0x83, 0x1e, 0x83,
    0x1e, 0x83, 0x1e, 0x83, 0x1e, 0x83, 0xfe, 0x82, 0xfe, 0x82, 0xfe, 0x8a, 0xfe, 0x8a, 0xfe, 0x8a,
    0xfe, 0x8a, 0xfe, 0x8a, 0xfe, 0x8a, 0xfe, 0x8a, 0xfe, 0x8a, 0xfe, 0x8a, 0xfe, 0x8a, 0xfe, 0x8a,
    0xfe, 0x8a, 0xfe, 0x8a, 0xfe, 0x8a, 0xfe, 0x8a, 0xfe, 0x8a, 0xfe, 0x8a, 0xfe, 0x8a, 0xfe, 0x8a,
    0xfe, 0x8a, 0xfe, 0x8a, 0xfe, 0x8a, 0xfe, 0x8a, 0xfe, 0x8a, 0xfe, 0x8a, 0xde, 0x8a, 0xdd, 0x82,
    0xfc, 0x8a, 0x1c, 0x8b, 0xfc, 0x8a, 0xdd, 0x8a, 0xdd, 0x82, 0xff, 0x92, 0xf2, 0x49, 0x07, 0x09,
    0x07, 0x11, 0xad, 0x29, 0x9f, 0x6b, 0x7e, 0x63, 0x7d, 0x63, 0x7d, 0x6b, 0x9d, 0x6b, 0x9d, 0x6b,
    0x7d, 0x6b, 0x7e, 0x63, 0x7e, 0x6b, 0x7f, 0x6b, 0x7f, 0x6b, 0x7f, 0x6b, 0x7f, 0x6b, 0x7f, 0x6b,
    0x7f, 0x6b, 0x7f, 0x6b, 0x7f, 0x6b, 0x7f, 0x6b, 0x7f, 0x6b, 0x7f, 0x6b, 0x7f, 0x6b, 0x7f, 0x6b,
    0x7f, 0x6b, 0x7f, 0x6b, 0x7f, 0x6b, 0x7f, 0x6b, 0x7f, 0x6b, 0x7f, 0x6b, 0x7f, 0x6b, 0x7f, 0x6b,
    0x7f, 0x6b, 0x7f, 0x6b, 0x7f, 0x6b, 0x7f, 0x6b, 0x7f, 0x6b, 0x7f, 0x6b, 0x7f, 0x73, 0x7f, 0x73,
    0x7f, 0x73, 0x7f, 0x73, 0x7f, 0x73, 0x7f, 0x73, 0x7f, 0x73, 0x7f, 0x73, 0x7f, 0x73, 0x7f, 0x73,
    0x5f, 0x73, 0x5f, 0x73, 0x5f, 0x73, 0x5f, 0x73, 0x5f, 0x73, 0x5f, 0x73, 0x5f, 0x73, 0x5f, 0x73,
    0x5f, 0x73, 0x5f, 0x73, 0x5f, 0x73, 0x5f, 0x73, 0x5f, 0x73, 0x5f, 0x73, 0x5f, 0x73, 0x5f, 0x73,
    0x5f, 0x73, 0x5f, 0x73, 0x5f, 0x73, 0x5f, 0x73, 0x5f, 0x73, 0x5f, 0x73, 0x5f, 0x73, 0x5f, 0x73,
    0x5f, 0x73, 0x5f, 0x73, 0x5f, 0x73, 0x5e, 0x73, 0x5e, 0x73, 0x3e, 0x73, 0x3e, 0x73, 0x3e, 0x73,
    0x3e, 0x73, 0x3e, 0x73, 0x3e, 0x73, 0x3d, 0x73, 0x1d, 0x73, 0x1d, 0x73, 0x1d, 0x73, 0x1d, 0x73,
    0x1d, 0x73, 0x1d, 0x73, 0x1d, 0x73, 0x1d, 0x73, 0x1d, 0x73, 0x1d, 0x73, 0x1d, 0x73, 0x1d, 0x73,
    0xfd, 0x72, 0xfd, 0x72, 0xfd, 0x72, 0xfd, 0x72, 0xfd, 0x72, 0xfd, 0x72, 0xfd, 0x72, 0xfd, 0x72,
    0xfd, 0x72, 0xfd, 0x72, 0xfd, 0x72, 0xfd, 0x72, 0xfd, 0x72, 0xfd, 0x72, 0xfd, 0x72, 0xfd, 0x72,
    0x1d, 0x73, 0x1d, 0x7b, 0x1d, 0x7b, 0x1d, 0x7b, 0x1d, 0x7b, 0x1e, 0x7b, 0x1e, 0x7b, 0x1e, 0x7b,
    0x1e, 0x7b, 0x1e, 0x7b, 0x1e, 0x7b, 0x1e, 0x7b, 0x1e, 0x7b, 0x1e, 0x7b, 0x1e, 0x7b, 0x1e, 0x83,
    0x1e, 0x83, 0x1e, 0x83, 0x1e, 0x83, 0x1e, 0x83, 0x1e, 0x83, 0x1e, 0x83, 0x1e, 0x83, 0x1e, 0x83,
    0x1e, 0x83, 0x1e, 0x83, 0x1e, 0x83, 0x1e, 0x83, 0x1e, 0x83, 0x1e, 0x83, 0x1e, 0x83, 0x1e, 0x83,
    0x1e, 0x83, 0x1e, 0x83, 0x1e, 0x83, 0x1e, 0x83, 0x1e, 0x83, 0x1e, 0x83, 0x1e, 0x83, 0x1e, 0x83,
    0x1e, 0x83, 0x1e, 0x83, 0x1e, 0x83, 0x1e, 0x83, 0x1e, 0x83, 0x1e, 0x83, 0x1e, 0x83, 0x1e, 0x83,
    0x1e, 0x83, 0x1e, 0x83, 0xfe, 0x82, 0xfe, 0x82, 0xfe, 0x8a, 0xfe, 0x8a, 0xfe, 0x8a, 0xfe, 0x8a,
    0xfe, 0x8a, 0xfe, 0x8a, 0xfe, 0x8a, 0xfe, 0x8a, 0xfe, 0x8a, 0xfe, 0x8a, 0xfe, 0x8a, 0xfe, 0x8a,
    0xfe, 0x8a, 0xfe, 0x8a, 0xfe, 0x8a, 0xfe, 0x8a, 0xfe, 0x8a, 0xfe, 0x8a, 0xfe, 0x8a, 0xfe, 0x8a,
    0xfe, 0x8a, 0xfe, 0x8a, 0xfe, 0x8a, 0xfe, 0x8a, 0xfe, 0x8a, 0xfe, 0x8a, 0xdd, 0x8a, 0xdd, 0x8a,
    0xfc, 0x8a, 0x1c, 0x8b, 0xfc, 0x8a, 0xdd, 0x8a, 0xdd, 0x8a, 0xff, 0x92, 0x8d, 0x31, 0x27, 0x11,
    0x28, 0x11, 0x28, 0x11, 0x3b, 0x5b, 0x9f, 0x6b, 0x7d, 0x63, 0x7d, 0x63, 0x9d, 0x6b, 0x9d, 0x6b,
    0x7d, 0x6b, 0x7d, 0x63, 0x7e, 0x6b, 0x7f, 0x6b, 0x7f, 0x6b, 0x7f, 0x6b, 0x7f, 0x6b, 0x7f, 0x6b,
    0x7f, 0x6b, 0x7f, 0x6b, 0x7f, 0x6b, 0x7f, 0x6b, 0x7f, 0x6b, 0x7f, 0x6b, 0x7f, 0x6b, 0x7f, 0x6b,
    0x7f, 0x6b, 0x7f, 0x6b, 0x7f, 0x6b, 0x7f, 0x6b, 0x7f, 0x6b, 0x7f, 0x6b, 0x7f, 0x6b, 0x7f, 0x6b,
    0x7f, 0x6b, 0x7f, 0x6b, 0x7f, 0x6b, 0x7f, 0x6b, 0x7f, 0x6b, 0x7f, 0x73, 0x7f, 0x73, 0x7f, 0x73,
    0x7f, 0x73, 0x7f, 0x73, 0x7f, 0x73, 0x7f, 0x73, 0x7f, 0x73, 0x7f, 0x73, 0x7f, 0x73, 0x5f, 0x73,
    0x5f, 0x73, 0x5f, 0x73, 0x5f, 0x73, 0x5f, 0x73, 0x5f, 0x73, 0x5f, 0x73, 0x5f, 0x73, 0x5f, 0x73,
    0x5f, 0x73, 0x5f, 0x73, 0x5f, 0x73, 0x5f, 0x73, 0x5f, 0x73, 0x5f, 0x73, 0x5f, 0x73, 0x5f, 0x73,
    0x5f, 0x73, 0x5f, 0x73, 0x5f, 0x73, 0x5f, 0x73, 0x5f, 0x73, 0x5f, 0x73, 0x5f, 0x73, 0x5f, 0x73,
    0x5f, 0x73, 0x5f, 0x73, 0x5f, 0x73, 0x3f, 0x73, 0x3e, 0x73, 0x3e, 0x73, 0x3e, 0x73, 0x3e, 0x73,
    0x3e, 0x73, 0x3e, 0x73, 0x3e, 0x73, 0x3e, 0x73, 0x3e, 0x73, 0x1d, 0x73, 0x1d, 0x73, 0x1d, 0x73,
    0x1d, 0x73, 0x1d, 0x73, 0x1d, 0x73, 0x1d, 0x73, 0x1d, 0x73, 0x1d, 0x73, 0x1d, 0x73, 0x1d, 0x73,
    0x1d, 0x73, 0x1d, 0x73, 0x1d, 0x73, 0x1d, 0x73, 0x1d, 0x73, 0x1d, 0x73, 0x1d, 0x73, 0x1d, 0x73,
    0x1d, 0x73, 0x1d, 0x73, 0x1d, 0x73, 0x1d, 0x73, 0x1d, 0x73, 0x1d, 0x73, 0x1d, 0x73, 0x1d, 0x7b,
    0x1d, 0x7b, 0x1d, 0x7b, 0x1d, 0x7b, 0x1e, 0x7b, 0x1e, 0x7b, 0x1e, 0x7b, 0x1e, 0x7b, 0x1e, 0x7b,
    0x1e, 0x7b, 0x1e, 0x7b, 0x1e, 0x7b, 0x1e, 0x7b, 0x1e, 0x7b, 0x1e, 0x7b, 0x1e, 0x83, 0x1e, 0x83,
    0x1e, 0x83, 0x1e, 0x83, 0x1e, 0x83, 0x1e, 0x83, 0x1e, 0x83, 0x1e, 0x83, 0x1e, 0x83, 0x1e, 0x83,
    0x1e, 0x83, 0x1e, 0x83, 0x1e, 0x83, 0x1e, 0x83, 0x1e, 0x83, 0x1e, 0x83, 0x1e, 0x83, 0x1e, 0x83,
    0x1e, 0x83, 0x1e, 0x83, 0x1e, 0x83, 0x1e, 0x83, 0x1e, 0x83, 0x1e, 0x83, 0x1e, 0x83, 0x1e, 0x83,
    0x1e, 0x83, 0x1e, 0x83, 0x1e, 0x83, 0x1e, 0x83, 0x1e, 0x83, 0x1e, 0x83, 0x1e, 0x83, 0x1e, 0x83,
    0x1e, 0x83, 0xfe, 0x82, 0xfe, 0x82, 0xfe, 0x8a, 0xfe, 0x8a, 0xfe, 0x8a, 0xfe, 0x8a, 0xfe, 0x8a,
    0xfe, 0x8a, 0xfe, 0x8a, 0xfe, 0x8a, 0xfe, 0x8a, 0xfe, 0x8a, 0xfe, 0x8a, 0xfe, 0x8a, 0xfe, 0x8a,
    0xfe, 0x8a, 0xfe, 0x8a, 0xfe, 0x8a, 0xfe, 0x8a, 0xfe, 0x8a, 0xfe, 0x8a, 0xfe, 0x8a, 0xfe, 0x8a,
    0xfe, 0x8a, 0xfe, 0x8a, 0xfe, 0x8a, 0xfe, 0x8a, 0xfe, 0x8a, 0xde, 0x8a, 0xdd, 0x8a, 0xfc, 0x8a,
    0x1c, 0x8b, 0xfc, 0x8a, 0xdd, 0x8a, 0xdd, 0x8a, 0xff, 0x92, 0x9b, 0x7a, 0x28, 0x19, 0x28, 0x11,
    0x28, 0x19, 0xe6, 0x10, 0x96, 0x4a, 0xbf, 0x6b, 0x7d, 0x63, 0x7d, 0x63, 0x7d, 0x6b, 0x9d, 0x6b,
    0x7d, 0x6b, 0x7d, 0x63, 0x7e, 0x6b, 0x7f, 0x6b, 0x7f, 0x6b, 0x7f, 0x6b, 0x7f, 0x6b, 0x7f, 0x6b,
    0x7f, 0x6b, 0x7f, 0x6b, 0x7f, 0x6b, 0x7f, 0x6b, 0x7f, 0x6b, 0x7f, 0x6b, 0x7f, 0x6b, 0x7f, 0x6b,
    0x7f, 0x6b, 0x7f, 0x6b, 0x7f, 0x6b, 0x7f, 0x6b, 0x7f, 0x6b, 0x7f, 0x6b, 0x7f, 0x6b, 0x7f, 0x6b,
    0x7f, 0x6b, 0x7f, 0x6b, 0x7f, 0x6b, 0x7f, 0x6b, 0x7f, 0x73, 0x7f, 0x73, 0x7f, 0x73, 0x7f, 0x73,
    0x7f, 0x73, 0x7f, 0x73, 0x7f, 0x73, 0x7f, 0x73, 0x7f, 0x73, 0x7f, 0x73, 0x5f, 0x73, 0x5f, 0x73,
    0x5f, 0x73, 0x5f, 0x73, 0x5f, 0x73, 0x5f, 0x73, 0x5f, 0x73, 0x5f, 0x73, 0x5f, 0x73, 0x5f, 0x73,
    0x5f, 0x73, 0x5f, 0x73, 0x5f, 0x73, 0x5f, 0x73, 0x5f, 0x73, 0x5f, 0x73, 0x5f, 0x73, 0x5f, 0x73,
    0x5f, 0x73, 0x5f, 0x73, 0x5f, 0x73, 0x5f, 0x73, 0x5f, 0x73, 0x5f, 0x73, 0x5f, 0x73, 0x5f, 0x73,
    0x5f, 0x73, 0x5f, 0x73, 0x5f, 0x73, 0x3f, 0x73, 0x3e, 0x73, 0x3e, 0x73, 0x3e, 0x73, 0x3e, 0x73,
    0x3e, 0x73, 0x3e, 0x73, 0x3e, 0x73, 0x3e, 0x73, 0x3e, 0x73, 0x3e, 0x73, 0x3e, 0x73, 0x3e, 0x73,
    0x1e, 0x73, 0x1e, 0x73, 0x1d, 0x73, 0x1d, 0x73, 0x1d, 0x73, 0x1d, 0x73, 0x1d, 0x73, 0x1d, 0x73,
    0x1d, 0x73, 0x1d, 0x73, 0x1d, 0x73, 0x1d, 0x73, 0x1d, 0x73, 0x1d, 0x73, 0x1d, 0x73, 0x1d, 0x73,
    0x1d, 0x73, 0x1d, 0x7b, 0x1d, 0x7b, 0x1d, 0x7b, 0x1d, 0x7b, 0x1d, 0x7b, 0x1d, 0x7b, 0x1e, 0x7b,
    0x1e, 0x7b, 0x1e, 0x7b, 0x1e, 0x7b, 0x1e, 0x7b, 0x1e, 0x7b, 0x1e, 0x7b, 0x1e, 0x7b, 0x1e, 0x7b,
    0x1e, 0x7b, 0x1e, 0x7b, 0x1e, 0x7b, 0x1e, 0x7b, 0x1e, 0x7b, 0x1e, 0x83, 0x1e, 0x83, 0x1e, 0x83,
    0x1e, 0x83, 0x1e, 0x83, 0x1e, 0x83, 0x1e, 0x83, 0x1e, 0x83, 0x1e, 0x83, 0x1e, 0x83, 0x1e, 0x83,
    0x1e, 0x83, 0x1e, 0x83, 0x1e, 0x83, 0x1e, 0x83, 0x1e, 0x83, 0x1e, 0x83, 0x1e, 0x83, 0x1e, 0x83,
    0x1e, 0x83, 0x1e, 0x83, 0x1e, 0x83, 0x1e, 0x83, 0x1e, 0x83, 0x1e, 0x83, 0x1e, 0x83, 0x1e, 0x83,
    0x1e, 0x83, 0x1e, 0x83, 0x1e, 0x83, 0x1e, 0x83, 0x1e, 0x83, 0x1e, 0x83, 0x1e, 0x83, 0x1e, 0x83,
    0xfe, 0x82, 0xfe, 0x82, 0xfe, 0x8a, 0xfe, 0x8a, 0xfe, 0x8a, 0xfe, 0x8a, 0xfe, 0x8a, 0xfe, 0x8a,
    0xfe, 0x8a, 0xfe, 0x8a, 0xfe, 0x8a, 0xfe, 0x8a, 0xfe, 0x8a, 0xfe, 0x8a, 0xfe, 0x8a, 0xfe, 0x8a,
    0xfe, 0x8a, 0xfe, 0x8a, 0xfe, 0x8a, 0xfe, 0x8a, 0xfe, 0x8a, 0xfe, 0x8a, 0xfe, 0x8a, 0xfe, 0x8a,
    0xfe, 0x8a, 0xfe, 0x8a, 0xfe, 0x8a, 0xfe, 0x8a, 0xfe, 0x8a, 0xdd, 0x8a, 0xdd, 0x8a, 0xfc, 0x8a,
    0x1c, 0x8b, 0xfc, 0x8a, 0xdd, 0x8a, 0xdd, 0x8a, 0xff, 0x92, 0x36, 0x62, 0x06, 0x09, 0x28, 0x19,
    0x28, 0x11, 0xe6, 0x10, 0xcf, 0x29, 0xbf, 0x6b, 0x7e, 0x63, 0x7d, 0x63, 0x7d, 0x6b, 0x9d, 0x6b,
    0x9d, 0x6b, 0x7d, 0x6b, 0x7e, 0x6b, 0x7e, 0x6b, 0x7f, 0x6b, 0x7f, 0x6b, 0x7f, 0x6b, 0x7f, 0x6b,
    0x7f, 0x6b, 0x7f, 0x6b, 0x7f, 0x6b, 0x7f, 0x6b, 0x7f, 0x6b, 0x7f, 0x6b, 0x7f, 0x6b, 0x7f, 0x6b,
    0x7f, 0x6b, 0x7f, 0x6b, 0x7f, 0x6b, 0x7f, 0x6b, 0x7f, 0x6b, 0x7f, 0x6b, 0x7f, 0x6b, 0x7f, 0x6b,
    0x7f, 0x6b, 0x7f, 0x6b, 0x7f, 0x6b, 0x7f, 0x73, 0x7f, 0x73, 0x7f, 0x73, 0x7f, 0x73, 0x7f, 0x73,
    0x7f, 0x73, 0x7f, 0x73, 0x7f, 0x73, 0x7f, 0x73, 0x7f, 0x73, 0x5f, 0x73, 0x5f, 0x73, 0x5f, 0x73,
    0x5f, 0x73, 0x5f, 0x73, 0x5f, 0x73, 0x5f, 0x73, 0x5f, 0x73, 0x5f, 0x73, 0x5f, 0x73, 0x5f, 0x73,
    0x5f, 0x73, 0x5f, 0x73, 0x5f, 0x73, 0x5f, 0x73, 0x5f, 0x73, 0x5f, 0x73, 0x5f, 0x73, 0x5f, 0x73,
    0x5f, 0x73, 0x5f, 0x73, 0x5f, 0x73, 0x5f, 0x73, 0x5f, 0x73, 0x5f, 0x73, 0x5f, 0x73, 0x5f, 0x73,
    0x5f, 0x73, 0x5f, 0x73, 0x5f, 0x73, 0x5f, 0x73, 0x5e, 0x73, 0x3e, 0x73, 0x3e, 0x73, 0x3e, 0x73,
    0x3e, 0x73, 0x3e, 0x73, 0x3e, 0x73, 0x3e, 0x73, 0x3e, 0x73, 0x3e, 0x73, 0x3e, 0x73, 0x3e, 0x73,
    0x3e, 0x73, 0x3e, 0x73, 0x3e, 0x73, 0x3e, 0x73, 0x1e, 0x73, 0x1e, 0x73, 0x1e, 0x73, 0x1e, 0x73,
    0x1e, 0x73, 0x1e, 0x73, 0x1e, 0x7b, 0x1e, 0x7b, 0x1e, 0x7b, 0x1e, 0x7b, 0x1e, 0x7b, 0x1e, 0x7b,
    0x1e, 0x7b, 0x1e, 0x7b, 0x1e, 0x7b, 0x1e, 0x7b, 0x1e, 0x7b, 0x1e, 0x7b, 0x1e, 0x7b, 0x1e, 0x7b,
    0x1e, 0x7b, 0x1e, 0x7b, 0x1e, 0x7b, 0x1e, 0x7b, 0x1e, 0x7b, 0x1e, 0x7b, 0x1e, 0x7b, 0x1e, 0x7b,
    0x1e, 0x7b, 0x1e, 0x7b, 0x1e, 0x7b, 0x1e, 0x7b, 0x1e, 0x83, 0x1e, 0x83, 0x1e, 0x83, 0x1e, 0x83,
    0x1e, 0x83, 0x1e, 0x83, 0x1e, 0x83, 0x1e, 0x83, 0x1e, 0x83, 0x1e, 0x83, 0x1e, 0x83, 0x1e, 0x83,
    0x1e, 0x83, 0x1e, 0x83, 0x1e, 0x83, 0x1e, 0x83, 0x1e, 0x83, 0x1e, 0x83, 0x1e, 0x83, 0x1e, 0x83,
    0x1e, 0x83, 0x1e, 0x83, 0x1e, 0x83, 0x1e, 0x83, 0x1e, 0x83, 0x1e, 0x83, 0x1e, 0x83, 0x1e, 0x83,
    0x1e, 0x83, 0x1e, 0x83, 0x1e, 0x83, 0x1e, 0x83, 0x1e, 0x83, 0x1e, 0x83, 0x1e, 0x83, 0xfe, 0x82,
    0xfe, 0x82, 0xfe, 0x8a, 0xfe, 0x8a, 0xfe, 0x8a, 0xfe, 0x8a, 0xfe, 0x8a, 0xfe, 0x8a, 0xfe, 0x8a,
    0xfe, 0x8a, 0xfe, 0x8a, 0xfe, 0x8a, 0xfe, 0x8a, 0xfe, 0x8a, 0xfe, 0x8a, 0xfe, 0x8a, 0xfe, 0x8a,
    0xfe, 0x8a, 0xfe, 0x8a, 0xfe, 0x8a, 0xfe, 0x8a, 0xfe, 0x8a, 0xfe, 0x8a, 0xfe, 0x8a, 0xfe, 0x8a,
    0xfe, 0x8a, 0xfe, 0x8a, 0xfe, 0x8a, 0xfe, 0x8a, 0xde, 0x8a, 0xdd, 0x8a, 0xdc, 0x8a, 0xfc, 0x8a,
    0xfc, 0x8a, 0xfc, 0x8a, 0xdd, 0x8a, 0xdd, 0x8a, 0xff, 0x92, 0xae, 0x39, 0x06, 0x09, 0x08, 0x11,
    0x07, 0x11, 0x07, 0x11, 0x28, 0x19, 0x5d, 0x63, 0x9f, 0x6b, 0x7e, 0x63, 0x7d, 0x63, 0x7d, 0x6b,
    0x9d, 0x6b, 0x7d, 0x6b, 0x7d, 0x6b, 0x7e, 0x6b, 0x7f, 0x6b, 0x7f, 0x6b, 0x7f, 0x6b, 0x7f, 0x6b,
    0x7f, 0x6b, 0x7f, 0x6b, 0x7f, 0x6b, 0x7f, 0x6b, 0x7f, 0x6b, 0x7f, 0x6b, 0x7f, 0x6b, 0x7f, 0x6b,
    0x7f, 0x6b, 0x7f, 0x6b, 0x7f, 0x6b, 0x7f, 0x6b, 0x7f, 0x6b, 0x7f, 0x6b, 0x7f, 0x6b, 0x7f, 0x6b,
    0x7f, 0x6b, 0x7f, 0x6b, 0x7f, 0x73, 0x7f, 0x73, 0x7f, 0x73, 0x7f, 0x73, 0x7f, 0x73, 0x7f, 0x73,
    0x7f, 0x73, 0x7f, 0x73, 0x7f, 0x73, 0x7f, 0x73, 0x5f, 0x73, 0x5f, 0x73, 0x5f, 0x73, 0x5f, 0x73,
    0x5f, 0x73, 0x5f, 0x73, 0x5f, 0x73, 0x5f, 0x73, 0x5f, 0x73, 0x5f, 0x73, 0x5f, 0x73, 0x5f, 0x73,
    0x5f, 0x73, 0x5f, 0x73, 0x5f, 0x73, 0x5f, 0x73, 0x5f, 0x73, 0x5f, 0x73, 0x5f, 0x73, 0x5f, 0x73,
    0x5f, 0x73, 0x5f, 0x73, 0x5f, 0x73, 0x5f, 0x73, 0x5f, 0x73, 0x5f, 0x73, 0x5f, 0x73, 0x5f, 0x73,
    0x5f, 0x73, 0x5f, 0x73, 0x5f, 0x73, 0x5e, 0x73, 0x5e, 0x7b, 0x5e, 0x7b, 0x3e, 0x73, 0x3e, 0x73,
    0x3e, 0x73, 0x3e, 0x73, 0x3e, 0x7b, 0x3e, 0x7b, 0x3e, 0x7b, 0x3e, 0x73, 0x3e, 0x73, 0x3e, 0x7b,
    0x3e, 0x73, 0x3e, 0x73, 0x3e, 0x73, 0x3e, 0x73, 0x1e, 0x7b, 0x1e, 0x7b, 0x1e, 0x7b, 0x1e, 0x7b,
    0x1e, 0x7b, 0x3e, 0x7b, 0x3e, 0x7b, 0x1e, 0x7b, 0x3e, 0x7b, 0x1e, 0x7b, 0x1e, 0x7b, 0x1e, 0x7b,
    0x1e, 0x7b, 0x1e, 0x7b, 0x1e, 0x7b, 0x1e, 0x7b, 0x1e, 0x7b, 0x1e, 0x7b, 0x1e, 0x7b, 0x1e, 0x7b,
    0x1e, 0x7b, 0x1e, 0x7b, 0x1e, 0x7b, 0x1e, 0x7b, 0x1e, 0x7b, 0x1e, 0x7b, 0x1e, 0x7b, 0x1e, 0x7b,
    0x1e, 0x7b, 0x1e, 0x7b, 0x1e, 0x7b, 0x1e, 0x83, 0x1e, 0x83, 0x1e, 0x83, 0x1e, 0x83, 0x1e, 0x83,
    0x1e, 0x83, 0x1e, 0x83, 0x1e, 0x83, 0x1e, 0x83, 0x1e, 0x83, 0x1e, 0x83, 0x1e, 0x83, 0x1e, 0x83,
    0x1e, 0x83, 0x1e, 0x83, 0x1e, 0x83, 0x1e, 0x83, 0x1e, 0x83, 0x1e, 0x83, 0x1e, 0x83, 0x1e, 0x83,
    0x1e, 0x83, 0x1e, 0x83, 0x1e, 0x83, 0x1e, 0x83, 0x1e, 0x83, 0x1e, 0x83, 0x1e, 0x83, 0x1e, 0x83,
    0x1e, 0x83, 0x1e, 0x83, 0x1e, 0x83, 0x1e, 0x83, 0x1e, 0x83, 0x1e, 0x83, 0xfe, 0x82, 0xfe, 0x82,
    0xfe, 0x8a, 0xfe, 0x8a, 0xfe, 0x8a, 0xfe, 0x8a, 0xfe, 0x8a, 0xfe, 0x8a, 0xfe, 0x8a, 0xfe, 0x8a,
    0xfe, 0x8a, 0xfe, 0x8a, 0xfe, 0x8a, 0xfe, 0x8a, 0xfe, 0x8a, 0xfe, 0x8a, 0xfe, 0x8a, 0xfe, 0x8a,
    0xfe, 0x8a, 0xfe, 0x8a, 0xfe, 0x8a, 0xfe, 0x8a, 0xfe, 0x8a, 0xfe, 0x8a, 0xfe, 0x8a, 0xfe, 0x8a,
    0xfe, 0x8a, 0xfe, 0x8a, 0xfe, 0x8a, 0xde, 0x8a, 0xde, 0x8a, 0xdd, 0x8a, 0xfc, 0x8a, 0x1c, 0x8b,
    0xfc, 0x8a, 0xdd, 0x8a, 0xdd, 0x8a, 0xfe, 0x8a, 0xbc, 0x82, 0x28, 0x19, 0x07, 0x11, 0x07, 0x11,
    0x07, 0x11, 0x07, 0x11, 0xc5, 0x08, 0x74, 0x42, 0xbf, 0x73, 0x5e, 0x63, 0x7d, 0x63, 0x7d, 0x6b,
    0x9d, 0x6b, 0x7d, 0x6b, 0x7d, 0x6b, 0x7e, 0x6b, 0x7e, 0x6b, 0x7f, 0x6b, 0x7f, 0x6b, 0x7f, 0x6b,
    0x7f, 0x6b, 0x7f, 0x6b, 0x7f, 0x6b, 0x7f, 0x6b, 0x7f, 0x6b, 0x7f, 0x6b, 0x7f, 0x6b, 0x7f, 0x6b,
    0x7f, 0x6b, 0x7f, 0x6b, 0x7f, 0x6b, 0x7f, 0x6b, 0x7f, 0x6b, 0x7f, 0x6b, 0x7f, 0x6b, 0x7f, 0x6b,
    0x7f, 0x6b, 0x7f, 0x73, 0x7f, 0x73, 0x7f, 0x73, 0x7f, 0x73, 0x7f, 0x73, 0x7f, 0x73, 0x7f, 0x73,
    0x7f, 0x73, 0x7f, 0x73, 0x7f, 0x73, 0x5f, 0x73, 0x5f, 0x73, 0x5f, 0x73, 0x5f, 0x73, 0x5f, 0x73,
    0x5f, 0x73, 0x5f, 0x73, 0x5f, 0x73, 0x5f, 0x73, 0x5f, 0x73, 0x5f, 0x73, 0x5f, 0x73, 0x5f, 0x73,
    0x5f, 0x73, 0x5f, 0x73, 0x5f, 0x73, 0x5f, 0x73, 0x5f, 0x73, 0x5f, 0x73, 0x5f, 0x73, 0x5f, 0x73,
    0x5f, 0x73, 0x5f, 0x73, 0x5f, 0x73, 0x5f, 0x73, 0x5f, 0x73, 0x5f, 0x73, 0x5f, 0x73, 0x5f, 0x73,
    0x5f, 0x73, 0x5f, 0x73, 0x5f, 0x73, 0x5f, 0x73, 0x5e, 0x7b, 0x5e, 0x7b, 0x5e, 0x7b, 0x3e, 0x73,
    0x3e, 0x73, 0x3e, 0x7b, 0x3e, 0x7b, 0x3e, 0x7b, 0x3e, 0x7b, 0x3e, 0x7b, 0x3e, 0x7b, 0x3e, 0x7b,
    0x3e, 0x7b, 0x3e, 0x7b, 0x3e, 0x7b, 0x3e, 0x7b, 0x3e, 0x7b, 0x3e, 0x7b, 0x3e, 0x7b, 0x3e, 0x7b,
    0x3e, 0x7b, 0x3e, 0x7b, 0x3e, 0x7b, 0x3e, 0x7b, 0x3e, 0x7b, 0x1e, 0x7b, 0x1e, 0x7b, 0x1e, 0x7b,
    0x1e, 0x7b, 0x1e, 0x7b, 0x1e, 0x7b, 0x1e, 0x7b, 0x1e, 0x7b, 0x1e, 0x7b, 0x1e, 0x7b, 0x1e, 0x7b,
    0x1e, 0x7b, 0x1e, 0x7b, 0x1e, 0x7b, 0x1e, 0x7b, 0x1e, 0x7b, 0x1e, 0x7b, 0x1e, 0x7b, 0x1e, 0x7b,
    0x1e, 0x7b, 0x1e, 0x83, 0x1e, 0x83, 0x1e, 0x83, 0x1e, 0x83, 0x1e, 0x83, 0x1e, 0x83, 0x1e, 0x83,
    0x1e, 0x83, 0x1e, 0x83, 0x1e, 0x83, 0x1e, 0x83, 0x1e, 0x83, 0x1e, 0x83, 0x1e, 0x83, 0x1e, 0x83,
    0x1e, 0x83, 0x1e, 0x83, 0x1e, 0x83, 0x1e, 0x83, 0x1e, 0x83, 0x1e, 0x83, 0x1e, 0x83, 0x1e, 0x83,
    0x1e, 0x83, 0x1e, 0x83, 0x1e, 0x83, 0x1e, 0x83, 0x1e, 0x83, 0x1e, 0x83, 0x1e, 0x83, 0x1e, 0x83,
    0x1e, 0x83, 0x1e, 0x83, 0x1e, 0x83, 0x1e, 0x83, 0x1e, 0x83, 0xfe, 0x82, 0xfe, 0x82, 0xfe, 0x8a,
    0xfe, 0x8a, 0xfe, 0x8a, 0xfe, 0x8a, 0xfe, 0x8a, 0xfe, 0x8a, 0xfe, 0x8a, 0xfe, 0x8a, 0xfe, 0x8a,
    0xfe, 0x8a, 0xfe, 0x8a, 0xfe, 0x8a, 0xfe, 0x8a, 0xfe, 0x8a, 0xfe, 0x8a, 0xfe, 0x8a, 0xfe, 0x8a,
    0xfe, 0x8a, 0xfe, 0x8a, 0xfe, 0x8a, 0xfe, 0x8a, 0xfe, 0x8a, 0xfe, 0x8a, 0xfe, 0x8a, 0xfe, 0x8a,
    0xfe, 0x8a, 0xfe, 0x8a, 0xfe, 0x8a, 0xde, 0x8a, 0xdd, 0x8a, 0xdd, 0x8a, 0xfc, 0x8a, 0x1c, 0x8b,
    0xfc, 0x8a, 0xdd, 0x8a, 0xdd, 0x8a, 0xff, 0x92, 0x14, 0x52, 0xe5, 0x08, 0x07, 0x11, 0x07, 0x11,
    0xe7, 0x10, 0x07, 0x11, 0xe6, 0x10, 0x6b, 0x21, 0x7f, 0x6b, 0x7e, 0x6b, 0x7e, 0x6b, 0x7d, 0x6b,
    0x7d, 0x6b, 0x9d, 0x6b, 0x7d, 0x6b, 0x7d, 0x6b, 0x7e, 0x6b, 0x7f, 0x6b, 0x7f, 0x6b, 0x7f, 0x6b,
    0x7f, 0x6b, 0x7f, 0x6b, 0x7f, 0x6b, 0x7f, 0x6b, 0x7f, 0x6b, 0x7f, 0x6b, 0x7f, 0x6b, 0x7f, 0x6b,
    0x7f, 0x6b, 0x7f, 0x6b, 0x7f, 0x6b, 0x7f, 0x6b, 0x7f, 0x6b, 0x7f, 0x6b, 0x7f, 0x6b, 0x7f, 0x6b,
    0x7f, 0x73, 0x7f, 0x73, 0x7f, 0x73, 0x7f, 0x73, 0x7f, 0x73, 0x7f, 0x73, 0x7f, 0x73, 0x7f, 0x73,
    0x7f, 0x73, 0x7f, 0x73, 0x5f, 0x73, 0x5f, 0x73, 0x5f, 0x73, 0x5f, 0x73, 0x5f, 0x73, 0x5f, 0x73,
    0x5f, 0x73, 0x5f, 0x73, 0x5f, 0x73, 0x5f, 0x73, 0x5f, 0x73, 0x5f, 0x73, 0x5f, 0x73, 0x5f, 0x73,
    0x5f, 0x73, 0x5f, 0x73, 0x5f, 0x73, 0x5f, 0x73, 0x5f, 0x73, 0x5f, 0x73, 0x5f, 0x73, 0x5f, 0x73,
    0x5f, 0x73, 0x5f, 0x73, 0x5f, 0x73, 0x5f, 0x73, 0x5f, 0x73, 0x5f, 0x73, 0x5f, 0x73, 0x5f, 0x73,
    0x5f, 0x73, 0x5f, 0x73, 0x5f, 0x7b, 0x5f, 0x7b, 0x5f, 0x7b, 0x5f, 0x7b, 0x5e, 0x7b, 0x5e, 0x7b,
    0x3e, 0x7b, 0x3e, 0x7b, 0x3e, 0x7b, 0x3e, 0x7b, 0x3e, 0x7b, 0x3e, 0x7b, 0x3e, 0x7b, 0x3e, 0x7b,
    0x3e, 0x7b, 0x3e, 0x7b, 0x3e, 0x7b, 0x3e, 0x7b, 0x3e, 0x7b, 0x3e, 0x7b, 0x3e, 0x7b, 0x3e, 0x7b,
    0x3e, 0x7b, 0x3e, 0x7b, 0x3e, 0x7b, 0x3e, 0x7b, 0x3e, 0x7b, 0x3e, 0x7b, 0x3e, 0x7b, 0x3e, 0x7b,
    0x3e, 0x7b, 0x3e, 0x7b, 0x3e, 0x7b, 0x3e, 0x7b, 0x3e, 0x7b, 0x1e, 0x7b, 0x1e, 0x7b, 0x1e, 0x7b,
    0x1e, 0x7b, 0x1e, 0x7b, 0x1e, 0x7b, 0x1e, 0x7b, 0x1e, 0x7b, 0x1e, 0x7b, 0x1e, 0x7b, 0x1e, 0x83,
    0x1e, 0x83, 0x1e, 0x83, 0x1e, 0x83, 0x1e, 0x83, 0x1e, 0x83, 0x1e, 0x83, 0x1e, 0x83, 0x1e, 0x83,
    0x1e, 0x83, 0x1e, 0x83, 0x1e, 0x83, 0x1e, 0x83, 0x1e, 0x83, 0x1e, 0x83, 0x1e, 0x83, 0x1e, 0x83,
    0x1e, 0x83, 0x1e, 0x83, 0x1e, 0x83, 0x1e, 0x83, 0x1e, 0x83, 0x1e, 0x83, 0x1e, 0x83, 0x1e, 0x83,
    0x1e, 0x83, 0x1e, 0x83, 0x1e, 0x83, 0x1e, 0x83, 0x1e, 0x83, 0x1e, 0x83, 0x1e, 0x83, 0x1e, 0x83,
    0x1e, 0x83, 0x1e, 0x83, 0x1e, 0x83, 0x1e, 0x83, 0xfe, 0x82, 0xfe, 0x82, 0xfe, 0x8a, 0xfe, 0x8a,
    0xfe, 0x8a, 0xfe, 0x8a, 0xfe, 0x8a, 0xfe, 0x8a, 0xfe, 0x8a, 0xfe, 0x8a, 0xfe, 0x8a, 0xfe, 0x8a,
    0xfe, 0x8a, 0xfe, 0x8a, 0xfe, 0x8a, 0xfe, 0x8a, 0xfe, 0x8a, 0xfe, 0x8a, 0xfe, 0x8a, 0xfe, 0x8a,
    0xfe, 0x8a, 0xfe, 0x8a, 0xfe, 0x8a, 0xfe, 0x8a, 0xfe, 0x8a, 0xfe, 0x8a, 0xfe, 0x8a, 0xfe, 0x8a,
    0xfe, 0x8a, 0xfe, 0x8a, 0xde, 0x8a, 0xde, 0x8a, 0xdd, 0x8a, 0xfc, 0x8a, 0x1c, 0x8b, 0xfc, 0x8a,
    0xdc, 0x8a, 0xdd, 0x8a, 0xde, 0x8a, 0xde, 0x92, 0x4b, 0x29, 0xe6, 0x08, 0x07, 0x11, 0xe7, 0x10,
    0xe6, 0x10, 0xe7, 0x10, 0x07, 0x11, 0xe6, 0x08, 0xd9, 0x52, 0x9f, 0x6b, 0x5e, 0x63, 0x7d, 0x6b,
    0x7d, 0x6b, 0x9d, 0x6b, 0x7d, 0x6b, 0x7d, 0x6b, 0x5e, 0x6b, 0x7e, 0x6b, 0x7f, 0x6b, 0x7f, 0x6b,
    0x7f, 0x6b, 0x7f, 0x6b, 0x7f, 0x6b, 0x7f, 0x6b, 0x7f, 0x6b, 0x7f, 0x6b, 0x7f, 0x6b, 0x7f, 0x6b,
    0x7f, 0x6b, 0x7f, 0x6b, 0x7f, 0x6b, 0x7f, 0x6b, 0x7f, 0x6b, 0x7f, 0x6b, 0x7f, 0x6b, 0x7f, 0x73,
    0x7f, 0x73, 0x7f, 0x73, 0x7f, 0x73, 0x7f, 0x73, 0x7f, 0x73, 0x7f, 0x73, 0x7f, 0x73, 0x7f, 0x73,
    0x7f, 0x73, 0x5f, 0x73, 0x5f, 0x73, 0x5f, 0x73, 0x5f, 0x73, 0x5f, 0x73, 0x5f, 0x73, 0x5f, 0x73,
    0x5f, 0x73, 0x5f, 0x73, 0x5f, 0x73, 0x5f, 0x73, 0x5f, 0x73, 0x5f, 0x73, 0x5f, 0x73, 0x5f, 0x73,
    0x5f, 0x73, 0x5f, 0x73, 0x5f, 0x73, 0x5f, 0x73, 0x5f, 0x73, 0x5f, 0x73, 0x5f, 0x73, 0x5f, 0x73,
    0x5f, 0x73, 0x5f, 0x73, 0x5f, 0x73, 0x5f, 0x73, 0x5f, 0x73, 0x5f, 0x73, 0x5f, 0x73, 0x5f, 0x73,
    0x5f, 0x73, 0x5f, 0x7b, 0x5f, 0x7b, 0x5f, 0x7b, 0x5f, 0x7b, 0x5f, 0x7b, 0x5f, 0x7b, 0x3f, 0x7b,
    0x3e, 0x7b, 0x3e, 0x7b, 0x3e, 0x7b, 0x3e, 0x7b, 0x3e, 0x7b, 0x3e, 0x7b, 0x3e, 0x7b, 0x3e, 0x7b,
    0x3e, 0x7b, 0x3e, 0x7b, 0x3e, 0x7b, 0x3e, 0x7b, 0x3e, 0x7b, 0x3e, 0x7b, 0x3e, 0x7b, 0x3e, 0x7b,
    0x3e, 0x7b, 0x3e, 0x7b, 0x3e, 0x7b, 0x3e, 0x7b, 0x3e, 0x7b, 0x3e, 0x7b, 0x3e, 0x7b, 0x3e, 0x7b,
    0x3e, 0x7b, 0x3e, 0x7b, 0x3e, 0x7b, 0x3e, 0x7b, 0x1e, 0x7b, 0x1e, 0x7b, 0x1e, 0x7b, 0x1e, 0x7b,
    0x1e, 0x7b, 0x1e, 0x7b, 0x1e, 0x7b, 0x3e, 0x7b, 0x3e, 0x83, 0x1e, 0x83, 0x1e, 0x83, 0x1e, 0x83,
    0x1e, 0x83, 0x1e, 0x83, 0x1e, 0x83, 0x1e, 0x83, 0x1e, 0x83, 0x1e, 0x83, 0x1e, 0x83, 0x1e, 0x83,
    0x1e, 0x83, 0x1e, 0x83, 0x1e, 0x83, 0x1e, 0x83, 0x1e, 0x83, 0x1e, 0x83, 0x1e, 0x83, 0x1e, 0x83,
    0x1e, 0x83, 0x1e, 0x83, 0x1e, 0x83, 0x1e, 0x83, 0x1e, 0x83, 0x1e, 0x83, 0x1e, 0x83, 0x1e, 0x83,
    0x1e, 0x83, 0x1e, 0x83, 0x1e, 0x83, 0x1e, 0x83, 0x1e, 0x83, 0x1e, 0x83, 0x1e, 0x83, 0x1e, 0x83,
    0x1e, 0x83, 0x1e, 0x83, 0x1e, 0x83, 0xfe, 0x82, 0xfe, 0x82, 0xfe, 0x8a, 0xfe, 0x8a, 0xfe, 0x8a,
    0xfe, 0x8a, 0xfe, 0x8a, 0xfe, 0x8a, 0xfe, 0x8a, 0xfe, 0x8a, 0xfe, 0x8a, 0xfe, 0x8a, 0xfe, 0x8a,
    0xfe, 0x8a, 0xfe, 0x8a, 0xfe, 0x8a, 0xfe, 0x8a, 0xfe, 0x8a, 0xfe, 0x8a, 0xfe, 0x8a, 0xfe, 0x8a,
    0xfe, 0x8a, 0xfe, 0x8a, 0xfe, 0x8a, 0xfe, 0x8a, 0xfe, 0x8a, 0xfe, 0x8a, 0xfe, 0x8a, 0xfe, 0x8a,
    0xfe, 0x8a, 0xfe, 0x8a, 0xde, 0x8a, 0xdd, 0x8a, 0xdc, 0x8a, 0xfc, 0x8a, 0x1c, 0x8b, 0xfc, 0x8a,
    0xdd, 0x8a, 0xdd, 0x8a, 0xff, 0x92, 0x78, 0x6a, 0xe6, 0x08, 0x07, 0x11, 0xe7, 0x10, 0xe6, 0x10,
    0xe6, 0x10, 0xe6, 0x10, 0xe7, 0x10, 0xc5, 0x08, 0x8d, 0x29, 0x9f, 0x6b, 0x5e, 0x6b, 0x7e, 0x6b,
    0x7d, 0x6b, 0x7d, 0x6b, 0x9d, 0x6b, 0x7d, 0x6b, 0x5d, 0x6b, 0x5e, 0x6b, 0x7e, 0x6b, 0x7f, 0x6b,
    0x7f, 0x6b, 0x7f, 0x6b, 0x7f, 0x6b, 0x7f, 0x6b, 0x7f, 0x6b, 0x7f, 0x6b, 0x7f, 0x6b, 0x7f, 0x6b,
    0x7f, 0x6b, 0x7f, 0x6b, 0x7f, 0x6b, 0x7f, 0x6b, 0x7f, 0x6b, 0x7f, 0x6b, 0x7f, 0x73, 0x7f, 0x73,
    0x7f, 0x73, 0x7f, 0x73, 0x7f, 0x73, 0x7f, 0x73, 0x7f, 0x73, 0x7f, 0x73, 0x7f, 0x73, 0x7f, 0x73,
    0x5f, 0x73, 0x5f, 0x73, 0x5f, 0x73, 0x5f, 0x73, 0x5f, 0x73, 0x5f, 0x73, 0x5f, 0x73, 0x5f, 0x73,
    0x5f, 0x73, 0x5f, 0x73, 0x5f, 0x73, 0x5f, 0x73, 0x5f, 0x73, 0x5f, 0x73, 0x5f, 0x73, 0x5f, 0x73,
    0x5f, 0x73, 0x5f, 0x73, 0x5f, 0x73, 0x5f, 0x73, 0x5f, 0x73, 0x5f, 0x73, 0x5f, 0x73, 0x5f, 0x73,
    0x5f, 0x73, 0x5f, 0x73, 0x5f, 0x73, 0x5f, 0x73, 0x5f, 0x73, 0x5f, 0x73, 0x5f, 0x73, 0x5f, 0x73,
    0x5f, 0x7b, 0x5f, 0x7b, 0x5f, 0x7b, 0x5f, 0x7b, 0x5f, 0x7b, 0x5f, 0x7b, 0x3f, 0x7b, 0x3f, 0x7b,
    0x3f, 0x7b, 0x3f, 0x7b, 0x3f, 0x7b, 0x3e, 0x7b, 0x3e, 0x7b, 0x3e, 0x7b, 0x3e, 0x7b, 0x3e, 0x7b,
    0x3e, 0x7b, 0x3e, 0x7b, 0x3e, 0x7b, 0x3e, 0x7b, 0x3e, 0x7b, 0x3e, 0x7b, 0x3e, 0x7b, 0x3e, 0x7b,
    0x3e, 0x7b, 0x3e, 0x7b, 0x3e, 0x7b, 0x3e, 0x7b, 0x3e, 0x7b, 0x3e, 0x7b, 0x3e, 0x7b, 0x3e, 0x7b,
    0x3e, 0x7b, 0x3e, 0x7b, 0x3e, 0x7b, 0x3e, 0x7b, 0x3e, 0x7b, 0x3e, 0x7b, 0x3e, 0x7b, 0x3e, 0x7b,
    0x3e, 0x7b, 0x3e, 0x7b, 0x3e, 0x83, 0x3e, 0x83, 0x1e, 0x83, 0x1e, 0x83, 0x1e, 0x83, 0x1e, 0x83,
    0x1e, 0x83, 0x1e, 0x83, 0x1e, 0x83, 0x1e, 0x83, 0x1e, 0x83, 0x1e, 0x83, 0x1e, 0x83, 0x1e, 0x83,
    0x1e, 0x83, 0x1e, 0x83, 0x1e, 0x83, 0x1e, 0x83, 0x1e, 0x83, 0x1e, 0x83, 0x1e, 0x83, 0x1e, 0x83,
    0x1e, 0x83, 0x1e, 0x83, 0x1e, 0x83, 0x1e, 0x83, 0x1e, 0x83, 0x1e, 0x83, 0x1e, 0x83, 0x1e, 0x83,
    0x1e, 0x83, 0x1e, 0x83, 0x1e, 0x83, 0x1e, 0x83, 0x1e, 0x83, 0x1e, 0x83, 0x1e, 0x83, 0x1e, 0x83,
    0x1e, 0x83, 0x1e, 0x83, 0xfe, 0x82, 0xfe, 0x82, 0xfe, 0x8a, 0xfe, 0x8a, 0xfe, 0x8a, 0xfe, 0x8a,
    0xfe, 0x8a, 0xfe, 0x8a, 0xfe, 0x8a, 0xfe, 0x8a, 0xfe, 0x8a, 0xfe, 0x8a, 0xfe, 0x8a, 0xfe, 0x8a,
    0xfe, 0x8a, 0xfe, 0x8a, 0xfe, 0x8a, 0xfe, 0x8a, 0xfe, 0x8a, 0xfe, 0x8a, 0xfe, 0x8a, 0xfe, 0x8a,
    0xfe, 0x8a, 0xfe, 0x8a, 0xfe, 0x8a, 0xfe, 0x8a, 0xfe, 0x8a, 0xfe, 0x8a, 0xfe, 0x8a, 0xfe, 0x8a,
    0xfe, 0x8a, 0xde, 0x8a, 0xdd, 0x8a, 0xdd, 0x8a, 0xfc, 0x8a, 0x1c, 0x8b, 0xfc, 0x8a, 0xdc, 0x8a,
    0xdd, 0x8a, 0xdd, 0x8a, 0xff, 0x92, 0x6d, 0x31, 0xc5, 0x08, 0xe7, 0x10, 0xe6, 0x10, 0xe6, 0x10,
    0xe6, 0x10, 0xe6, 0x10, 0xe6, 0x10, 0xe6, 0x10, 0xe6, 0x10, 0x1b, 0x5b, 0x9f, 0x6b, 0x5e, 0x63,
    0x7d, 0x6b, 0x7d, 0x6b, 0x7d, 0x6b, 0x7d, 0x6b, 0x7d, 0x6b, 0x5d, 0x6b, 0x7e, 0x6b, 0x7f, 0x6b,
    0x7f, 0x6b, 0x7f, 0x6b, 0x7f, 0x6b, 0x7f, 0x6b, 0x7f, 0x6b, 0x7f, 0x6b, 0x7f, 0x6b, 0x7f, 0x6b,
    0x7f, 0x6b, 0x7f, 0x6b, 0x7f, 0x6b, 0x7f, 0x6b, 0x7f, 0x6b, 0x7f, 0x73, 0x7f, 0x73, 0x7f, 0x73,
    0x7f, 0x73, 0x7f, 0x73, 0x7f, 0x73, 0x7f, 0x73, 0x7f, 0x73, 0x7f, 0x73, 0x7f, 0x73, 0x5f, 0x73,
    0x5f, 0x73, 0x5f, 0x73, 0x5f, 0x73, 0x5f, 0x73, 0x5f, 0x73, 0x5f, 0x73, 0x5f, 0x73, 0x5f, 0x73,
    0x5f, 0x73, 0x5f, 0x73, 0x5f, 0x73, 0x5f, 0x73, 0x5f, 0x73, 0x5f, 0x73, 0x5f, 0x73, 0x5f, 0x73,
    0x5f, 0x73, 0x5f, 0x73, 0x5f, 0x73, 0x5f, 0x73, 0x5f, 0x73, 0x5f, 0x73, 0x5f, 0x73, 0x5f, 0x73,
    0x5f, 0x73, 0x5f, 0x73, 0x5f, 0x73, 0x5f, 0x73, 0x5f, 0x73, 0x5f, 0x73, 0x5f, 0x73, 0x5f, 0x7b,
    0x5f, 0x7b, 0x5f, 0x7b, 0x5f, 0x7b, 0x5f, 0x7b, 0x5f, 0x7b, 0x3f, 0x7b, 0x3f, 0x7b, 0x3f, 0x7b,
    0x3f, 0x7b, 0x3f, 0x7b, 0x3f, 0x7b, 0x3f, 0x7b, 0x3f, 0x7b, 0x3f, 0x7b, 0x3f, 0x7b, 0x3f, 0x7b,
    0x3f, 0x7b, 0x3f, 0x7b, 0x3f, 0x7b, 0x3e, 0x7b, 0x3e, 0x7b, 0x3e, 0x7b, 0x3e, 0x7b, 0x3e, 0x7b,
    0x3e, 0x7b, 0x3e, 0x7b, 0x3e, 0x7b, 0x3e, 0x7b, 0x3e, 0x7b, 0x3e, 0x7b, 0x3e, 0x7b, 0x3e, 0x7b,
    0x3e, 0x7b, 0x3e, 0x7b, 0x3e, 0x7b, 0x3e, 0x7b, 0x3f, 0x7b, 0x3e, 0x7b, 0x3e, 0x7b, 0x3e, 0x7b,
    0x3e, 0x7b, 0x3e, 0x7b, 0x3e, 0x83, 0x1e, 0x83, 0x1e, 0x83, 0x1e, 0x83, 0x1e, 0x83, 0x1e, 0x83,
    0x1e, 0x83, 0x1e, 0x83, 0x1e, 0x83, 0x1e, 0x83, 0x1e, 0x83, 0x1e, 0x83, 0x1e, 0x83, 0x1e, 0x83,
    0x1e, 0x83, 0x1e, 0x83, 0x1e, 0x83, 0x1e, 0x83, 0x1e, 0x83, 0x1e, 0x83, 0x1e, 0x83, 0x1e, 0x83,
    0x1e, 0x83, 0x1e, 0x83, 0x1e, 0x83, 0x1e, 0x83, 0x1e, 0x83, 0x1e, 0x83, 0x1e, 0x83, 0x1e, 0x83,
    0x1e, 0x83, 0x1e, 0x83, 0x1e, 0x83, 0x1e, 0x83, 0x1e, 0x83, 0x1e, 0x83, 0x1e, 0x83, 0x1e, 0x83,
    0x1e, 0x83, 0xfe, 0x82, 0xfe, 0x82, 0xfe, 0x8a, 0xfe, 0x8a, 0xfe, 0x8a, 0xfe, 0x8a, 0xfe, 0x8a,
    0xfe, 0x8a, 0xfe, 0x8a, 0xfe, 0x8a, 0xfe, 0x8a, 0xfe, 0x8a, 0xfe, 0x8a, 0xfe, 0x8a, 0xfe, 0x8a,
    0xfe, 0x8a, 0xfe, 0x8a, 0xfe, 0x8a, 0xfe, 0x8a, 0xfe, 0x8a, 0xfe, 0x8a, 0xfe, 0x8a, 0xfe, 0x8a,
    0xfe, 0x8a, 0xfe, 0x8a, 0xfe, 0x8a, 0xfe, 0x8a, 0xfe, 0x8a, 0xfe, 0x8a, 0xfe, 0x8a, 0xfe, 0x8a,
    0xfe, 0x8a, 0xde, 0x8a, 0xdd, 0x8a, 0xfc, 0x8a, 0xfc, 0x8a, 0x1c, 0x8b, 0xfc, 0x8a, 0xdd, 0x8a,
    0xdd, 0x8a, 0xff, 0x92, 0x9a, 0x7a, 0xe6, 0x10, 0xe6, 0x10, 0xe6, 0x10, 0xe6, 0x10, 0xe6, 0x10,
    0xc6, 0x10, 0xc6, 0x10, 0xe6, 0x10, 0xe6, 0x10, 0xc4, 0x08, 0xef, 0x31, 0xbf, 0x73, 0x7e, 0x6b,
    0x7e, 0x6b, 0x5d, 0x6b, 0x7d, 0x6b, 0x9d, 0x6b, 0x7d, 0x6b, 0x5d, 0x6b, 0x5e, 0x6b, 0x7e, 0x6b,
    0x7f, 0x6b, 0x7f, 0x6b, 0x7f, 0x6b, 0x7f, 0x6b, 0x7f, 0x6b, 0x7f, 0x6b, 0x7f, 0x6b, 0x7f, 0x6b,
    0x7f, 0x6b, 0x7f, 0x6b, 0x7f, 0x6b, 0x7f, 0x6b, 0x7f, 0x73, 0x7f, 0x73, 0x7f, 0x73, 0x7f, 0x73,
    0x7f, 0x73, 0x7f, 0x73, 0x7f, 0x73, 0x7f, 0x73, 0x7f, 0x73, 0x7f, 0x73, 0x5f, 0x73, 0x5f, 0x73,
    0x5f, 0x73, 0x5f, 0x73, 0x5f, 0x73, 0x5f, 0x73, 0x5f, 0x73, 0x5f, 0x73, 0x5f, 0x73, 0x5f, 0x73,
    0x5f, 0x73, 0x5f, 0x73, 0x5f, 0x73, 0x5f, 0x73, 0x5f, 0x73, 0x5f, 0x73, 0x5f, 0x73, 0x5f, 0x73,
    0x5f, 0x73, 0x5f, 0x73, 0x5f, 0x73, 0x5f, 0x73, 0x5f, 0x73, 0x5f, 0x73, 0x5f, 0x73, 0x5f, 0x73,
    0x5f, 0x73, 0x5f, 0x73, 0x5f, 0x73, 0x5f, 0x73, 0x5f, 0x73, 0x5f, 0x73, 0x5f, 0x7b, 0x5f, 0x7b,
    0x5f, 0x7b, 0x5f, 0x7b, 0x5f, 0x7b, 0x5f, 0x7b, 0x3f, 0x7b, 0x3f, 0x7b, 0x3f, 0x7b, 0x3f, 0x7b,
    0x3f, 0x7b, 0x3f, 0x7b, 0x3f, 0x7b, 0x3f, 0x7b, 0x3f, 0x7b, 0x3f, 0x7b, 0x3f, 0x7b, 0x3f, 0x7b,
    0x3f, 0x7b, 0x3f, 0x7b, 0x3f, 0x7b, 0x3f, 0x7b, 0x3f, 0x7b, 0x3f, 0x7b, 0x3f, 0x7b, 0x3f, 0x7b,
    0x3f, 0x7b, 0x3f, 0x7b, 0x3f, 0x7b, 0x3f, 0x7b, 0x3f, 0x7b, 0x3f, 0x7b, 0x3f, 0x7b, 0x3f, 0x7b,
    0x3f, 0x7b, 0x3f, 0x7b, 0x3f, 0x7b, 0x3f, 0x7b, 0x3f, 0x7b, 0x3e, 0x7b, 0x3e, 0x7b, 0x3e, 0x7b,
    0x3e, 0x7b, 0x3e, 0x83, 0x1e, 0x83, 0x1e, 0x83, 0x1e, 0x83, 0x1e, 0x83, 0x1e, 0x83, 0x1e, 0x83,
    0x1e, 0x83, 0x1e, 0x83, 0x1e, 0x83, 0x1e, 0x83, 0x1e, 0x83, 0x1e, 0x83, 0x1e, 0x83, 0x1e, 0x83,
    0x1e, 0x83, 0x1e, 0x83, 0x1e, 0x83, 0x1e, 0x83, 0x1e, 0x83, 0x1e, 0x83, 0x1e, 0x83, 0x1e, 0x83,
    0x1e, 0x83, 0x1e, 0x83, 0x1e, 0x83, 0x1e, 0x83, 0x1e, 0x83, 0x1e, 0x83, 0x1e, 0x83, 0x1e, 0x83,
    0x1e, 0x83, 0x1e, 0x83, 0x1e, 0x83, 0x1e, 0x83, 0x1e, 0x83, 0x1e, 0x83, 0x1e, 0x83, 0x1e, 0x83,
    0xfe, 0x82, 0xfe, 0x82, 0xfe, 0x8a, 0xfe, 0x8a, 0xfe, 0x8a, 0xfe, 0x8a, 0xfe, 0x8a, 0xfe, 0x8a,
    0xfe, 0x8a, 0xfe, 0x8a, 0xfe, 0x8a, 0xfe, 0x8a, 0xfe, 0x8a, 0xfe, 0x8a, 0xfe, 0x8a, 0xfe, 0x8a,
    0xfe, 0x8a, 0xfe, 0x8a, 0xfe, 0x8a, 0xfe, 0x8a, 0xfe, 0x8a, 0xfe, 0x8a, 0xfe, 0x8a, 0xfe, 0x8a,
    0xfe, 0x8a, 0xfe, 0x8a, 0xfe, 0x8a, 0xfe, 0x8a, 0xfe, 0x8a, 0xfe, 0x8a, 0xfe, 0x8a, 0xfe, 0x8a,
    0xde, 0x8a, 0xdd, 0x8a, 0xdd, 0x8a, 0xfc, 0x8a, 0x1c, 0x8b, 0xfc, 0x8a, 0xdc, 0x8a, 0xdd, 0x8a,
    0xdd, 0x8a, 0xff, 0x92, 0xaf, 0x41, 0xc5, 0x08, 0xe6, 0x10, 0xe6, 0x10, 0xc6, 0x10, 0xc6, 0x10,
    0xc5, 0x10, 0xc6, 0x10, 0xc6, 0x10, 0xc6, 0x10, 0xe6, 0x10, 0xc5, 0x08, 0xd9, 0x52, 0x9f, 0x73,
    0x5e, 0x6b, 0x5d, 0x6b, 0x7d, 0x6b, 0x7d, 0x6b, 0x7d, 0x6b, 0x7d, 0x6b, 0x5d, 0x6b, 0x5e, 0x6b,
    0x7f, 0x6b, 0x7f, 0x6b, 0x7f, 0x6b, 0x7f, 0x6b, 0x7f, 0x6b, 0x7f, 0x6b, 0x7f, 0x6b, 0x7f, 0x6b,
    0x7f, 0x6b, 0x7f, 0x6b, 0x7f, 0x6b, 0x7f, 0x73, 0x7f, 0x73, 0x7f, 0x73, 0x7f, 0x73, 0x7f, 0x73,
    0x7f, 0x73, 0x7f, 0x73, 0x7f, 0x73, 0x7f, 0x73, 0x7f, 0x73, 0x5f, 0x73, 0x5f, 0x73, 0x5f, 0x73,
    0x5f, 0x73, 0x5f, 0x73, 0x5f, 0x73, 0x5f, 0x73, 0x5f, 0x73, 0x5f, 0x73, 0x5f, 0x73, 0x5f, 0x73,
    0x5f, 0x73, 0x5f, 0x73, 0x5f, 0x73, 0x5f, 0x73, 0x5f, 0x73, 0x5f, 0x73, 0x5f, 0x73, 0x5f, 0x73,
    0x5f, 0x73, 0x5f, 0x73, 0x5f, 0x73, 0x5f, 0x73, 0x5f, 0x73, 0x5f, 0x73, 0x5f, 0x73, 0x5f, 0x73,
    0x5f, 0x73, 0x5f, 0x73, 0x5f, 0x73, 0x5f, 0x73, 0x5f, 0x73, 0x5f, 0x7b, 0x5f, 0x7b, 0x5f, 0x7b,
    0x5f, 0x7b, 0x5f, 0x7b, 0x5f, 0x7b, 0x3f, 0x7b, 0x3f, 0x7b, 0x3f, 0x7b, 0x3f, 0x7b, 0x3f, 0x7b,
    0x3f, 0x7b, 0x3f, 0x7b, 0x3f, 0x7b, 0x3f, 0x7b, 0x3f, 0x7b, 0x3f, 0x7b, 0x3f, 0x7b, 0x3f, 0x7b,
    0x3f, 0x7b, 0x3f, 0x7b, 0x3f, 0x7b, 0x3f, 0x7b, 0x3f, 0x7b, 0x3f, 0x7b, 0x3f, 0x7b, 0x3f, 0x7b,
    0x3f, 0x7b, 0x3f, 0x7b, 0x3f, 0x7b, 0x3f, 0x7b, 0x3f, 0x7b, 0x3f, 0x7b, 0x3f, 0x7b, 0x3f, 0x7b,
    0x3f, 0x7b, 0x3f, 0x7b, 0x3f, 0x7b, 0x3e, 0x7b, 0x3e, 0x7b, 0x3e, 0x7b, 0x3e, 0x7b, 0x3e, 0x83,
    0x3e, 0x83, 0x1e, 0x83, 0x1e, 0x83, 0x1e, 0x83, 0x1e, 0x83, 0x1e, 0x83, 0x1e, 0x83, 0x1e, 0x83,
    0x1e, 0x83, 0x1e, 0x83, 0x1e, 0x83, 0x1e, 0x83, 0x1e, 0x83, 0x1e, 0x83, 0x1e, 0x83, 0x1e, 0x83,
    0x1e, 0x83, 0x1e, 0x83, 0x1e, 0x83, 0x1e, 0x83, 0x1e, 0x83, 0x1e, 0x83, 0x1e, 0x83, 0x1e, 0x83,
    0x1e, 0x83, 0x1e, 0x83, 0x1e, 0x83, 0x1e, 0x83, 0x1e, 0x83, 0x1e, 0x83, 0x1e, 0x83, 0x1e, 0x83,
    0x1e, 0x83, 0x1e, 0x83, 0x1e, 0x83, 0x1e, 0x83, 0x1e, 0x83, 0x1e, 0x83, 0x1e, 0x83, 0xfe, 0x82,
    0xfe, 0x82, 0xfe, 0x8a, 0xfe, 0x8a, 0xfe, 0x8a, 0xfe, 0x8a, 0xfe, 0x8a, 0xfe, 0x8a, 0xfe, 0x8a,
    0xfe, 0x8a, 0xfe, 0x8a, 0xfe, 0x8a, 0xfe, 0x8a, 0xfe, 0x8a, 0xfe, 0x8a, 0xfe, 0x8a, 0xfe, 0x8a,
    0xfe, 0x8a, 0xfe, 0x8a, 0xfe, 0x8a, 0xfe, 0x8a, 0xfe, 0x8a, 0xfe, 0x8a, 0xfe, 0x8a, 0xfe, 0x8a,
    0xfe, 0x8a, 0xfe, 0x8a, 0xfe, 0x8a, 0xfe, 0x8a, 0xfe, 0x8a, 0xfe, 0x8a, 0xfe, 0x8a, 0xde, 0x8a,
    0xde, 0x8a, 0xdd, 0x8a, 0xfc, 0x8a, 0x1c, 0x8b, 0xfc, 0x8a, 0xdc, 0x8a, 0xdd, 0x8a, 0xdd, 0x8a,
    0xff, 0x92, 0x78, 0x72, 0xc5, 0x08, 0xe6, 0x10, 0xc6, 0x10, 0xc6, 0x10, 0xc6, 0x10, 0xc5, 0x10,
    0xc5, 0x08, 0xc5, 0x10, 0xc5, 0x10, 0xc5, 0x10, 0xe6, 0x10, 0xa4, 0x08, 0x8c, 0x29, 0x9f, 0x73,
    0x5e, 0x6b, 0x5e, 0x6b, 0x5d, 0x6b, 0x7d, 0x6b, 0x7d, 0x6b, 0x7d, 0x6b, 0x5d, 0x6b, 0x5d, 0x6b,
    0x7e, 0x6b, 0x7f, 0x6b, 0x7f, 0x6b, 0x7f, 0x6b, 0x7f, 0x6b, 0x7f, 0x6b, 0x7f, 0x6b, 0x7f, 0x6b,
    0x7f, 0x6b, 0x7f, 0x6b, 0x7f, 0x73, 0x7f, 0x73, 0x7f, 0x73, 0x7f, 0x73, 0x7f, 0x73, 0x7f, 0x73,
    0x7f, 0x73, 0x7f, 0x73, 0x7f, 0x73, 0x7f, 0x73, 0x5f, 0x73, 0x5f, 0x73, 0x5f, 0x73, 0x5f, 0x73,
    0x5f, 0x73, 0x5f, 0x73, 0x5f, 0x73, 0x5f, 0x73, 0x5f, 0x73, 0x5f, 0x73, 0x5f, 0x73, 0x5f, 0x73,
    0x5f, 0x73, 0x5f, 0x73, 0x5f, 0x73, 0x5f, 0x73, 0x5f, 0x73, 0x5f, 0x73, 0x5f, 0x73, 0x5f, 0x73,
    0x5f, 0x73, 0x5f, 0x73, 0x5f, 0x73, 0x5f, 0x73, 0x5f, 0x73, 0x5f, 0x73, 0x5f, 0x73, 0x5f, 0x73,
    0x5f, 0x73, 0x5f, 0x73, 0x5f, 0x73, 0x5f, 0x73, 0x5f, 0x7b, 0x5f, 0x7b, 0x5f, 0x7b, 0x5f, 0x7b,
    0x5f, 0x7b, 0x5f, 0x7b, 0x3f, 0x7b, 0x3f, 0x7b, 0x3f, 0x7b, 0x3f, 0x7b, 0x3f, 0x7b, 0x3f, 0x7b,
    0x3f, 0x7b, 0x3f, 0x7b, 0x3f, 0x7b, 0x3f, 0x7b, 0x3f, 0x7b, 0x3f, 0x7b, 0x3f, 0x7b, 0x3f, 0x7b,
    0x3f, 0x7b, 0x3f, 0x7b, 0x3f, 0x7b, 0x3f, 0x7b, 0x3f, 0x7b, 0x3f, 0x7b, 0x3f, 0x7b, 0x3f, 0x7b,
    0x3f, 0x7b, 0x3f, 0x7b, 0x3f, 0x7b, 0x3f, 0x7b, 0x3f, 0x7b, 0x3f, 0x7b, 0x3f, 0x7b, 0x3f, 0x7b,
    0x3f, 0x7b, 0x3f, 0x7b, 0x3f, 0x7b, 0x3e, 0x7b, 0x3e, 0x7b, 0x3e, 0x7b, 0x3e, 0x83, 0x3e, 0x83,
    0x1e, 0x83, 0x1e, 0x83, 0x1e, 0x83, 0x1e, 0x83, 0x1e, 0x83, 0x1e, 0x83, 0x1e, 0x83, 0x1e, 0x83,
    0x1e, 0x83, 0x1e, 0x83, 0x1e, 0x83, 0x1e, 0x83, 0x1e, 0x83, 0x1e, 0x83, 0x1e, 0x83, 0x1e, 0x83,
    0x1e, 0x83, 0x1e, 0x83, 0x1e, 0x83, 0x1e, 0x83, 0x1e, 0x83, 0x1e, 0x83, 0x1e, 0x83, 0x1e, 0x83,
    0x1e, 0x83, 0x1e, 0x83, 0x1e, 0x83, 0x1e, 0x83, 0x1e, 0x83, 0x1e, 0x83, 0x1e, 0x83, 0x1e, 0x83,
    0x1e, 0x83, 0x1e, 0x83, 0x1e, 0x83, 0x1e, 0x83, 0x1e, 0x83, 0x1e, 0x83, 0xfe, 0x82, 0xfe, 0x82,
    0xfe, 0x8a, 0xfe, 0x8a, 0xfe, 0x8a, 0xfe, 0x8a, 0xfe, 0x8a, 0xfe, 0x8a, 0xfe, 0x8a, 0xfe, 0x8a,
    0xfe, 0x8a, 0xfe, 0x8a, 0xfe, 0x8a, 0xfe, 0x8a, 0xfe, 0x8a, 0xfe, 0x8a, 0xfe, 0x8a, 0xfe, 0x8a,
    0xfe, 0x8a, 0xfe, 0x8a, 0xfe, 0x8a, 0xfe, 0x8a, 0xfe, 0x8a, 0xfe, 0x8a, 0xfe, 0x8a, 0xfe, 0x8a,
    0xfe, 0x8a, 0xfe, 0x8a, 0xfe, 0x8a, 0xfe, 0x8a, 0xfe, 0x8a, 0xfe, 0x8a, 0xfe, 0x8a, 0xde, 0x8a,
    0xdd, 0x8a, 0xdc, 0x8a, 0xfc, 0x8a, 0x1c, 0x8b, 0xfc, 0x8a, 0xdd, 0x8a, 0xdd, 0x8a, 0xdd, 0x8a,
    0xff, 0x92, 0x6c, 0x31, 0xc4, 0x08, 0xc6, 0x10, 0xc5, 0x10, 0xc5, 0x10, 0xc5, 0x10, 0xc5, 0x08,
    0xc5, 0x08, 0xc5, 0x08, 0xc5, 0x08, 0xc5, 0x10, 0xc5, 0x10, 0xc6, 0x10, 0xa4, 0x08, 0x97, 0x4a,
    0x9f, 0x73, 0x5e, 0x6b, 0x5e, 0x6b, 0x5d, 0x6b, 0x7d, 0x6b, 0x7d, 0x6b, 0x7d, 0x6b, 0x5d, 0x6b,
    0x5e, 0x6b, 0x5e, 0x6b, 0x7f, 0x6b, 0x7f, 0x6b, 0x7f, 0x6b, 0x7f, 0x6b, 0x7f, 0x6b, 0x7f, 0x6b,
    0x7f, 0x6b, 0x7f, 0x73, 0x7f, 0x73, 0x7f, 0x73, 0x7f, 0x73, 0x7f, 0x73, 0x7f, 0x73, 0x7f, 0x73,
    0x7f, 0x73, 0x7f, 0x73, 0x7f, 0x73, 0x5f, 0x73, 0x5f, 0x73, 0x5f, 0x73, 0x5f, 0x73, 0x5f, 0x73,
    0x5f, 0x73, 0x5f, 0x73, 0x5f, 0x73, 0x5f, 0x73, 0x5f, 0x73, 0x5f, 0x73, 0x5f, 0x73, 0x5f, 0x73,
    0x5f, 0x73, 0x5f, 0x73, 0x5f, 0x73, 0x5f, 0x73, 0x5f, 0x73, 0x5f, 0x73, 0x5f, 0x73, 0x5f, 0x73,
    0x5f, 0x73, 0x5f, 0x73, 0x5f, 0x73, 0x5f, 0x73, 0x5f, 0x73, 0x5f, 0x73, 0x5f, 0x73, 0x5f, 0x73,
    0x5f, 0x73, 0x5f, 0x73, 0x5f, 0x73, 0x5f, 0x7b, 0x5f, 0x7b, 0x5f, 0x7b, 0x5f, 0x7b, 0x5f, 0x7b,
    0x5f, 0x7b, 0x3f, 0x7b, 0x3f, 0x7b, 0x3f, 0x7b, 0x3f, 0x7b, 0x3f, 0x7b, 0x3f, 0x7b, 0x3f, 0x7b,
    0x3f, 0x7b, 0x3f, 0x7b, 0x3f, 0x7b, 0x3f, 0x7b, 0x3f, 0x7b, 0x3f, 0x7b, 0x3f, 0x7b, 0x3f, 0x7b,
    0x3f, 0x7b, 0x3f, 0x7b, 0x3f, 0x7b, 0x3f, 0x7b, 0x3f, 0x7b, 0x3f, 0x7b, 0x3f, 0x7b, 0x3f, 0x7b,
    0x3f, 0x7b, 0x3f, 0x7b, 0x3f, 0x7b, 0x3f, 0x7b, 0x3f, 0x7b, 0x3f, 0x7b, 0x3f, 0x7b, 0x3f, 0x7b,
    0x3f, 0x7b, 0x3f, 0x7b, 0x3e, 0x7b, 0x3e, 0x7b, 0x3e, 0x7b, 0x3e, 0x83, 0x3e, 0x83, 0x1e, 0x83,
    0x1e, 0x83, 0x1e, 0x83, 0x1e, 0x83, 0x1e, 0x83, 0x1e, 0x83, 0x1e, 0x83, 0x1e, 0x83, 0x1e, 0x83,
    0x1e, 0x83, 0x1e, 0x83, 0x1e, 0x83, 0x1e, 0x83, 0x1e, 0x83, 0x1e, 0x83, 0x1e, 0x83, 0x1e, 0x83,
    0x1e, 0x83, 0x1e, 0x83, 0x1e, 0x83, 0x1e, 0x83, 0x1e, 0x83, 0x1e, 0x83, 0x1e, 0x83, 0x1e, 0x83,
    0x1e, 0x83, 0x1e, 0x83, 0x1e, 0x83, 0x1e, 0x83, 0x1e, 0x83, 0x1e, 0x83, 0x1e, 0x83, 0x1e, 0x83,
    0x1e, 0x83, 0x1e, 0x83, 0x1e, 0x83, 0x1e, 0x83, 0x1e, 0x83, 0xfe, 0x82, 0xfe, 0x82, 0xfe, 0x8a,
    0xfe, 0x8a, 0xfe, 0x8a, 0xfe, 0x8a, 0xfe, 0x8a, 0xfe, 0x8a, 0xfe, 0x8a, 0xfe, 0x8a, 0xfe, 0x8a,
    0xfe, 0x8a, 0xfe, 0x8a, 0xfe, 0x8a, 0xfe, 0x8a, 0xfe, 0x8a, 0xfe, 0x8a, 0xfe, 0x8a, 0xfe, 0x8a,
    0xfe, 0x8a, 0xfe, 0x8a, 0xfe, 0x8a, 0xfe, 0x8a, 0xfe, 0x8a, 0xfe, 0x8a, 0xfe, 0x8a, 0xfe, 0x8a,
    0xfe, 0x8a, 0xfe, 0x8a, 0xfe, 0x8a, 0xfe, 0x8a, 0xfe, 0x8a, 0xfe, 0x8a, 0xde, 0x8a, 0xdd, 0x8a,
    0xdd, 0x8a, 0xfc, 0x8a, 0x1c, 0x8b, 0xfc, 0x8a, 0xdc, 0x8a, 0xdd, 0x8a, 0xdd, 0x8a, 0xff, 0x92,
    0x36, 0x62, 0xa4, 0x08, 0xc6, 0x10, 0xc5, 0x10, 0xc5, 0x10, 0xc5, 0x08, 0xc5, 0x08, 0xc5, 0x08,
    0xa5, 0x08, 0xa5, 0x08, 0xc5, 0x08, 0xc5, 0x08, 0xc5, 0x08, 0xc5, 0x10, 0xa5, 0x08, 0x29, 0x19,
    0x7e, 0x6b, 0x7e, 0x6b, 0x5e, 0x6b, 0x5e, 0x6b, 0x5d, 0x6b, 0x7d, 0x6b, 0x7d, 0x6b, 0x7d, 0x6b,
    0x5d, 0x6b, 0x5e, 0x6b, 0x7e, 0x6b, 0x7f, 0x6b, 0x7f, 0x6b, 0x7f, 0x6b, 0x7f, 0x6b, 0x7f, 0x6b,
    0x7f, 0x73, 0x7f, 0x73, 0x7f, 0x73, 0x7f, 0x73, 0x7f, 0x73, 0x7f, 0x73, 0x7f, 0x73, 0x7f, 0x73,
    0x7f, 0x73, 0x7f, 0x73, 0x5f, 0x73, 0x5f, 0x73, 0x5f, 0x73, 0x5f, 0x73, 0x5f, 0x73, 0x5f, 0x73,
    0x5f, 0x73, 0x5f, 0x73, 0x5f, 0x73, 0x5f, 0x73, 0x5f, 0x73, 0x5f, 0x73, 0x5f, 0x73, 0x5f, 0x73,
    0x5f, 0x73, 0x5f, 0x73, 0x5f, 0x73, 0x5f, 0x73, 0x5f, 0x73, 0x5f, 0x73, 0x5f, 0x73, 0x5f, 0x73,
    0x5f, 0x73, 0x5f, 0x73, 0x5f, 0x73, 0x5f, 0x73, 0x5f, 0x73, 0x5f, 0x73, 0x5f, 0x73, 0x5f, 0x73,
    0x5f, 0x73, 0x5f, 0x73, 0x5f, 0x7b, 0x5f, 0x7b, 0x5f, 0x7b, 0x5f, 0x7b, 0x5f, 0x7b, 0x5f, 0x7b,
    0x3f, 0x7b, 0x3f, 0x7b, 0x3f, 0x7b, 0x3f, 0x7b, 0x3f, 0x7b, 0x3f, 0x7b, 0x3f, 0x7b, 0x3f, 0x7b,
    0x3f, 0x7b, 0x3f, 0x7b, 0x3f, 0x7b, 0x3f, 0x7b, 0x3f, 0x7b, 0x3f, 0x7b, 0x3f, 0x7b, 0x3f, 0x7b,
    0x3f, 0x7b, 0x3f, 0x7b, 0x3f, 0x7b, 0x3f, 0x7b, 0x3f, 0x7b, 0x3f, 0x7b, 0x3f, 0x7b, 0x3f, 0x7b,
    0x3f, 0x7b, 0x3f, 0x7b, 0x3f, 0x7b, 0x3f, 0x7b, 0x3f, 0x7b, 0x3f, 0x7b, 0x3f, 0x7b, 0x3f, 0x7b,
    0x3f, 0x7b, 0x3e, 0x7b, 0x3e, 0x7b, 0x3e, 0x7b, 0x3e, 0x83, 0x3e, 0x83, 0x1e, 0x83, 0x1e, 0x83,
    0x1e, 0x83, 0x1e, 0x83, 0x1e, 0x83, 0x1e, 0x83, 0x1e, 0x83, 0x1e, 0x83, 0x1e, 0x83, 0x1e, 0x83,
    0x1e, 0x83, 0x1e, 0x83, 0x1e, 0x83, 0x1e, 0x83, 0x1e, 0x83, 0x1e, 0x83, 0x1e, 0x83, 0x1e, 0x83,
    0x1e, 0x83, 0x1e, 0x83, 0x1e, 0x83, 0x1e, 0x83, 0x1e, 0x83, 0x1e, 0x83, 0x1e, 0x83, 0x1e, 0x83,
    0x1e, 0x83, 0x1e, 0x83, 0x1e, 0x83, 0x1e, 0x83, 0x1e, 0x83, 0x1e, 0x83, 0x1e, 0x83, 0x1e, 0x83,
    0x1e, 0x83, 0x1e, 0x83, 0x1e, 0x83, 0x1e, 0x83, 0xfe, 0x82, 0xfe, 0x82, 0xfe, 0x8a, 0xfe, 0x8a,
    0xfe, 0x8a, 0xfe, 0x8a, 0xfe, 0x8a, 0xfe, 0x8a, 0xfe, 0x8a, 0xfe, 0x8a, 0xfe, 0x8a, 0xfe, 0x8a,
    0xfe, 0x8a, 0xfe, 0x8a, 0xfe, 0x8a, 0xfe, 0x8a, 0xfe, 0x8a, 0xfe, 0x8a, 0xfe, 0x8a, 0xfe, 0x8a,
    0xfe, 0x8a, 0xfe, 0x8a, 0xfe, 0x8a, 0xfe, 0x8a, 0xfe, 0x8a, 0xfe, 0x8a, 0xfe, 0x8a, 0xfe, 0x8a,
    0xfe, 0x8a, 0xfe, 0x8a, 0xfe, 0x8a, 0xfe, 0x8a, 0xfe, 0x8a, 0xde, 0x8a, 0xdd, 0x8a, 0xdd, 0x8a,
    0xfc, 0x8a, 0x1c, 0x8b, 0xfc, 0x8a, 0xdc, 0x8a, 0xdd, 0x8a, 0xdd, 0x8a, 0xde, 0x8a, 0xdd, 0x8a,
    0x08, 0x19, 0xa5, 0x08, 0xc5, 0x10, 0xc5, 0x08, 0xc5, 0x08, 0xc5, 0x08, 0xa5, 0x08, 0xa5, 0x08,
    0xa5, 0x08, 0xa5, 0x08, 0xa5, 0x08, 0xa5, 0x08, 0xc5, 0x08, 0xc5, 0x08, 0xc6, 0x10, 0x83, 0x08,
    0xf0, 0x31, 0xbf, 0x73, 0x5e, 0x6b, 0x5e, 0x6b, 0x5d, 0x6b, 0x7d, 0x6b, 0x7d, 0x6b, 0x7d, 0x6b,
    0x5d, 0x6b, 0x5d, 0x6b, 0x5e, 0x6b, 0x7e, 0x6b, 0x7f, 0x6b, 0x7f, 0x6b, 0x7f, 0x6b, 0x7f, 0x73,
    0x7f, 0x73, 0x7f, 0x73, 0x7f, 0x73, 0x7f, 0x73, 0x7f, 0x73, 0x7f, 0x73, 0x7f, 0x73, 0x7f, 0x73,
    0x7f, 0x73, 0x5f, 0x73, 0x5f, 0x73, 0x5f, 0x73, 0x5f, 0x73, 0x5f, 0x73, 0x5f, 0x73, 0x5f, 0x73,
    0x5f, 0x73, 0x5f, 0x73, 0x5f, 0x73, 0x5f, 0x73, 0x5f, 0x73, 0x5f, 0x73, 0x5f, 0x73, 0x5f, 0x73,
    0x5f, 0x73, 0x5f, 0x73, 0x5f, 0x73, 0x5f, 0x73, 0x5f, 0x73, 0x5f, 0x73, 0x5f, 0x73, 0x5f, 0x73,
    0x5f, 0x73, 0x5f, 0x73, 0x5f, 0x73, 0x5f, 0x73, 0x5f, 0x73, 0x5f, 0x73, 0x5f, 0x73, 0x5f, 0x73,
    0x5f, 0x73, 0x5f, 0x7b, 0x5f, 0x7b, 0x5f, 0x7b, 0x5f, 0x7b, 0x5f, 0x7b, 0x5f, 0x7b, 0x3f, 0x7b,
    0x3f, 0x7b, 0x3f, 0x7b, 0x3f, 0x7b, 0x3f, 0x7b, 0x3f, 0x7b, 0x3f, 0x7b, 0x3f, 0x7b, 0x3f, 0x7b,
    0x3f, 0x7b, 0x3f, 0x7b, 0x3f, 0x7b, 0x3f, 0x7b, 0x3f, 0x7b, 0x3f, 0x7b, 0x3f, 0x7b, 0x3f, 0x7b,
    0x3f, 0x7b, 0x3f, 0x7b, 0x3f, 0x7b, 0x3f, 0x7b, 0x3f, 0x7b, 0x3f, 0x7b, 0x3f, 0x7b, 0x3f, 0x7b,
    0x3f, 0x7b, 0x3f, 0x7b, 0x3f, 0x7b, 0x3f, 0x7b, 0x3f, 0x7b, 0x3f, 0x7b, 0x3f, 0x7b, 0x3f, 0x7b,
    0x3e, 0x7b, 0x3e, 0x7b, 0x3e, 0x7b, 0x3e, 0x83, 0x3e, 0x83, 0x1e, 0x83, 0x1e, 0x83, 0x1e, 0x83,
    0x1e, 0x83, 0x1e, 0x83, 0x1e, 0x83, 0x1e, 0x83, 0x1e, 0x83, 0x1e, 0x83, 0x1e, 0x83, 0x1e, 0x83,
    0x1e, 0x83, 0x1e, 0x83, 0x1e, 0x83, 0x1e, 0x83, 0x1e, 0x83, 0x1e, 0x83, 0x1e, 0x83, 0x1e, 0x83,
    0x1e, 0x83, 0x1e, 0x83, 0x1e, 0x83, 0x1e, 0x83, 0x1e, 0x83, 0x1e, 0x83, 0x1e, 0x83, 0x1e, 0x83,
    0x1e, 0x83, 0x1e, 0x83, 0x1e, 0x83, 0x1e, 0x83, 0x1e, 0x83, 0x1e, 0x83, 0x1e, 0x83, 0x1e, 0x83,
    0x1e, 0x83, 0x1e, 0x83, 0x1e, 0x83, 0xfe, 0x82, 0xfe, 0x82, 0xfe, 0x8a, 0xfe, 0x8a, 0xfe, 0x8a,
    0xfe, 0x8a, 0xfe, 0x8a, 0xfe, 0x8a, 0xfe, 0x8a, 0xfe, 0x8a, 0xfe, 0x8a, 0xfe, 0x8a, 0xfe, 0x8a,
    0xfe, 0x8a, 0xfe, 0x8a, 0xfe, 0x8a, 0xfe, 0x8a, 0xfe, 0x8a, 0xfe, 0x8a, 0xfe, 0x8a, 0xfe, 0x8a,
    0xfe, 0x8a, 0xfe, 0x8a, 0xfe, 0x8a, 0xfe, 0x8a, 0xfe, 0x8a, 0xfe, 0x8a, 0xfe, 0x8a, 0xfe, 0x8a,
    0xfe, 0x8a, 0xfe, 0x8a, 0xfe, 0x8a, 0xfe, 0x8a, 0xde, 0x8a, 0xdd, 0x8a, 0xdd, 0x8a, 0xfc, 0x8a,
    0xfc, 0x8a, 0xfc, 0x8a, 0xdc, 0x8a, 0xdd, 0x8a, 0xdd, 0x8a, 0xdd, 0x8a, 0x1f, 0x9b, 0xb0, 0x41,
    0xa3, 0x00, 0xc6, 0x10, 0xc5, 0x08, 0xc5, 0x08, 0xa5, 0x08, 0xa5, 0x08, 0xa5, 0x08, 0xa5, 0x08,
    0xa4, 0x08, 0xa4, 0x08, 0xa5, 0x08, 0xa5, 0x08, 0xa5, 0x08, 0xa5, 0x08, 0xc5, 0x08, 0xc5, 0x10,
    0xa4, 0x08, 0xb8, 0x52, 0x9f, 0x73, 0x5e, 0x6b, 0x5e, 0x6b, 0x5d, 0x6b, 0x7d, 0x6b, 0x7d, 0x6b,
    0x7d, 0x6b, 0x5d, 0x6b, 0x5d, 0x6b, 0x5e, 0x6b, 0x7e, 0x6b, 0x7f, 0x6b, 0x7f, 0x73, 0x7f, 0x73,
    0x7f, 0x73, 0x7f, 0x73, 0x7f, 0x73, 0x7f, 0x73, 0x7f, 0x73, 0x7f, 0x73, 0x7f, 0x73, 0x7f, 0x73,
    0x5f, 0x73, 0x5f, 0x73, 0x5f, 0x73, 0x5f, 0x73, 0x5f, 0x73, 0x5f, 0x73, 0x5f, 0x73, 0x5f, 0x73,
    0x5f, 0x73, 0x5f, 0x73, 0x5f, 0x73, 0x5f, 0x73, 0x5f, 0x73, 0x5f, 0x73, 0x5f, 0x73, 0x5f, 0x73,
    0x5f, 0x73, 0x5f, 0x73, 0x5f, 0x73, 0x5f, 0x73, 0x5f, 0x73, 0x5f, 0x73, 0x5f, 0x73, 0x5f, 0x73,
    0x5f, 0x73, 0x5f, 0x73, 0x5f, 0x73, 0x5f, 0x73, 0x5f, 0x73, 0x5f, 0x73, 0x5f, 0x73, 0x5f, 0x73,
    0x5f, 0x7b, 0x5f, 0x7b, 0x5f, 0x7b, 0x5f, 0x7b, 0x5f, 0x7b, 0x5f, 0x7b, 0x3f, 0x7b, 0x3f, 0x7b,
    0x3f, 0x7b, 0x3f, 0x7b, 0x3f, 0x7b, 0x3f, 0x7b, 0x3f, 0x7b, 0x3f, 0x7b, 0x3f, 0x7b, 0x3f, 0x7b,
    0x3f, 0x7b, 0x3f, 0x7b, 0x3f, 0x7b, 0x3f, 0x7b, 0x3f, 0x7b, 0x3f, 0x7b, 0x3f, 0x7b, 0x3f, 0x7b,
    0x3f, 0x7b, 0x3f, 0x7b, 0x3f, 0x7b, 0x3f, 0x7b, 0x3f, 0x7b, 0x3f, 0x7b, 0x3f, 0x7b, 0x3f, 0x7b,
    0x3f, 0x7b, 0x3f, 0x7b, 0x3f, 0x7b, 0x3f, 0x7b, 0x3f, 0x7b, 0x3f, 0x7b, 0x3f, 0x7b, 0x3e, 0x7b,
    0x3e, 0x7b, 0x3e, 0x7b, 0x3e, 0x83, 0x3e, 0x83, 0x1e, 0x83, 0x1e, 0x83, 0x1e, 0x83, 0x1e, 0x83,
    0x1e, 0x83, 0x1e, 0x83, 0x1e, 0x83, 0x1e, 0x83, 0x1e, 0x83, 0x1e, 0x83, 0x1e, 0x83, 0x1e, 0x83,
    0x1e, 0x83, 0x1e, 0x83, 0x1e, 0x83, 0x1e, 0x83, 0x1e, 0x83, 0x1e, 0x83, 0x1e, 0x83, 0x1e, 0x83,
    0x1e, 0x83, 0x1e, 0x83, 0x1e, 0x83, 0x1e, 0x83, 0x1e, 0x83, 0x1e, 0x83, 0x1e, 0x83, 0x1e, 0x83,
    0x1e, 0x83, 0x1e, 0x83, 0x1e, 0x83, 0x1e, 0x83, 0x1e, 0x83, 0x1e, 0x83, 0x1e, 0x83, 0x1e, 0x83,
    0x1e, 0x83, 0x1e, 0x83, 0xfe, 0x82, 0xfe, 0x82, 0xfe, 0x8a, 0xfe, 0x8a, 0xfe, 0x8a, 0xfe, 0x8a,
    0xfe, 0x8a, 0xfe, 0x8a, 0xfe, 0x8a, 0xfe, 0x8a, 0xfe, 0x8a, 0xfe, 0x8a, 0xfe, 0x8a, 0xfe, 0x8a,
    0xfe, 0x8a, 0xfe, 0x8a, 0xfe, 0x8a, 0xfe, 0x8a, 0xfe, 0x8a, 0xfe, 0x8a, 0xfe, 0x8a, 0xfe, 0x8a,
    0xfe, 0x8a, 0xfe, 0x8a, 0xfe, 0x8a, 0xfe, 0x8a, 0xfe, 0x8a, 0xfe, 0x8a, 0xfe, 0x8a, 0xfe, 0x8a,
    0xfe, 0x8a, 0xfe, 0x8a, 0xfe, 0x8a, 0xde, 0x8a, 0xde, 0x8a, 0xdd, 0x8a, 0xfc, 0x8a, 0xfc, 0x8a,
    0xfc, 0x8a, 0xfc, 0x8a, 0xdd, 0x8a, 0xdd, 0x8a, 0xdd, 0x8a, 0xff, 0x92, 0x58, 0x6a, 0xa4, 0x08,
    0xc5, 0x10, 0xc5, 0x08, 0xa5, 0x08, 0xa5, 0x08, 0xa5, 0x08, 0xa5, 0x08, 0xa4, 0x08, 0xa4, 0x08,
    0xa4, 0x08, 0xa4, 0x08, 0xa4, 0x08, 0xa4, 0x08, 0xa5, 0x08, 0xa5, 0x08, 0xa5, 0x08, 0xc5, 0x08,
    0xa4, 0x08, 0xe7, 0x10, 0x5d, 0x63, 0x9f, 0x73, 0x5e, 0x6b, 0x5e, 0x6b, 0x5d, 0x6b, 0x7d, 0x6b,
    0x7d, 0x73, 0x7d, 0x6b, 0x5d, 0x6b, 0x5d, 0x6b, 0x5e, 0x6b, 0x7e, 0x6b, 0x7f, 0x73, 0x7f, 0x73,
    0x7f, 0x73, 0x7f, 0x73, 0x7f, 0x73, 0x7f, 0x73, 0x7f, 0x73, 0x7f, 0x73, 0x7f, 0x73, 0x5f, 0x73,
    0x5f, 0x73, 0x5f, 0x73, 0x5f, 0x73, 0x5f, 0x73, 0x5f, 0x73, 0x5f, 0x73, 0x5f, 0x73, 0x5f, 0x73,
    0x5f, 0x73, 0x5f, 0x73, 0x5f, 0x73, 0x5f, 0x73, 0x5f, 0x73, 0x5f, 0x73, 0x5f, 0x73, 0x5f, 0x73,
    0x5f, 0x73, 0x5f, 0x73, 0x5f, 0x73, 0x5f, 0x73, 0x5f, 0x73, 0x5f, 0x73, 0x5f, 0x73, 0x5f, 0x73,
    0x5f, 0x73, 0x5f, 0x73, 0x5f, 0x73, 0x5f, 0x73, 0x5f, 0x73, 0x5f, 0x73, 0x5f, 0x73, 0x5f, 0x7b,
    0x5f, 0x7b, 0x5f, 0x7b, 0x5f, 0x7b, 0x5f, 0x7b, 0x5f, 0x7b, 0x3f, 0x7b, 0x3f, 0x7b, 0x3f, 0x7b,
    0x3f, 0x7b, 0x3f, 0x7b, 0x3f, 0x7b, 0x3f, 0x7b, 0x3f, 0x7b, 0x3f, 0x7b, 0x3f, 0x7b, 0x3f, 0x7b,
    0x3f, 0x7b, 0x3f, 0x7b, 0x3f, 0x7b, 0x3f, 0x7b, 0x3f, 0x7b, 0x3f, 0x7b, 0x3f, 0x7b, 0x3f, 0x7b,
    0x3f, 0x7b, 0x3f, 0x7b, 0x3f, 0x7b, 0x3f, 0x7b, 0x3f, 0x7b, 0x3f, 0x7b, 0x3f, 0x7b, 0x3f, 0x7b,
    0x3f, 0x7b, 0x3f, 0x7b, 0x3f, 0x7b, 0x3f, 0x7b, 0x3f, 0x7b, 0x3f, 0x7b, 0x3e, 0x7b, 0x3e, 0x7b,
    0x3e, 0x7b, 0x3e, 0x83, 0x3e, 0x83, 0x1e, 0x83, 0x1e, 0x83, 0x1e, 0x83, 0x1e, 0x83, 0x1e, 0x83,
    0x1e, 0x83, 0x1e, 0x83, 0x1e, 0x83, 0x1e, 0x83, 0x1e, 0x83, 0x1e, 0x83, 0x1e, 0x83, 0x1e, 0x83,
    0x1e, 0x83, 0x1e, 0x83, 0x1e, 0x83, 0x1e, 0x83, 0x1e, 0x83, 0x1e, 0x83, 0x1e, 0x83, 0x1e, 0x83,
    0x1e, 0x83, 0x1e, 0x83, 0x1e, 0x83, 0x1e, 0x83, 0x1e, 0x83, 0x1e, 0x83, 0x1e, 0x83, 0x1e, 0x83,
    0x1e, 0x83, 0x1e, 0x83, 0x1e, 0x83, 0x1e, 0x83, 0x1e, 0x83, 0x1e, 0x83, 0x1e, 0x83, 0x1e, 0x83,
    0x1e, 0x83, 0xfe, 0x82, 0xfe, 0x82, 0xfe, 0x8a, 0xfe, 0x8a, 0xfe, 0x8a, 0xfe, 0x8a, 0xfe, 0x8a,
    0xfe, 0x8a, 0xfe, 0x8a, 0xfe, 0x8a, 0xfe, 0x8a, 0xfe, 0x8a, 0xfe, 0x8a, 0xfe, 0x8a, 0xfe, 0x8a,
    0xfe, 0x8a, 0xfe, 0x8a, 0xfe, 0x8a, 0xfe, 0x8a, 0xfe, 0x8a, 0xfe, 0x8a, 0xfe, 0x8a, 0xfe, 0x8a,
    0xfe, 0x8a, 0xfe, 0x8a, 0xfe, 0x8a, 0xfe, 0x8a, 0xfe, 0x8a, 0xfe, 0x8a, 0xfe, 0x8a, 0xfe, 0x8a,
    0xfe, 0x8a, 0xfe, 0x8a, 0xde, 0x8a, 0xde, 0x8a, 0xdd, 0x8a, 0xdc, 0x8a, 0xfc, 0x8a, 0xfc, 0x8a,
    0xfc, 0x8a, 0xdc, 0x8a, 0xdd, 0x8a, 0xdd, 0x8a, 0xfe, 0x92, 0xbc, 0x82, 0xe7, 0x18, 0xa4, 0x08,
    0xc5, 0x08, 0xa5, 0x08, 0xa5, 0x08, 0xa5, 0x08, 0xa4, 0x08, 0xa4, 0x08, 0xa4, 0x08, 0xa4, 0x08,
    0x84, 0x08, 0xa4, 0x08, 0xa4, 0x08, 0xa4, 0x08, 0xa4, 0x08, 0xa5, 0x08, 0xa5, 0x08, 0xa5, 0x08,
    0xc5, 0x08, 0x83, 0x08, 0x6c, 0x29, 0x9f, 0x73, 0x7e, 0x6b, 0x5e, 0x6b, 0x5e, 0x6b, 0x5d, 0x6b,
    0x7d, 0x6b, 0x7d, 0x73, 0x7d, 0x6b, 0x5d, 0x6b, 0x5d, 0x6b, 0x5e, 0x6b, 0x5e, 0x6b, 0x7f, 0x73,
    0x7f, 0x73, 0x7f, 0x73, 0x7f, 0x73, 0x7f, 0x73, 0x7f, 0x73, 0x7f, 0x73, 0x5f, 0x73, 0x5f, 0x73,
    0x5f, 0x73, 0x5f, 0x73, 0x5f, 0x73, 0x5f, 0x73, 0x5f, 0x73, 0x5f, 0x73, 0x5f, 0x73, 0x5f, 0x73,
    0x5f, 0x73, 0x5f, 0x73, 0x5f, 0x73, 0x5f, 0x73, 0x5f, 0x73, 0x5f, 0x73, 0x5f, 0x73, 0x5f, 0x73,
    0x5f, 0x73, 0x5f, 0x73, 0x5f, 0x73, 0x5f, 0x73, 0x5f, 0x73, 0x5f, 0x73, 0x5f, 0x73, 0x5f, 0x73,
    0x5f, 0x73, 0x5f, 0x73, 0x5f, 0x73, 0x5f, 0x73, 0x5f, 0x73, 0x5f, 0x73, 0x5f, 0x7b, 0x5f, 0x7b,
    0x5f, 0x7b, 0x5f, 0x7b, 0x5f, 0x7b, 0x5f, 0x7b, 0x3f, 0x7b, 0x3f, 0x7b, 0x3f, 0x7b, 0x3f, 0x7b,
    0x3f, 0x7b, 0x3f, 0x7b, 0x3f, 0x7b, 0x3f, 0x7b, 0x3f, 0x7b, 0x3f, 0x7b, 0x3f, 0x7b, 0x3f, 0x7b,
    0x3f, 0x7b, 0x3f, 0x7b, 0x3f, 0x7b, 0x3f, 0x7b, 0x3f, 0x7b, 0x3f, 0x7b, 0x3f, 0x7b, 0x3f, 0x7b,
    0x3f, 0x7b, 0x3f, 0x7b, 0x3f, 0x7b, 0x3f, 0x7b, 0x3f, 0x7b, 0x3f, 0x7b, 0x3f, 0x7b, 0x3f, 0x7b,
    0x3f, 0x7b, 0x3f, 0x7b, 0x3f, 0x7b, 0x3f, 0x7b, 0x3f, 0x7b, 0x3e, 0x7b, 0x3e, 0x7b, 0x3e, 0x7b,
    0x3e, 0x83, 0x3e, 0x83, 0x1e, 0x83, 0x1e, 0x83, 0x1e, 0x83, 0x1e, 0x83, 0x1e, 0x83, 0x1e, 0x83,
    0x1e, 0x83, 0x1e, 0x83, 0x1e, 0x83, 0x1e, 0x83, 0x1e, 0x83, 0x1e, 0x83, 0x1e, 0x83, 0x1e, 0x83,
    0x1e, 0x83, 0x1e, 0x83, 0x1e, 0x83, 0x1e, 0x83, 0x1e, 0x83, 0x1e, 0x83, 0x1e, 0x83, 0x1e, 0x83,
    0x1e, 0x83, 0x1e, 0x83, 0x1e, 0x83, 0x1e, 0x83, 0x1e, 0x83, 0x1e, 0x83, 0x1e, 0x83, 0x1e, 0x83,
    0x1e, 0x83, 0x1e, 0x83, 0x1e, 0x83, 0x1e, 0x83, 0x1e, 0x83, 0x1e, 0x83, 0x1e, 0x83, 0x1e, 0x83,
    0xfe, 0x82, 0xfe, 0x82, 0xfe, 0x8a, 0xfe, 0x8a, 0xfe, 0x8a, 0xfe, 0x8a, 0xfe, 0x8a, 0xfe, 0x8a,
    0xfe, 0x8a, 0xfe, 0x8a, 0xfe, 0x8a, 0xfe, 0x8a, 0xfe, 0x8a, 0xfe, 0x8a, 0xfe, 0x8a, 0xfe, 0x8a,
    0xfe, 0x8a, 0xfe, 0x8a, 0xfe, 0x8a, 0xfe, 0x8a, 0xfe, 0x8a, 0xfe, 0x8a, 0xfe, 0x8a, 0xfe, 0x8a,
    0xfe, 0x8a, 0xfe, 0x8a, 0xfe, 0x8a, 0xfe, 0x8a, 0xfe, 0x8a, 0xfe, 0x8a, 0xfe, 0x8a, 0xfe, 0x8a,
    0xfe, 0x8a, 0xde, 0x8a, 0xde, 0x8a, 0xdd, 0x8a, 0xdc, 0x8a, 0xfc, 0x8a, 0xfc, 0x8a, 0xfc, 0x8a,
    0xdc, 0x8a, 0xdd, 0x8a, 0xdd, 0x8a, 0xde, 0x8a, 0xff, 0x92, 0x4c, 0x31, 0xa3, 0x00, 0xc5, 0x10,
    0xa5, 0x08, 0xa5, 0x08, 0xa5, 0x08, 0xa4, 0x08, 0xa4, 0x08, 0xa4, 0x08, 0xa4, 0x08, 0x84, 0x08,
    0x84, 0x08, 0x84, 0x08, 0xa4, 0x08, 0xa4, 0x08, 0xa4, 0x08, 0xa4, 0x08, 0xa4, 0x08, 0xa5, 0x08,
    0xa5, 0x08, 0xc5, 0x10, 0x83, 0x00, 0x12, 0x3a, 0xbf, 0x73, 0x5e, 0x6b, 0x5e, 0x6b, 0x5d, 0x6b,
    0x5d, 0x6b, 0x7d, 0x6b, 0x7d, 0x73, 0x7d, 0x6b, 0x5d, 0x6b, 0x5d, 0x6b, 0x5e, 0x6b, 0x5e, 0x6b,
    0x7f, 0x73, 0x7f, 0x73, 0x7f, 0x73, 0x7f, 0x73, 0x7f, 0x73, 0x5f, 0x73, 0x5f, 0x73, 0x5f, 0x73,
    0x5f, 0x73, 0x5f, 0x73, 0x5f, 0x73, 0x5f, 0x73, 0x5f, 0x73, 0x5f, 0x73, 0x5f, 0x73, 0x5f, 0x73,
    0x5f, 0x73, 0x5f, 0x73, 0x5f, 0x73, 0x5f, 0x73, 0x5f, 0x73, 0x5f, 0x73, 0x5f, 0x73, 0x5f, 0x73,
    0x5f, 0x73, 0x5f, 0x73, 0x5f, 0x73, 0x5f, 0x73, 0x5f, 0x73, 0x5f, 0x73, 0x5f, 0x73, 0x5f, 0x73,
    0x5f, 0x73, 0x5f, 0x73, 0x5f, 0x73, 0x5f, 0x73, 0x5f, 0x73, 0x5f, 0x7b, 0x5f, 0x7b, 0x5f, 0x7b,
    0x5f, 0x7b, 0x5f, 0x7b, 0x5f, 0x7b, 0x3f, 0x7b, 0x3f, 0x7b, 0x3f, 0x7b, 0x3f, 0x7b, 0x3f, 0x7b,
    0x3f, 0x7b, 0x3f, 0x7b, 0x3f, 0x7b, 0x3f, 0x7b, 0x3f, 0x7b, 0x3f, 0x7b, 0x3f, 0x7b, 0x3f, 0x7b,
    0x3f, 0x7b, 0x3f, 0x7b, 0x3f, 0x7b, 0x3f, 0x7b, 0x3f, 0x7b, 0x3f, 0x7b, 0x3f, 0x7b, 0x3f, 0x7b,
    0x3f, 0x7b, 0x3f, 0x7b, 0x3f, 0x7b, 0x3f, 0x7b, 0x3f, 0x7b, 0x3f, 0x7b, 0x3f, 0x7b, 0x3f, 0x7b,
    0x3f, 0x7b, 0x3f, 0x7b, 0x3f, 0x7b, 0x3f, 0x7b, 0x3e, 0x7b, 0x3e, 0x7b, 0x3e, 0x7b, 0x3e, 0x83,
    0x3e, 0x83, 0x1e, 0x83, 0x1e, 0x83, 0x1e, 0x83, 0x1e, 0x83, 0x1e, 0x83, 0x1e, 0x83, 0x1e, 0x83,
    0x1e, 0x83, 0x1e, 0x83, 0x1e, 0x83, 0x1e, 0x83, 0x1e, 0x83, 0x1e, 0x83, 0x1e, 0x83, 0x1e, 0x83,
    0x1e, 0x83, 0x1e, 0x83, 0x1e, 0x83, 0x1e, 0x83, 0x1e, 0x83, 0x1e, 0x83, 0x1e, 0x83, 0x1e, 0x83,
    0x1e, 0x83, 0x1e, 0x83, 0x1e, 0x83, 0x1e, 0x83, 0x1e, 0x83, 0x1e, 0x83, 0x1e, 0x83, 0x1e, 0x83,
    0x1e, 0x83, 0x1e, 0x83, 0x1e, 0x83, 0x1e, 0x83, 0x1e, 0x83, 0x1e, 0x83, 0x1e, 0x83, 0xfe, 0x82,
    0xfe, 0x82, 0xfe, 0x8a, 0xfe, 0x8a, 0xfe, 0x8a, 0xfe, 0x8a, 0xfe, 0x8a, 0xfe, 0x8a, 0xfe, 0x8a,
    0xfe, 0x8a, 0xfe, 0x8a, 0xfe, 0x8a, 0xfe, 0x8a, 0xfe, 0x8a, 0xfe, 0x8a, 0xfe, 0x8a, 0xfe, 0x8a,
    0xfe, 0x8a, 0xfe, 0x8a, 0xfe, 0x8a, 0xfe, 0x8a, 0xfe, 0x8a, 0xfe, 0x8a, 0xfe, 0x8a, 0xfe, 0x8a,
    0xfe, 0x8a, 0xfe, 0x8a, 0xfe, 0x8a, 0xfe, 0x8a, 0xfe, 0x8a, 0xfe, 0x8a, 0xfe, 0x8a, 0xfe, 0x8a,
    0xde, 0x8a, 0xde, 0x8a, 0xdd, 0x8a, 0xdc, 0x8a, 0xfc, 0x8a, 0xfc, 0x8a, 0xfc, 0x8a, 0xdc, 0x8a,
    0xdd, 0x8a, 0xdd, 0x8a, 0xdd, 0x8a, 0x1f, 0x9b, 0xd2, 0x51, 0x83, 0x00, 0xc5, 0x10, 0xa5, 0x08,
    0xa5, 0x08, 0xa4, 0x08, 0xa4, 0x08, 0xa4, 0x08, 0xa4, 0x08, 0xa4, 0x08, 0x84, 0x08, 0x84, 0x08,
    0x84, 0x08, 0x84, 0x08, 0x84, 0x08, 0x84, 0x08, 0xa4, 0x08, 0xa4, 0x08, 0xa4, 0x08, 0xa4, 0x08,
    0xa4, 0x08, 0xa5, 0x08, 0xa5, 0x08, 0x84, 0x08, 0x75, 0x4a, 0xbf, 0x73, 0x5e, 0x6b, 0x5e, 0x6b,
    0x5d, 0x6b, 0x5d, 0x6b, 0x7d, 0x6b, 0x7d, 0x73, 0x7d, 0x73, 0x5d, 0x6b, 0x5d, 0x6b, 0x5e, 0x6b,
    0x5e, 0x6b, 0x7f, 0x73, 0x7f, 0x73, 0x7f, 0x73, 0x5f, 0x73, 0x5f, 0x73, 0x5f, 0x73, 0x5f, 0x73,
    0x5f, 0x73, 0x5f, 0x73, 0x5f, 0x73, 0x5f, 0x73, 0x5f, 0x73, 0x5f, 0x73, 0x5f, 0x73, 0x5f, 0x73,
    0x5f, 0x73, 0x5f, 0x73, 0x5f, 0x73, 0x5f, 0x73, 0x5f, 0x73, 0x5f, 0x73, 0x5f, 0x73, 0x5f, 0x73,
    0x5f, 0x73, 0x5f, 0x73, 0x5f, 0x73, 0x5f, 0x73, 0x5f, 0x73, 0x5f, 0x73, 0x5f, 0x73, 0x5f, 0x73,
    0x5f, 0x73, 0x5f, 0x73, 0x5f, 0x73, 0x5f, 0x73, 0x5f, 0x7b, 0x5f, 0x7b, 0x5f, 0x7b, 0x5f, 0x7b,
    0x5f, 0x7b, 0x5f, 0x7b, 0x3f, 0x7b, 0x3f, 0x7b, 0x3f, 0x7b, 0x3f, 0x7b, 0x3f, 0x7b, 0x3f, 0x7b,
    0x3f, 0x7b, 0x3f, 0x7b, 0x3f, 0x7b, 0x3f, 0x7b, 0x3f, 0x7b, 0x3f, 0x7b, 0x3f, 0x7b, 0x3f, 0x7b,
    0x3f, 0x7b, 0x3f, 0x7b, 0x3f, 0x7b, 0x3f, 0x7b, 0x3f, 0x7b, 0x3f, 0x7b, 0x3f, 0x7b, 0x3f, 0x7b,
    0x3f, 0x7b, 0x3f, 0x7b, 0x3f, 0x7b, 0x3f, 0x7b, 0x3f, 0x7b, 0x3f, 0x7b, 0x3f, 0x7b, 0x3f, 0x7b,
    0x3f, 0x7b, 0x3f, 0x7b, 0x3f, 0x7b, 0x3e, 0x7b, 0x3e, 0x7b, 0x3e, 0x7b, 0x3e, 0x83, 0x3e, 0x83,
    0x1e, 0x83, 0x1e, 0x83, 0x1e, 0x83, 0x1e, 0x83, 0x1e, 0x83, 0x1e, 0x83, 0x1e, 0x83, 0x1e, 0x83,
    0x1e, 0x83, 0x1e, 0x83, 0x1e, 0x83, 0x1e, 0x83, 0x1e, 0x83, 0x1e, 0x83, 0x1e, 0x83, 0x1e, 0x83,
    0x1e, 0x83, 0x1e, 0x83, 0x1e, 0x83, 0x1e, 0x83, 0x1e, 0x83, 0x1e, 0x83, 0x1e, 0x83, 0x1e, 0x83,
    0x1e, 0x83, 0x1e, 0x83, 0x1e, 0x83, 0x1e, 0x83, 0x1e, 0x83, 0x1e, 0x83, 0x1e, 0x83, 0x1e, 0x83,
    0x1e, 0x83, 0x1e, 0x83, 0x1e, 0x83, 0x1e, 0x83, 0x1e, 0x83, 0x1e, 0x83, 0xfe, 0x82, 0xfe, 0x82,
    0xfe, 0x8a, 0xfe, 0x8a, 0xfe, 0x8a, 0xfe, 0x8a, 0xfe, 0x8a, 0xfe, 0x8a, 0xfe, 0x8a, 0xfe, 0x8a,
    0xfe, 0x8a, 0xfe, 0x8a, 0xfe, 0x8a, 0xfe, 0x8a, 0xfe, 0x8a, 0xfe, 0x8a, 0xfe, 0x8a, 0xfe, 0x8a,
    0xfe, 0x8a, 0xfe, 0x8a, 0xfe, 0x8a, 0xfe, 0x8a, 0xfe, 0x8a, 0xfe, 0x8a, 0xfe, 0x8a, 0xfe, 0x8a,
    0xfe, 0x8a, 0xfe, 0x8a, 0xfe, 0x8a, 0xfe, 0x8a, 0xfe, 0x8a, 0xfe, 0x8a, 0xfe, 0x8a, 0xde, 0x8a,
    0xdd, 0x8a, 0xdd, 0x8a, 0xdc, 0x8a, 0xfc, 0x8a, 0xfc, 0x8a, 0xfc, 0x8a, 0xdc, 0x8a, 0xdd, 0x8a,
    0xdd, 0x8a, 0xdd, 0x8a, 0x1f, 0x9b, 0x15, 0x62, 0xa4, 0x08, 0xa5, 0x08, 0xa5, 0x08, 0xa4, 0x08,
    0xa4, 0x08, 0xa4, 0x08, 0xa4, 0x08, 0xa4, 0x08, 0x84, 0x08, 0x84, 0x08, 0x84, 0x08, 0x84, 0x08,
    0x83, 0x08, 0x84, 0x08, 0x84, 0x08, 0x84, 0x08, 0x84, 0x08, 0x84, 0x08, 0xa4, 0x08, 0xa4, 0x08,
    0xa4, 0x08, 0xa4, 0x08, 0xa5, 0x08, 0xa4, 0x08, 0xc5, 0x08, 0xfa, 0x5a, 0x9f, 0x73, 0x5e, 0x6b,
    0x5e, 0x6b, 0x5d, 0x6b, 0x5d, 0x6b, 0x7d, 0x73, 0x7d, 0x73, 0x7d, 0x73, 0x5d, 0x6b, 0x5d, 0x6b,
    0x5e, 0x6b, 0x5e, 0x6b, 0x7e, 0x73, 0x5f, 0x73, 0x5f, 0x73, 0x5f, 0x73, 0x5f, 0x73, 0x5f, 0x73,
    0x5f, 0x73, 0x5f, 0x73, 0x5f, 0x73, 0x5f, 0x73, 0x5f, 0x73, 0x5f, 0x73, 0x5f, 0x73, 0x5f, 0x73,
    0x5f, 0x73, 0x5f, 0x73, 0x5f, 0x73, 0x5f, 0x73, 0x5f, 0x73, 0x5f, 0x73, 0x5f, 0x73, 0x5f, 0x73,
    0x5f, 0x73, 0x5f, 0x73, 0x5f, 0x73, 0x5f, 0x73, 0x5f, 0x73, 0x5f, 0x73, 0x5f, 0x73, 0x5f, 0x73,
    0x5f, 0x73, 0x5f, 0x73, 0x5f, 0x73, 0x5f, 0x7b, 0x5f, 0x7b, 0x5f, 0x7b, 0x5f, 0x7b, 0x5f, 0x7b,
    0x5f, 0x7b, 0x3f, 0x7b, 0x3f, 0x7b, 0x3f, 0x7b, 0x3f, 0x7b, 0x3f, 0x7b, 0x3f, 0x7b, 0x3f, 0x7b,
    0x3f, 0x7b, 0x3f, 0x7b, 0x3f, 0x7b, 0x3f, 0x7b, 0x3f, 0x7b, 0x3f, 0x7b, 0x3f, 0x7b, 0x3f, 0x7b,
    0x3f, 0x7b, 0x3f, 0x7b, 0x3f, 0x7b, 0x3f, 0x7b, 0x3f, 0x7b, 0x3f, 0x7b, 0x3f, 0x7b, 0x3f, 0x7b,
    0x3f, 0x7b, 0x3f, 0x7b, 0x3f, 0x7b, 0x3f, 0x7b, 0x3f, 0x7b, 0x3f, 0x7b, 0x3f, 0x7b, 0x3f, 0x7b,
    0x3f, 0x7b, 0x3f, 0x7b, 0x3e, 0x7b, 0x3e, 0x7b, 0x3e, 0x7b, 0x3e, 0x83, 0x3e, 0x83, 0x1e, 0x83,
    0x1e, 0x83, 0x1e, 0x83, 0x1e, 0x83, 0x1e, 0x83, 0x1e, 0x83, 0x1e, 0x83, 0x1e, 0x83, 0x1e, 0x83,
    0x1e, 0x83, 0x1e, 0x83, 0x1e, 0x83, 0x1e, 0x83, 0x1e, 0x83, 0x1e, 0x83, 0x1e, 0x83, 0x1e, 0x83,
    0x1e, 0x83, 0x1e, 0x83, 0x1e, 0x83, 0x1e, 0x83, 0x1e, 0x83, 0x1e, 0x83, 0x1e, 0x83, 0x1e, 0x83,
    0x1e, 0x83, 0x1e, 0x83, 0x1e, 0x83, 0x1e, 0x83, 0x1e, 0x83, 0x1e, 0x83, 0x1e, 0x83, 0x1e, 0x83,
    0x1e, 0x83, 0x1e, 0x83, 0x1e, 0x83, 0x1e, 0x83, 0x1e, 0x83, 0xfe, 0x82, 0xfe, 0x82, 0xfe, 0x8a,
    0xfe, 0x8a, 0xfe, 0x8a, 0xfe, 0x8a, 0xfe, 0x8a, 0xfe, 0x8a, 0xfe, 0x8a, 0xfe, 0x8a, 0xfe, 0x8a,
    0xfe, 0x8a, 0xfe, 0x8a, 0xfe, 0x8a, 0xfe, 0x8a, 0xfe, 0x8a, 0xfe, 0x8a, 0xfe, 0x8a, 0xfe, 0x8a,
    0xfe, 0x8a, 0xfe, 0x8a, 0xfe, 0x8a, 0xfe, 0x8a, 0xfe, 0x8a, 0xfe, 0x8a, 0xfe, 0x8a, 0xfe, 0x8a,
    0xfe, 0x8a, 0xfe, 0x8a, 0xfe, 0x8a, 0xfe, 0x8a, 0xfe, 0x8a, 0xfe, 0x8a, 0xde, 0x8a, 0xdd, 0x8a,
    0xdd, 0x8a, 0xfc, 0x8a, 0xfc, 0x8a, 0xfc, 0x8a, 0xfc, 0x8a, 0xdc, 0x8a, 0xdd, 0x8a, 0xdd, 0x8a,
    0xdd, 0x8a, 0xff, 0x92, 0x79, 0x7a, 0xa5, 0x08, 0xa4, 0x08, 0xa5, 0x08, 0xa4, 0x08, 0xa4, 0x08,
    0xa4, 0x08, 0xa4, 0x08, 0x84, 0x08, 0x84, 0x08, 0x84, 0x08, 0x84, 0x08, 0x84, 0x08, 0x83, 0x08,
    0x83, 0x08, 0x83, 0x08, 0x83, 0x08, 0x84, 0x08, 0x84, 0x08, 0x84, 0x08, 0x84, 0x08, 0x84, 0x08,
    0xa4, 0x08, 0xa4, 0x08, 0xa4, 0x08, 0xa5, 0x08, 0xa4, 0x08, 0xc6, 0x10, 0xfa, 0x5a, 0x9f, 0x73,
    0x5e, 0x6b, 0x5e, 0x6b, 0x5d, 0x6b, 0x5d, 0x6b, 0x7d, 0x73, 0x7d, 0x73, 0x7d, 0x73, 0x5d, 0x6b,
    0x5d, 0x6b, 0x5e, 0x6b, 0x5e, 0x6b, 0x5e, 0x73, 0x5f, 0x73, 0x5f, 0x73, 0x5f, 0x73, 0x5f, 0x73,
    0x5f, 0x73, 0x5f, 0x73, 0x5f, 0x73, 0x5f, 0x73, 0x5f, 0x73, 0x5f, 0x73, 0x5f, 0x73, 0x5f, 0x73,
    0x5f, 0x73, 0x5f, 0x73, 0x5f, 0x73, 0x5f, 0x73, 0x5f, 0x73, 0x5f, 0x73, 0x5f, 0x73, 0x5f, 0x73,
    0x5f, 0x73, 0x5f, 0x73, 0x5f, 0x73, 0x5f, 0x73, 0x5f, 0x73, 0x5f, 0x73, 0x5f, 0x73, 0x5f, 0x73,
    0x5f, 0x73, 0x5f, 0x73, 0x5f, 0x7b, 0x5f, 0x7b, 0x5f, 0x7b, 0x5f, 0x7b, 0x5f, 0x7b, 0x5f, 0x7b,
    0x3f, 0x7b, 0x3f, 0x7b, 0x3f, 0x7b, 0x3f, 0x7b, 0x3f, 0x7b, 0x3f, 0x7b, 0x3f, 0x7b, 0x3f, 0x7b,
    0x3f, 0x7b, 0x3f, 0x7b, 0x3f, 0x7b, 0x3f, 0x7b, 0x3f, 0x7b, 0x3f, 0x7b, 0x3f, 0x7b, 0x3f, 0x7b,
    0x3f, 0x7b, 0x3f, 0x7b, 0x3f, 0x7b, 0x3f, 0x7b, 0x3f, 0x7b, 0x3f, 0x7b, 0x3f, 0x7b, 0x3f, 0x7b,
    0x3f, 0x7b, 0x3f, 0x7b, 0x3f, 0x7b, 0x3f, 0x7b, 0x3f, 0x7b, 0x3f, 0x7b, 0x3f, 0x7b, 0x3f, 0x7b,
    0x3f, 0x7b, 0x3e, 0x7b, 0x3e, 0x7b, 0x3e, 0x7b, 0x3e, 0x83, 0x3e, 0x83, 0x1e, 0x83, 0x1e, 0x83,
    0x1e, 0x83, 0x1e, 0x83, 0x1e, 0x83, 0x1e, 0x83, 0x1e, 0x83, 0x1e, 0x83, 0x1e, 0x83, 0x1e, 0x83,
    0x1e, 0x83, 0x1e, 0x83, 0x1e, 0x83, 0x1e, 0x83, 0x1e, 0x83, 0x1e, 0x83, 0x1e, 0x83, 0x1e, 0x83,
    0x1e, 0x83, 0x1e, 0x83, 0x1e, 0x83, 0x1e, 0x83, 0x1e, 0x83, 0x1e, 0x83, 0x1e, 0x83, 0x1e, 0x83,
    0x1e, 0x83, 0x1e, 0x83, 0x1e, 0x83, 0x1e, 0x83, 0x1e, 0x83, 0x1e, 0x83, 0x1e, 0x83, 0x1e, 0x83,
    0x1e, 0x83, 0x1e, 0x83, 0x1e, 0x83, 0x1e, 0x83, 0xfe, 0x82, 0xfe, 0x82, 0xfe, 0x8a, 0xfe, 0x8a,
    0xfe, 0x8a, 0xfe, 0x8a, 0xfe, 0x8a, 0xfe, 0x8a, 0xfe, 0x8a, 0xfe, 0x8a, 0xfe, 0x8a, 0xfe, 0x8a,
    0xfe, 0x8a, 0xfe, 0x8a, 0xfe, 0x8a, 0xfe, 0x8a, 0xfe, 0x8a, 0xfe, 0x8a, 0xfe, 0x8a, 0xfe, 0x8a,
    0xfe, 0x8a, 0xfe, 0x8a, 0xfe, 0x8a, 0xfe, 0x8a, 0xfe, 0x8a, 0xfe, 0x8a, 0xfe, 0x8a, 0xfe, 0x8a,
    0xfe, 0x8a, 0xfe, 0x8a, 0xfe, 0x8a, 0xfe, 0x8a, 0xde, 0x8a, 0xde, 0x8a, 0xdd, 0x8a, 0xdd, 0x8a,
    0xfc, 0x8a, 0xfc, 0x8a, 0xfc, 0x8a, 0xfc, 0x8a, 0xdc, 0x8a, 0xdd, 0x8a, 0xdd, 0x8a, 0xdd, 0x8a,
    0xff, 0x92, 0x79, 0x7a, 0xc6, 0x10, 0xa4, 0x08, 0xa5, 0x08, 0xa4, 0x08, 0xa4, 0x08, 0xa4, 0x08,
    0x84, 0x08, 0x84, 0x08, 0x84, 0x08, 0x84, 0x08, 0x84, 0x08, 0x83, 0x08, 0x83, 0x08, 0x83, 0x08,
    0x83, 0x08, 0x83, 0x08, 0x83, 0x08, 0x83, 0x08, 0x84, 0x08, 0x84, 0x08, 0x84, 0x08, 0x84, 0x08,
    0x84, 0x08, 0xa4, 0x08, 0xa4, 0x08, 0xa4, 0x08, 0xa5, 0x08, 0xa4, 0x08, 0xc6, 0x10, 0xfa, 0x5a,
    0x9f, 0x73, 0x5e, 0x6b, 0x5e, 0x6b, 0x5d, 0x6b, 0x5d, 0x6b, 0x7d, 0x73, 0x7d, 0x73, 0x7d, 0x73,
    0x5d, 0x6b, 0x5d, 0x6b, 0x5d, 0x6b, 0x5e, 0x73, 0x5e, 0x73, 0x5e, 0x73, 0x5f, 0x73, 0x5f, 0x73,
    0x5f, 0x73, 0x5f, 0x73, 0x5f, 0x73, 0x5f, 0x73, 0x5f, 0x73, 0x5f, 0x73, 0x5f, 0x73, 0x5f, 0x73,
    0x5f, 0x73, 0x5f, 0x73, 0x5f, 0x73, 0x5f, 0x73, 0x5f, 0x73, 0x5f, 0x73, 0x5f, 0x73, 0x5f, 0x73,
    0x5f, 0x73, 0x5f, 0x73, 0x5f, 0x73, 0x5f, 0x73, 0x5f, 0x73, 0x5f, 0x73, 0x5f, 0x73, 0x5f, 0x73,
    0x5f, 0x73, 0x5f, 0x7b, 0x5f, 0x7b, 0x5f, 0x7b, 0x5f, 0x7b, 0x5f, 0x7b, 0x5f, 0x7b, 0x3f, 0x7b,
    0x3f, 0x7b, 0x3f, 0x7b, 0x3f, 0x7b, 0x3f, 0x7b, 0x3f, 0x7b, 0x3f, 0x7b, 0x3f, 0x7b, 0x3f, 0x7b,
    0x3f, 0x7b, 0x3f, 0x7b, 0x3f, 0x7b, 0x3f, 0x7b, 0x3f, 0x7b, 0x3f, 0x7b, 0x3f, 0x7b, 0x3f, 0x7b,
    0x3f, 0x7b, 0x3f, 0x7b, 0x3f, 0x7b, 0x3f, 0x7b, 0x3f, 0x7b, 0x3f, 0x7b, 0x3f, 0x7b, 0x3f, 0x7b,
    0x3f, 0x7b, 0x3f, 0x7b, 0x3f, 0x7b, 0x3f, 0x7b, 0x3f, 0x7b, 0x3f, 0x7b, 0x3f, 0x7b, 0x3f, 0x7b,
    0x3e, 0x7b, 0x3e, 0x7b, 0x3e, 0x7b, 0x3e, 0x83, 0x3e, 0x83, 0x1e, 0x83, 0x1e, 0x83, 0x1e, 0x83,
    0x1e, 0x83, 0x1e, 0x83, 0x1e, 0x83, 0x1e, 0x83, 0x1e, 0x83, 0x1e, 0x83, 0x1e, 0x83, 0x1e, 0x83,
    0x1e, 0x83, 0x1e, 0x83, 0x1e, 0x83, 0x1e, 0x83, 0x1e, 0x83, 0x1e, 0x83, 0x1e, 0x83, 0x1e, 0x83,
    0x1e, 0x83, 0x1e, 0x83, 0x1e, 0x83, 0x1e, 0x83, 0x1e, 0x83, 0x1e, 0x83, 0x1e, 0x83, 0x1e, 0x83,
    0x1e, 0x83, 0x1e, 0x83, 0x1e, 0x83, 0x1e, 0x83, 0x1e, 0x83, 0x1e, 0x83, 0x1e, 0x83, 0x1e, 0x83,
    0x1e, 0x83, 0x1e, 0x83, 0x1e, 0x83, 0xfe, 0x82, 0xfe, 0x82, 0xfe, 0x8a, 0xfe, 0x8a, 0xfe, 0x8a,
    0xfe, 0x8a, 0xfe, 0x8a, 0xfe, 0x8a, 0xfe, 0x8a, 0xfe, 0x8a, 0xfe, 0x8a, 0xfe, 0x8a, 0xfe, 0x8a,
    0xfe, 0x8a, 0xfe, 0x8a, 0xfe, 0x8a, 0xfe, 0x8a, 0xfe, 0x8a, 0xfe, 0x8a, 0xfe, 0x8a, 0xfe, 0x8a,
    0xfe, 0x8a, 0xfe, 0x8a, 0xfe, 0x8a, 0xfe, 0x8a, 0xfe, 0x8a, 0xfe, 0x8a, 0xfe, 0x8a, 0xfe, 0x8a,
    0xfe, 0x8a, 0xfe, 0x8a, 0xde, 0x8a, 0xde, 0x8a, 0xdd, 0x8a, 0xdd, 0x8a, 0xdd, 0x8a, 0xfc, 0x8a,
    0x1c, 0x8b, 0xfc, 0x8a, 0xfc, 0x8a, 0xdc, 0x8a, 0xdd, 0x8a, 0xdd, 0x8a, 0xdd, 0x8a, 0xff, 0x92,
    0x79, 0x7a, 0xc6, 0x10, 0xa4, 0x08, 0xa5, 0x08, 0xa4, 0x08, 0xa4, 0x08, 0xa4, 0x08, 0x84, 0x08,
    0x84, 0x08, 0x84, 0x08, 0x84, 0x08, 0x84, 0x08, 0x83, 0x08, 0x83, 0x08, 0x83, 0x08, 0x83, 0x08,
    0x63, 0x08, 0x63, 0x08, 0x83, 0x08, 0x83, 0x08, 0x83, 0x08, 0x83, 0x08, 0x84, 0x08, 0x84, 0x08,
    0x84, 0x08, 0x84, 0x08, 0xa4, 0x08, 0xa4, 0x08, 0xa4, 0x08, 0xa5, 0x08, 0xa4, 0x08, 0xc6, 0x10,
    0xda, 0x5a, 0x9f, 0x73, 0x5e, 0x6b, 0x5e, 0x6b, 0x5d, 0x6b, 0x5d, 0x6b, 0x5d, 0x73, 0x7d, 0x73,
    0x7d, 0x73, 0x5d, 0x73, 0x5d, 0x6b, 0x5d, 0x6b, 0x5e, 0x6b, 0x5e, 0x73, 0x5e, 0x73, 0x5f, 0x73,
    0x5f, 0x73, 0x5f, 0x73, 0x5f, 0x73, 0x5f, 0x73, 0x5f, 0x73, 0x5f, 0x73, 0x5f, 0x73, 0x5f, 0x73,
    0x5f, 0x73, 0x5f, 0x73, 0x5f, 0x73, 0x5f, 0x73, 0x5f, 0x73, 0x5f, 0x73, 0x5f, 0x73, 0x5f, 0x73,
    0x5f, 0x73, 0x5f, 0x73, 0x5f, 0x73, 0x5f, 0x73, 0x5f, 0x73, 0x5f, 0x73, 0x5f, 0x73, 0x5f, 0x73,
    0x5f, 0x7b, 0x5f, 0x7b, 0x5f, 0x7b, 0x5f, 0x7b, 0x5f, 0x7b, 0x5f, 0x7b, 0x3f, 0x7b, 0x3f, 0x7b,
    0x3f, 0x7b, 0x3f, 0x7b, 0x3f, 0x7b, 0x3f, 0x7b, 0x3f, 0x7b, 0x3f, 0x7b, 0x3f, 0x7b, 0x3f, 0x7b,
    0x3f, 0x7b, 0x3f, 0x7b, 0x3f, 0x7b, 0x3f, 0x7b, 0x3f, 0x7b, 0x3f, 0x7b, 0x3f, 0x7b, 0x3f, 0x7b,
    0x3f, 0x7b, 0x3f, 0x7b, 0x3f, 0x7b, 0x3f, 0x7b, 0x3f, 0x7b, 0x3f, 0x7b, 0x3f, 0x7b, 0x3f, 0x7b,
    0x3f, 0x7b, 0x3f, 0x7b, 0x3f, 0x7b, 0x3f, 0x7b, 0x3f, 0x7b, 0x3f, 0x7b, 0x3f, 0x7b, 0x3e, 0x7b,
    0x3e, 0x7b, 0x3e, 0x7b, 0x3e, 0x83, 0x3e, 0x83, 0x1e, 0x83, 0x1e, 0x83, 0x1e, 0x83, 0x1e, 0x83,
    0x1e, 0x83, 0x1e, 0x83, 0x1e, 0x83, 0x1e, 0x83, 0x1e, 0x83, 0x1e, 0x83, 0x1e, 0x83, 0x1e, 0x83,
    0x1e, 0x83, 0x1e, 0x83, 0x1e, 0x83, 0x1e, 0x83, 0x1e, 0x83, 0x1e, 0x83, 0x1e, 0x83, 0x1e, 0x83,
    0x1e, 0x83, 0x1e, 0x83, 0x1e, 0x83, 0x1e, 0x83, 0x1e, 0x83, 0x1e, 0x83, 0x1e, 0x83, 0x1e, 0x83,
    0x1e, 0x83, 0x1e, 0x83, 0x1e, 0x83, 0x1e, 0x83, 0x1e, 0x83, 0x1e, 0x83, 0x1e, 0x83, 0x1e, 0x83,
    0x1e, 0x83, 0x1e, 0x83, 0xfe, 0x82, 0xfe, 0x82, 0xfe, 0x8a, 0xfe, 0x8a, 0xfe, 0x8a, 0xfe, 0x8a,
    0xfe, 0x8a, 0xfe, 0x8a, 0xfe, 0x8a, 0xfe, 0x8a, 0xfe, 0x8a, 0xfe, 0x8a, 0xfe, 0x8a, 0xfe, 0x8a,
    0xfe, 0x8a, 0xfe, 0x8a, 0xfe, 0x8a, 0xfe, 0x8a, 0xfe, 0x8a, 0xfe, 0x8a, 0xfe, 0x8a, 0xfe, 0x8a,
    0xfe, 0x8a, 0xfe, 0x8a, 0xfe, 0x8a, 0xfe, 0x8a, 0xfe, 0x8a, 0xfe, 0x8a, 0xfe, 0x8a, 0xfe, 0x8a,
    0xfe, 0x8a, 0xde, 0x8a, 0xde, 0x8a, 0xdd, 0x8a, 0xdd, 0x8a, 0xdd, 0x8a, 0xfc, 0x8a, 0x1c, 0x8b,
    0xfc, 0x8a, 0xfc, 0x8a, 0xdc, 0x8a, 0xdd, 0x8a, 0xdd, 0x8a, 0xdd, 0x8a, 0xff, 0x92, 0x79, 0x7a,
    0xc6, 0x10, 0xa4, 0x08, 0xa5, 0x08, 0xa4, 0x08, 0xa4, 0x08, 0xa4, 0x08, 0x84, 0x08, 0x84, 0x08,
    0x84, 0x08, 0x84, 0x08, 0x83, 0x08, 0x83, 0x08, 0x83, 0x08, 0x83, 0x08, 0x63, 0x08, 0x63, 0x08,
    0x63, 0x08, 0x63, 0x08, 0x63, 0x08, 0x83, 0x08, 0x83, 0x08, 0x83, 0x08, 0x83, 0x08, 0x84, 0x08,
    0x84, 0x08, 0x84, 0x08, 0x84, 0x08, 0xa4, 0x08, 0xa4, 0x08, 0xa4, 0x08, 0xa5, 0x08, 0xa4, 0x08,
    0xc6, 0x10, 0xfa, 0x5a, 0x9f, 0x7b, 0x5e, 0x6b, 0x5e, 0x6b, 0x5e, 0x6b, 0x5d, 0x6b, 0x5d, 0x6b,
    0x7d, 0x73, 0x7d, 0x73, 0x7d, 0x73, 0x5d, 0x73, 0x5d, 0x6b, 0x5d, 0x6b, 0x5e, 0x73, 0x5e, 0x73,
    0x5e, 0x73, 0x5f, 0x73, 0x5f, 0x73, 0x5f, 0x73, 0x5f, 0x73, 0x5f, 0x73, 0x5f, 0x73, 0x5f, 0x73,
    0x5f, 0x73, 0x5f, 0x73, 0x5f, 0x73, 0x5f, 0x73, 0x5f, 0x73, 0x5f, 0x73, 0x5f, 0x73, 0x5f, 0x73,
    0x5f, 0x73, 0x5f, 0x73, 0x5f, 0x73, 0x5f, 0x73, 0x5f, 0x73, 0x5f, 0x73, 0x5f, 0x73, 0x5f, 0x7b,
    0x5f, 0x7b, 0x5f, 0x7b, 0x5f, 0x7b, 0x5f, 0x7b, 0x5f, 0x7b, 0x3f, 0x7b, 0x3f, 0x7b, 0x3f, 0x7b,
    0x3f, 0x7b, 0x3f, 0x7b, 0x3f, 0x7b, 0x3f, 0x7b, 0x3f, 0x7b, 0x3f, 0x7b, 0x3f, 0x7b, 0x3f, 0x7b,
    0x3f, 0x7b, 0x3f, 0x7b, 0x3f, 0x7b, 0x3f, 0x7b, 0x3f, 0x7b, 0x3f, 0x7b, 0x3f, 0x7b, 0x3f, 0x7b,
    0x3f, 0x7b, 0x3f, 0x7b, 0x3f, 0x7b, 0x3f, 0x7b, 0x3f, 0x7b, 0x3f, 0x7b, 0x3f, 0x7b, 0x3f, 0x7b,
    0x3f, 0x7b, 0x3f, 0x7b, 0x3f, 0x7b, 0x3f, 0x7b, 0x3f, 0x7b, 0x3f, 0x7b, 0x3e, 0x7b, 0x3e, 0x7b,
    0x3e, 0x7b, 0x3e, 0x83, 0x3e, 0x83, 0x1e, 0x83, 0x1e, 0x83, 0x1e, 0x83, 0x1e, 0x83, 0x1e, 0x83,
    0x1e, 0x83, 0x1e, 0x83, 0x1e, 0x83, 0x1e, 0x83, 0x1e, 0x83, 0x1e, 0x83, 0x1e, 0x83, 0x1e, 0x83,
    0x1e, 0x83, 0x1e, 0x83, 0x1e, 0x83, 0x1e, 0x83, 0x1e, 0x83, 0x1e, 0x83, 0x1e, 0x83, 0x1e, 0x83,
    0x1e, 0x83, 0x1e, 0x83, 0x1e, 0x83, 0x1e, 0x83, 0x1e, 0x83, 0x1e, 0x83, 0x1e, 0x83, 0x1e, 0x83,
    0x1e, 0x83, 0x1e, 0x83, 0x1e, 0x83, 0x1e, 0x83, 0x1e, 0x83, 0x1e, 0x83, 0x1e, 0x83, 0x1e, 0x83,
    0x1e, 0x83, 0xfe, 0x82, 0xfe, 0x82, 0xfe, 0x8a, 0xfe, 0x8a, 0xfe, 0x8a, 0xfe, 0x8a, 0xfe, 0x8a,
    0xfe, 0x8a, 0xfe, 0x8a, 0xfe, 0x8a, 0xfe, 0x8a, 0xfe, 0x8a, 0xfe, 0x8a, 0xfe, 0x8a, 0xfe, 0x8a,
    0xfe, 0x8a, 0xfe, 0x8a, 0xfe, 0x8a, 0xfe, 0x8a, 0xfe, 0x8a, 0xfe, 0x8a, 0xfe, 0x8a, 0xfe, 0x8a,
    0xfe, 0x8a, 0xfe, 0x8a, 0xfe, 0x8a, 0xfe, 0x8a, 0xfe, 0x8a, 0xfe, 0x8a, 0xfe, 0x8a, 0xde, 0x8a,
    0xde, 0x8a, 0xdd, 0x8a, 0xdd, 0x8a, 0xdd, 0x8a, 0xfc, 0x8a, 0xfc, 0x8a, 0x1c, 0x8b, 0xfc, 0x8a,
    0xdc, 0x8a, 0xdd, 0x8a, 0xdd, 0x8a, 0xdd, 0x8a, 0xdd, 0x8a, 0x1f, 0x9b, 0x79, 0x72, 0xc6, 0x10,
    0xa4, 0x08, 0xa5, 0x08, 0xa4, 0x08, 0xa4, 0x08, 0xa4, 0x08, 0x84, 0x08, 0x84, 0x08, 0x84, 0x08,
    0x84, 0x08, 0x83, 0x08, 0x83, 0x08, 0x83, 0x08, 0x83, 0x08, 0x63, 0x08, 0x63, 0x08, 0x63, 0x08,
    0x63, 0x08, 0x63, 0x08, 0x63, 0x08, 0x63, 0x08, 0x83, 0x08, 0x83, 0x08, 0x83, 0x08, 0x83, 0x08,
    0x84, 0x08, 0x84, 0x08, 0x84, 0x08, 0x84, 0x08, 0xa4, 0x08, 0xa4, 0x08, 0xa4, 0x08, 0xa5, 0x08,
    0xa4, 0x08, 0xa5, 0x08, 0x75, 0x4a, 0x9f, 0x7b, 0x5e, 0x6b, 0x5e, 0x6b, 0x5e, 0x6b, 0x5d, 0x6b,
    0x5d, 0x6b, 0x5d, 0x73, 0x7d, 0x73, 0x7d, 0x73, 0x5d, 0x73, 0x5d, 0x73, 0x5d, 0x73, 0x3d, 0x6b,
    0x3e, 0x73, 0x5e, 0x73, 0x5e, 0x73, 0x5f, 0x73, 0x5f, 0x73, 0x5f, 0x73, 0x5f, 0x73, 0x5f, 0x73,
    0x5f, 0x73, 0x5f, 0x73, 0x5f, 0x73, 0x5f, 0x73, 0x5f, 0x73, 0x5f, 0x73, 0x5f, 0x73, 0x5f, 0x73,
    0x5f, 0x73, 0x5f, 0x73, 0x5f, 0x73, 0x5f, 0x73, 0x5f, 0x73, 0x5f, 0x73, 0x5f, 0x7b, 0x5f, 0x7b,
    0x5f, 0x7b, 0x5f, 0x7b, 0x5f, 0x7b, 0x5f, 0x7b, 0x3f, 0x7b, 0x3f, 0x7b, 0x3f, 0x7b, 0x3f, 0x7b,
    0x3f, 0x7b, 0x3f, 0x7b, 0x3f, 0x7b, 0x3f, 0x7b, 0x3f, 0x7b, 0x3f, 0x7b, 0x3f, 0x7b, 0x3f, 0x7b,
    0x3f, 0x7b, 0x3f, 0x7b, 0x3f, 0x7b, 0x3f, 0x7b, 0x3f, 0x7b, 0x3f, 0x7b, 0x3f, 0x7b, 0x3f, 0x7b,
    0x3f, 0x7b, 0x3f, 0x7b, 0x3f, 0x7b, 0x3f, 0x7b, 0x3f, 0x7b, 0x3f, 0x7b, 0x3f, 0x7b, 0x3f, 0x7b,
    0x3f, 0x7b, 0x3f, 0x7b, 0x3f, 0x7b, 0x3f, 0x7b, 0x3f, 0x7b, 0x3e, 0x7b, 0x3e, 0x7b, 0x3e, 0x7b,
    0x3e, 0x83, 0x3e, 0x83, 0x1e, 0x83, 0x1e, 0x83, 0x1e, 0x83, 0x1e, 0x83, 0x1e, 0x83, 0x1e, 0x83,
    0x1e, 0x83, 0x1e, 0x83, 0x1e, 0x83, 0x1e, 0x83, 0x1e, 0x83, 0x1e, 0x83, 0x1e, 0x83, 0x1e, 0x83,
    0x1e, 0x83, 0x1e, 0x83, 0x1e, 0x83, 0x1e, 0x83, 0x1e, 0x83, 0x1e, 0x83, 0x1e, 0x83, 0x1e, 0x83,
    0x1e, 0x83, 0x1e, 0x83, 0x1e, 0x83, 0x1e, 0x83, 0x1e, 0x83, 0x1e, 0x83, 0x1e, 0x83, 0x1e, 0x83,
    0x1e, 0x83, 0x1e, 0x83, 0x1e, 0x83, 0x1e, 0x83, 0x1e, 0x83, 0x1e, 0x83, 0x1e, 0x83, 0x1e, 0x83,
    0xfe, 0x82, 0xfe, 0x82, 0xfe, 0x8a, 0xfe, 0x8a, 0xfe, 0x8a, 0xfe, 0x8a, 0xfe, 0x8a, 0xfe, 0x8a,
    0xfe, 0x8a, 0xfe, 0x8a, 0xfe, 0x8a, 0xfe, 0x8a, 0xfe, 0x8a, 0xfe, 0x8a, 0xfe, 0x8a, 0xfe, 0x8a,
    0xfe, 0x8a, 0xfe, 0x8a, 0xfe, 0x8a, 0xfe, 0x8a, 0xfe, 0x8a, 0xfe, 0x8a, 0xfe, 0x8a, 0xfe, 0x8a,
    0xfe, 0x8a, 0xfe, 0x8a, 0xfe, 0x8a, 0xfe, 0x8a, 0xfe, 0x8a, 0xde, 0x8a, 0xde, 0x8a, 0xde, 0x8a,
    0xdd, 0x8a, 0xdd, 0x8a, 0xdc, 0x8a, 0xfc, 0x8a, 0x1c, 0x8b, 0x1c, 0x8b, 0xfc, 0x8a, 0xdc, 0x8a,
    0xdd, 0x8a, 0xdd, 0x8a, 0xdd, 0x8a, 0xde, 0x8a, 0x1f, 0x9b, 0x15, 0x62, 0xa5, 0x08, 0xa4, 0x08,
    0xa5, 0x08, 0xa4, 0x08, 0xa4, 0x08, 0xa4, 0x08, 0x84, 0x08, 0x84, 0x08, 0x84, 0x08, 0x84, 0x08,
    0x83, 0x08, 0x83, 0x08, 0x83, 0x08, 0x83, 0x08, 0x63, 0x08, 0x63, 0x08, 0x63, 0x08, 0x63, 0x08,
    0x63, 0x08, 0x63, 0x08, 0x63, 0x08, 0x63, 0x08, 0x63, 0x08, 0x63, 0x08, 0x83, 0x08, 0x83, 0x08,
    0x83, 0x08, 0x83, 0x08, 0x84, 0x08, 0x84, 0x08, 0x84, 0x08, 0xa4, 0x08, 0xa4, 0x08, 0xa4, 0x08,
    0xa5, 0x08, 0xa4, 0x08, 0xa4, 0x08, 0x12, 0x42, 0x7f, 0x73, 0x7f, 0x73, 0x3e, 0x6b, 0x5e, 0x6b,
    0x5d, 0x6b, 0x5d, 0x6b, 0x5d, 0x73, 0x7d, 0x73, 0x7d, 0x73, 0x7d, 0x73, 0x5d, 0x73, 0x5d, 0x73,
    0x3d, 0x73, 0x3e, 0x73, 0x5e, 0x73, 0x5e, 0x73, 0x5e, 0x73, 0x5f, 0x73, 0x5f, 0x73, 0x5f, 0x73,
    0x5f, 0x73, 0x5f, 0x73, 0x5f, 0x73, 0x5f, 0x73, 0x5f, 0x73, 0x5f, 0x73, 0x5f, 0x73, 0x5f, 0x73,
    0x5f, 0x73, 0x5f, 0x73, 0x5f, 0x73, 0x5f, 0x73, 0x5f, 0x73, 0x5f, 0x7b, 0x5f, 0x7b, 0x5f, 0x7b,
    0x5f, 0x7b, 0x5f, 0x7b, 0x5f, 0x7b, 0x3f, 0x7b, 0x3f, 0x7b, 0x3f, 0x7b, 0x3f, 0x7b, 0x3f, 0x7b,
    0x3f, 0x7b, 0x3f, 0x7b, 0x3f, 0x7b, 0x3f, 0x7b, 0x3f, 0x7b, 0x3f, 0x7b, 0x3f, 0x7b, 0x3f, 0x7b,
    0x3f, 0x7b, 0x3f, 0x7b, 0x3f, 0x7b, 0x3f, 0x7b, 0x3f, 0x7b, 0x3f, 0x7b, 0x3f, 0x7b, 0x3f, 0x7b,
    0x3f, 0x7b, 0x3f, 0x7b, 0x3f, 0x7b, 0x3f, 0x7b, 0x3f, 0x7b, 0x3f, 0x7b, 0x3f, 0x7b, 0x3f, 0x7b,
    0x3f, 0x7b, 0x3f, 0x7b, 0x3f, 0x7b, 0x3f, 0x7b, 0x3e, 0x7b, 0x3e, 0x7b, 0x3e, 0x7b, 0x3e, 0x83,
    0x3e, 0x83, 0x1e, 0x83, 0x1e, 0x83, 0x1e, 0x83, 0x1e, 0x83, 0x1e, 0x83, 0x1e, 0x83, 0x1e, 0x83,
    0x1e, 0x83, 0x1e, 0x83, 0x1e, 0x83, 0x1e, 0x83, 0x1e, 0x83, 0x1e, 0x83, 0x1e, 0x83, 0x1e, 0x83,
    0x1e, 0x83, 0x1e, 0x83, 0x1e, 0x83, 0x1e, 0x83, 0x1e, 0x83, 0x1e, 0x83, 0x1e, 0x83, 0x1e, 0x83,
    0x1e, 0x83, 0x1e, 0x83, 0x1e, 0x83, 0x1e, 0x83, 0x1e, 0x83, 0x1e, 0x83, 0x1e, 0x83, 0x1e, 0x83,
    0x1e, 0x83, 0x1e, 0x83, 0x1e, 0x83, 0x1e, 0x83, 0x1e, 0x83, 0x1e, 0x83, 0x1e, 0x83, 0xfe, 0x82,
    0xfe, 0x82, 0xfe, 0x8a, 0xfe, 0x8a, 0xfe, 0x8a, 0xfe, 0x8a, 0xfe, 0x8a, 0xfe, 0x8a, 0xfe, 0x8a,
    0xfe, 0x8a, 0xfe, 0x8a, 0xfe, 0x8a, 0xfe, 0x8a, 0xfe, 0x8a, 0xfe, 0x8a, 0xfe, 0x8a, 0xfe, 0x8a,
    0xfe, 0x8a, 0xfe, 0x8a, 0xfe, 0x8a, 0xfe, 0x8a, 0xfe, 0x8a, 0xfe, 0x8a, 0xfe, 0x8a, 0xfe, 0x8a,
    0xfe, 0x8a, 0xfe, 0x8a, 0xfe, 0x8a, 0xfe, 0x8a, 0xde, 0x8a, 0xde, 0x8a, 0xdd, 0x8a, 0xdd, 0x8a,
    0xdc, 0x8a, 0xfc, 0x8a, 0xfc, 0x8a, 0x1c, 0x8b, 0xfc, 0x8a, 0xfc, 0x8a, 0xdc, 0x8a, 0xdd, 0x8a,
    0xdd, 0x8a, 0xdd, 0x8a, 0xff, 0x92, 0xff, 0x92, 0xd2, 0x51, 0xa4, 0x08, 0xa4, 0x08, 0xa5, 0x08,
    0xa4, 0x08, 0xa4, 0x08, 0xa4, 0x08, 0x84, 0x08, 0x84, 0x08, 0x84, 0x08, 0x83, 0x08, 0x83, 0x08,
    0x83, 0x08, 0x83, 0x08, 0x63, 0x08, 0x63, 0x08, 0x63, 0x08, 0x63, 0x08, 0x63, 0x08, 0x63, 0x08,
    0x63, 0x08, 0x63, 0x08, 0x63, 0x08, 0x63, 0x08, 0x63, 0x08, 0x63, 0x08, 0x63, 0x08, 0x83, 0x08,
    0x83, 0x08, 0x83, 0x08, 0x83, 0x08, 0x84, 0x08, 0x84, 0x08, 0x84, 0x08, 0xa4, 0x08, 0xa4, 0x08,
    0xa4, 0x08, 0xa5, 0x08, 0xa5, 0x08, 0x83, 0x00, 0x6c, 0x29, 0x3d, 0x6b, 0x9f, 0x7b, 0x5e, 0x6b,
    0x5e, 0x6b, 0x5e, 0x6b, 0x5d, 0x6b, 0x5d, 0x73, 0x5d, 0x73, 0x7d, 0x73, 0x7d, 0x73, 0x5d, 0x73,
    0x5d, 0x73, 0x5d, 0x73, 0x3d, 0x73, 0x3d, 0x73, 0x3e, 0x73, 0x5e, 0x73, 0x5e, 0x73, 0x5e, 0x73,
    0x5f, 0x73, 0x5f, 0x73, 0x5f, 0x73, 0x5f, 0x73, 0x5f, 0x73, 0x5f, 0x73, 0x5f, 0x73, 0x5f, 0x73,
    0x5f, 0x73, 0x5f, 0x73, 0x5f, 0x73, 0x5f, 0x73, 0x5f, 0x73, 0x5f, 0x7b, 0x5f, 0x7b, 0x5f, 0x7b,
    0x5f, 0x7b, 0x5f, 0x7b, 0x3f, 0x7b, 0x3f, 0x7b, 0x3f, 0x7b, 0x3f, 0x7b, 0x3f, 0x7b, 0x3f, 0x7b,
    0x3f, 0x7b, 0x3f, 0x7b, 0x3f, 0x7b, 0x3f, 0x7b, 0x3f, 0x7b, 0x3f, 0x7b, 0x3f, 0x7b, 0x3f, 0x7b,
    0x3f, 0x7b, 0x3f, 0x7b, 0x3f, 0x7b, 0x3f, 0x7b, 0x3f, 0x7b, 0x3f, 0x7b, 0x3f, 0x7b, 0x3f, 0x7b,
    0x3f, 0x7b, 0x3f, 0x7b, 0x3f, 0x7b, 0x3f, 0x7b, 0x3f, 0x7b, 0x3f, 0x7b, 0x3f, 0x7b, 0x3f, 0x7b,
    0x3f, 0x7b, 0x3f, 0x7b, 0x3e, 0x7b, 0x3e, 0x7b, 0x3e, 0x7b, 0x3e, 0x7b, 0x3e, 0x7b, 0x3e, 0x83,
    0x1e, 0x83, 0x1e, 0x83, 0x1e, 0x83, 0x1e, 0x83, 0x1e, 0x83, 0x1e, 0x83, 0x1e, 0x83, 0x1e, 0x83,
    0x1e, 0x83, 0x1e, 0x83, 0x1e, 0x83, 0x1e, 0x83, 0x1e, 0x83, 0x1e, 0x83, 0x1e, 0x83, 0x1e, 0x83,
    0x1e, 0x83, 0x1e, 0x83, 0x1e, 0x83, 0x1e, 0x83, 0x1e, 0x83, 0x1e, 0x83, 0x1e, 0x83, 0x1e, 0x83,
    0x1e, 0x83, 0x1e, 0x83, 0x1e, 0x83, 0x1e, 0x83, 0x1e, 0x83, 0x1e, 0x83, 0x1e, 0x83, 0x1e, 0x83,
    0x1e, 0x83, 0x1e, 0x83, 0x1e, 0x83, 0x1e, 0x83, 0x1e, 0x83, 0x1e, 0x83, 0xfe, 0x82, 0xfe, 0x82,
    0xfe, 0x82, 0xfe, 0x8a, 0xfe, 0x8a, 0xfe, 0x8a, 0xfe, 0x8a, 0xfe, 0x8a, 0xfe, 0x8a, 0xfe, 0x8a,
    0xfe, 0x8a, 0xfe, 0x8a, 0xfe, 0x8a, 0xfe, 0x8a, 0xfe, 0x8a, 0xfe, 0x8a, 0xfe, 0x8a, 0xfe, 0x8a,
    0xfe, 0x8a, 0xfe, 0x8a, 0xfe, 0x8a, 0xfe, 0x8a, 0xfe, 0x8a, 0xfe, 0x8a, 0xfe, 0x8a, 0xfe, 0x8a,
    0xfe, 0x8a, 0xfe, 0x8a, 0xde, 0x8a, 0xdd, 0x8a, 0xdd, 0x8a, 0xdd, 0x8a, 0xdd, 0x8a, 0xfc, 0x8a,
    0xfc, 0x8a, 0x1c, 0x8b, 0x1c, 0x8b, 0xfc, 0x8a, 0xdc, 0x8a, 0xdd, 0x8a, 0xdd, 0x8a, 0xdd, 0x8a,
    0xdd, 0x8a, 0xff, 0x92, 0xbc, 0x82, 0x4c, 0x31, 0x83, 0x00, 0xa5, 0x08, 0xa5, 0x08, 0xa4, 0x08,
    0xa4, 0x08, 0xa4, 0x08, 0x84, 0x08, 0x84, 0x08, 0x84, 0x08, 0x83, 0x08, 0x83, 0x08, 0x83, 0x08,
    0x83, 0x08, 0x63, 0x08, 0x63, 0x08, 0x63, 0x08, 0x63, 0x08, 0x63, 0x08, 0x63, 0x08, 0x63, 0x08,
    0x62, 0x08, 0x62, 0x08, 0x63, 0x08, 0x63, 0x08, 0x63, 0x08, 0x63, 0x08, 0x63, 0x08, 0x63, 0x08,
    0x83, 0x08, 0x83, 0x08, 0x83, 0x08, 0x84, 0x08, 0x84, 0x08, 0x84, 0x08, 0x84, 0x08, 0xa4, 0x08,
    0xa4, 0x08, 0xa4, 0x08, 0xa5, 0x08, 0xc5, 0x10, 0x83, 0x08, 0xe7, 0x10, 0xb8, 0x5a, 0x9f, 0x7b,
    0x5f, 0x73, 0x3e, 0x6b, 0x5e, 0x73, 0x5d, 0x73, 0x5d, 0x73, 0x5d, 0x73, 0x5d, 0x73, 0x7d, 0x73,
    0x7d, 0x73, 0x5d, 0x73, 0x5d, 0x73, 0x5d, 0x73, 0x3d, 0x73, 0x3d, 0x73, 0x3e, 0x73, 0x3e, 0x73,
    0x3e, 0x73, 0x5e, 0x73, 0x5e, 0x73, 0x5f, 0x73, 0x5f, 0x73, 0x5f, 0x73, 0x5f, 0x73, 0x5f, 0x73,
    0x5f, 0x73, 0x5f, 0x73, 0x5f, 0x73, 0x5f, 0x73, 0x5f, 0x7b, 0x5f, 0x7b, 0x5f, 0x7b, 0x5f, 0x7b,
    0x5f, 0x7b, 0x3f, 0x7b, 0x3f, 0x7b, 0x3f, 0x7b, 0x3f, 0x7b, 0x3f, 0x7b, 0x3f, 0x7b, 0x3f, 0x7b,
    0x3f, 0x7b, 0x3f, 0x7b, 0x3f, 0x7b, 0x3f, 0x7b, 0x3f, 0x7b, 0x3f, 0x7b, 0x3f, 0x7b, 0x3f, 0x7b,
    0x3f, 0x7b, 0x3f, 0x7b, 0x3f, 0x7b, 0x3f, 0x7b, 0x3f, 0x7b, 0x3f, 0x7b, 0x3f, 0x7b, 0x3f, 0x7b,
    0x3f, 0x7b, 0x3f, 0x7b, 0x3f, 0x7b, 0x3f, 0x7b, 0x3f, 0x7b, 0x3f, 0x7b, 0x3f, 0x7b, 0x3f, 0x7b,
    0x3f, 0x7b, 0x3f, 0x7b, 0x3e, 0x7b, 0x3e, 0x7b, 0x3e, 0x7b, 0x3e, 0x7b, 0x3e, 0x83, 0x1e, 0x83,
    0x1e, 0x83, 0x1e, 0x83, 0x1e, 0x83, 0x1e, 0x83, 0x1e, 0x83, 0x1e, 0x83, 0x1e, 0x83, 0x1e, 0x83,
    0x1e, 0x83, 0x1e, 0x83, 0x1e, 0x83, 0x1e, 0x83, 0x1e, 0x83, 0x1e, 0x83, 0x1e, 0x83, 0x1e, 0x83,
    0x1e, 0x83, 0x1e, 0x83, 0x1e, 0x83, 0x1e, 0x83, 0x1e, 0x83, 0x1e, 0x83, 0x1e, 0x83, 0x1e, 0x83,
    0x1e, 0x83, 0x1e, 0x83, 0x1e, 0x83, 0x1e, 0x83, 0x1e, 0x83, 0x1e, 0x83, 0x1e, 0x83, 0x1e, 0x83,
    0x1e, 0x83, 0x1e, 0x83, 0x1e, 0x83, 0x1e, 0x83, 0x1e, 0x83, 0xfe, 0x82, 0xfe, 0x82, 0xfe, 0x8a,
    0xfe, 0x8a, 0xfe, 0x8a, 0xfe, 0x8a, 0xfe, 0x8a, 0xfe, 0x8a, 0xfe, 0x8a, 0xfe, 0x8a, 0xfe, 0x8a,
    0xfe, 0x8a, 0xfe, 0x8a, 0xfe, 0x8a, 0xfe, 0x8a, 0xfe, 0x8a, 0xfe, 0x8a, 0xfe, 0x8a, 0xfe, 0x8a,
    0xfe, 0x8a, 0xfe, 0x8a, 0xfe, 0x8a, 0xfe, 0x8a, 0xfe, 0x8a, 0xfe, 0x8a, 0xfe, 0x8a, 0xde, 0x8a,
    0xde, 0x8a, 0xdd, 0x8a, 0xdd, 0x8a, 0xdd, 0x8a, 0xdc, 0x8a, 0xfc, 0x8a, 0xfc, 0x8a, 0x1c, 0x8b,
    0x1c, 0x8b, 0xfc, 0x8a, 0xfc, 0x8a, 0xdc, 0x8a, 0xdd, 0x8a, 0xdd, 0x8a, 0xdd, 0x8a, 0xde, 0x8a,
    0x1f, 0x9b, 0x58, 0x6a, 0xe7, 0x18, 0xa3, 0x00, 0xc5, 0x10, 0xa5, 0x08, 0xa4, 0x08, 0xa4, 0x08,
    0xa4, 0x08, 0x84, 0x08, 0x84, 0x08, 0x84, 0x08, 0x84, 0x08, 0x83, 0x08, 0x83, 0x08, 0x83, 0x08,
    0x63, 0x08, 0x63, 0x08, 0x63, 0x08, 0x63, 0x08, 0x63, 0x08, 0x63, 0x08, 0x62, 0x08, 0x62, 0x08,
    0x62, 0x00, 0x62, 0x08, 0x62, 0x08, 0x63, 0x08, 0x63, 0x08, 0x63, 0x08, 0x63, 0x08, 0x63, 0x08,
    0x63, 0x08, 0x83, 0x08, 0x83, 0x08, 0x83, 0x08, 0x84, 0x08, 0x84, 0x08, 0x84, 0x08, 0xa4, 0x08,
    0xa4, 0x08, 0xa4, 0x08, 0xa4, 0x08, 0xa5, 0x08, 0xc5, 0x10, 0xa4, 0x08, 0xa4, 0x08, 0xf0, 0x39,
    0x5e, 0x73, 0x9f, 0x7b, 0x5e, 0x73, 0x3e, 0x6b, 0x3e, 0x73, 0x3d, 0x73, 0x5d, 0x73, 0x5d, 0x73,
    0x5d, 0x73, 0x7d, 0x73, 0x7d, 0x73, 0x5d, 0x73, 0x5d, 0x73, 0x5d, 0x73, 0x3d, 0x73, 0x3d, 0x73,
    0x3d, 0x73, 0x3e, 0x73, 0x3e, 0x73, 0x3e, 0x73, 0x3e, 0x73, 0x5e, 0x73, 0x5e, 0x73, 0x3e, 0x73,
    0x5e, 0x73, 0x5e, 0x73, 0x5e, 0x73, 0x5f, 0x7b, 0x5f, 0x7b, 0x5f, 0x7b, 0x5f, 0x7b, 0x5f, 0x7b,
    0x3f, 0x7b, 0x3f, 0x7b, 0x3f, 0x7b, 0x3f, 0x7b, 0x3f, 0x7b, 0x3f, 0x7b, 0x3f, 0x7b, 0x3f, 0x7b,
    0x3f, 0x7b, 0x3f, 0x7b, 0x3f, 0x7b, 0x3f, 0x7b, 0x3f, 0x7b, 0x3f, 0x7b, 0x3f, 0x7b, 0x3f, 0x7b,
    0x3f, 0x7b, 0x3f, 0x7b, 0x3f, 0x7b, 0x3f, 0x7b, 0x3f, 0x7b, 0x3f, 0x7b, 0x3f, 0x7b, 0x3f, 0x7b,
    0x3f, 0x7b, 0x3f, 0x7b, 0x3f, 0x7b, 0x3f, 0x7b, 0x3f, 0x7b, 0x3f, 0x7b, 0x3f, 0x7b, 0x3f, 0x7b,
    0x3e, 0x7b, 0x3e, 0x7b, 0x3e, 0x7b, 0x3e, 0x7b, 0x3e, 0x83, 0x3e, 0x83, 0x1e, 0x83, 0x1e, 0x83,
    0x1e, 0x83, 0x1e, 0x83, 0x1e, 0x83, 0x1e, 0x83, 0x1e, 0x83, 0x1e, 0x83, 0x1e, 0x83, 0x1e, 0x83,
    0x1e, 0x83, 0x1e, 0x83, 0x1e, 0x83, 0x1e, 0x83, 0x1e, 0x83, 0x1e, 0x83, 0x1e, 0x83, 0x1e, 0x83,
    0x1e, 0x83, 0x1e, 0x83, 0x1e, 0x83, 0x1e, 0x83, 0x1e, 0x83, 0x1e, 0x83, 0x1e, 0x83, 0x1e, 0x83,
    0x1e, 0x83, 0x1e, 0x83, 0x1e, 0x83, 0x1e, 0x83, 0x1e, 0x83, 0x1e, 0x83, 0x1e, 0x83, 0x1e, 0x83,
    0x1e, 0x83, 0x1e, 0x83, 0x1e, 0x83, 0x1e, 0x83, 0xfe, 0x82, 0xfe, 0x82, 0xfe, 0x82, 0xfe, 0x8a,
    0xfe, 0x8a, 0xfe, 0x8a, 0xfe, 0x8a, 0xfe, 0x8a, 0xfe, 0x8a, 0xfe, 0x8a, 0xfe, 0x8a, 0xfe, 0x8a,
    0xfe, 0x8a, 0xfe, 0x8a, 0xfe, 0x8a, 0xfe, 0x8a, 0xfe, 0x8a, 0xfe, 0x8a, 0xfe, 0x8a, 0xfe, 0x8a,
    0xfe, 0x8a, 0xfe, 0x8a, 0xfe, 0x8a, 0xfe, 0x8a, 0xde, 0x8a, 0xdd, 0x8a, 0xdd, 0x8a, 0xdd, 0x82,
    0xdd, 0x82, 0xdd, 0x8a, 0xfc, 0x8a, 0xfc, 0x8a, 0xfc, 0x8a, 0x1c, 0x8b, 0x1c, 0x8b, 0xfc, 0x8a,
    0xfc, 0x8a, 0xdc, 0x8a, 0xdd, 0x8a, 0xdd, 0x8a, 0xdd, 0x8a, 0xdd, 0x8a, 0xff, 0x92, 0xdd, 0x8a,
    0xb0, 0x41, 0xa4, 0x08, 0xa4, 0x08, 0xc5, 0x10, 0xa5, 0x08, 0xa4, 0x08, 0xa4, 0x08, 0xa4, 0x08,
    0xa4, 0x08, 0x84, 0x08, 0x84, 0x08, 0x84, 0x08, 0x83, 0x08, 0x83, 0x08, 0x83, 0x08, 0x63, 0x08,
    0x63, 0x08, 0x63, 0x08, 0x63, 0x08, 0x63, 0x08, 0x63, 0x08, 0x62, 0x08, 0x62, 0x08, 0x62, 0x00,
    0x62, 0x00, 0x62, 0x00, 0x62, 0x08, 0x62, 0x08, 0x63, 0x08, 0x63, 0x08, 0x63, 0x08, 0x63, 0x08,
    0x63, 0x08, 0x63, 0x08, 0x83, 0x08, 0x83, 0x08, 0x83, 0x08, 0x84, 0x08, 0x84, 0x08, 0x84, 0x08,
    0x84, 0x08, 0xa4, 0x08, 0xa4, 0x08, 0xa5, 0x08, 0xa5, 0x08, 0xc5, 0x08, 0xc5, 0x10, 0x83, 0x08,
    0x29, 0x19, 0x96, 0x52, 0x7f, 0x7b, 0x7f, 0x73, 0x3e, 0x6b, 0x3e, 0x73, 0x3e, 0x73, 0x3d, 0x73,
    0x3d, 0x73, 0x5d, 0x73, 0x5d, 0x73, 0x5d, 0x73, 0x5d, 0x73, 0x5d, 0x73, 0x5d, 0x73, 0x5d, 0x73,
    0x5d, 0x73, 0x3d, 0x73, 0x3d, 0x73, 0x3d, 0x73, 0x3d, 0x73, 0x3e, 0x73, 0x3e, 0x73, 0x3e, 0x73,
    0x3e, 0x73, 0x3e, 0x73, 0x3e, 0x73, 0x3e, 0x73, 0x3e, 0x73, 0x3e, 0x73, 0x3e, 0x73, 0x3e, 0x7b,
    0x3e, 0x7b, 0x3e, 0x7b, 0x3e, 0x7b, 0x3e, 0x7b, 0x3e, 0x7b, 0x3e, 0x7b, 0x3e, 0x7b, 0x3e, 0x7b,
    0x3e, 0x7b, 0x3e, 0x7b, 0x3e, 0x7b, 0x3e, 0x7b, 0x3e, 0x7b, 0x3e, 0x7b, 0x3e, 0x7b, 0x3e, 0x7b,
    0x3e, 0x7b, 0x3e, 0x7b, 0x3e, 0x7b, 0x3e, 0x7b, 0x3e, 0x7b, 0x3e, 0x7b, 0x3e, 0x7b, 0x3e, 0x7b,
    0x3e, 0x7b, 0x3e, 0x7b, 0x3e, 0x7b, 0x3e, 0x7b, 0x1e, 0x7b, 0x1e, 0x7b, 0x1e, 0x7b, 0x1e, 0x7b,
    0x1e, 0x7b, 0x1e, 0x7b, 0x1e, 0x7b, 0x1e, 0x7b, 0x1e, 0x7b, 0x1e, 0x7b, 0x1e, 0x7b, 0x1e, 0x7b,
    0x1e, 0x7b, 0x1e, 0x7b, 0x1e, 0x7b, 0x1e, 0x7b, 0x1e, 0x7b, 0x1e, 0x7b, 0x1e, 0x83, 0x1e, 0x83,
    0x1e, 0x83, 0x1e, 0x83, 0x1e, 0x83, 0x1e, 0x83, 0x1e, 0x83, 0x1e, 0x83, 0x1e, 0x83, 0x1e, 0x83,
    0x1e, 0x83, 0x1e, 0x83, 0x1e, 0x83, 0x1e, 0x83, 0x1e, 0x83, 0x1e, 0x83, 0x1e, 0x83, 0x1e, 0x83,
    0x1e, 0x83, 0x1e, 0x83, 0xfe, 0x82, 0xfe, 0x82, 0xfe, 0x82, 0xfe, 0x82, 0xfe, 0x82, 0xfe, 0x82,
    0xfe, 0x82, 0xfe, 0x82, 0xfe, 0x82, 0xfe, 0x82, 0xfe, 0x82, 0xfe, 0x82, 0xfe, 0x82, 0xfe, 0x82,
    0xfe, 0x82, 0xfe, 0x82, 0xfe, 0x82, 0xfe, 0x82, 0xfe, 0x82, 0xfe, 0x82, 0xfe, 0x82, 0xfe, 0x82,
    0xfe, 0x8a, 0xfe, 0x8a, 0xfe, 0x8a, 0xfe, 0x8a, 0xfe, 0x8a, 0xfe, 0x8a, 0xfe, 0x8a, 0xde, 0x8a,
    0xdd, 0x8a, 0xdd, 0x82, 0xdd, 0x82, 0xdd, 0x82, 0xdd, 0x82, 0xdd, 0x82, 0xfd, 0x82, 0xfc, 0x8a,
    0xfc, 0x8a, 0xfc, 0x8a, 0x1c, 0x8b, 0x1c, 0x8b, 0xfc, 0x8a, 0xfc, 0x8a, 0xfc, 0x8a, 0xdc, 0x8a,
    0xdd, 0x8a, 0xdd, 0x8a, 0xdd, 0x8a, 0xdd, 0x8a, 0xff, 0x92, 0xff, 0x92, 0x36, 0x62, 0x09, 0x19,
    0xa3, 0x00, 0xc5, 0x10, 0xa5, 0x08, 0xa5, 0x08, 0xa5, 0x08, 0xa4, 0x08, 0xa4, 0x08, 0x84, 0x08,
    0x84, 0x08, 0x84, 0x08, 0x84, 0x08, 0x83, 0x08, 0x83, 0x08, 0x83, 0x08, 0x63, 0x08, 0x63, 0x08,
    0x63, 0x08, 0x63, 0x08, 0x63, 0x08, 0x63, 0x08, 0x62, 0x08, 0x62, 0x08, 0x62, 0x00, 0x62, 0x00,
    0x42, 0x00, 0x42, 0x00, 0x62, 0x00, 0x62, 0x08, 0x62, 0x08, 0x63, 0x08, 0x63, 0x08, 0x63, 0x08,
    0x63, 0x08, 0x63, 0x08, 0x63, 0x08, 0x83, 0x08, 0x83, 0x08, 0x83, 0x08, 0x84, 0x08, 0x84, 0x08,
    0x84, 0x08, 0xa4, 0x08, 0xa4, 0x08, 0xa4, 0x08, 0xa5, 0x08, 0xa5, 0x08, 0xa5, 0x08, 0xc6, 0x10,
    0xa5, 0x08, 0xa4, 0x08, 0x8c, 0x29, 0xb8, 0x5a, 0x7f, 0x7b, 0x7f, 0x73, 0x5e, 0x73, 0x3e, 0x6b,
    0x3e, 0x73, 0x3d, 0x73, 0x3d, 0x73, 0x3d, 0x73, 0x5d, 0x73, 0x5d, 0x73, 0x5d, 0x73, 0x5d, 0x73,
    0x5d, 0x73, 0x5d, 0x73, 0x5d, 0x73, 0x5d, 0x73, 0x3d, 0x73, 0x3d, 0x73, 0x3d, 0x73, 0x3d, 0x73,
    0x3d, 0x73, 0x3d, 0x73, 0x3d, 0x73, 0x3d, 0x73, 0x3d, 0x73, 0x3d, 0x73, 0x3d, 0x73, 0x3d, 0x73,
    0x3d, 0x73, 0x3d, 0x73, 0x3d, 0x73, 0x3d, 0x73, 0x3d, 0x73, 0x3d, 0x73, 0x3d, 0x73, 0x3d, 0x73,
    0x1d, 0x73, 0x1d, 0x73, 0x1d, 0x73, 0x1d, 0x73, 0x1d, 0x73, 0x1d, 0x7b, 0x1d, 0x7b, 0x1d, 0x7b,
    0x1d, 0x7b, 0x1d, 0x7b, 0x1d, 0x7b, 0x1d, 0x7b, 0x1d, 0x7b, 0x1d, 0x7b, 0x1d, 0x7b, 0x1d, 0x7b,
    0x1d, 0x7b, 0x1d, 0x7b, 0x1d, 0x7b, 0x1d, 0x7b, 0x1d, 0x7b, 0x1d, 0x7b, 0x1d, 0x7b, 0x1d, 0x7b,
    0x1d, 0x7b, 0x1d, 0x7b, 0x1d, 0x7b, 0x1d, 0x7b, 0x1d, 0x7b, 0x1d, 0x7b, 0x1d, 0x7b, 0x1d, 0x7b,
    0x1d, 0x7b, 0x1d, 0x7b, 0x1d, 0x7b, 0x1d, 0x7b, 0x1d, 0x7b, 0x1d, 0x7b, 0x1d, 0x7b, 0x1d, 0x7b,
    0x1d, 0x7b, 0x1d, 0x7b, 0x1d, 0x7b, 0x1d, 0x7b, 0x1d, 0x7b, 0x1d, 0x7b, 0x1d, 0x7b, 0xfd, 0x7a,
    0xfd, 0x82, 0xfd, 0x82, 0xfd, 0x82, 0xfd, 0x82, 0xfd, 0x82, 0xfd, 0x82, 0xfd, 0x82, 0xfd, 0x82,
    0xfd, 0x82, 0xfd, 0x82, 0xfd, 0x82, 0xfd, 0x82, 0xfd, 0x82, 0xfd, 0x82, 0xfd, 0x82, 0xfd, 0x82,
    0xfd, 0x82, 0xfd, 0x82, 0xfd, 0x82, 0xfd, 0x82, 0xfd, 0x82, 0xfd, 0x82, 0xfd, 0x82, 0xfd, 0x82,
    0xfd, 0x82, 0xfd, 0x82, 0xfd, 0x82, 0xfd, 0x82, 0xfd, 0x82, 0xfd, 0x82, 0xfd, 0x82, 0xfd, 0x82,
    0xfd, 0x82, 0xfd, 0x82, 0xfd, 0x82, 0xfd, 0x82, 0xfd, 0x82, 0xdd, 0x82, 0xdd, 0x82, 0xdd, 0x82,
    0xdd, 0x82, 0xfd, 0x82, 0xfd, 0x82, 0xfc, 0x82, 0xfc, 0x8a, 0xfc, 0x8a, 0xfc, 0x8a, 0x1c, 0x8b,
    0x1c, 0x8b, 0x1c, 0x8b, 0xfc, 0x8a, 0xfc, 0x8a, 0xfc, 0x8a, 0xdd, 0x8a, 0xdd, 0x8a, 0xdd, 0x8a,
    0xdd, 0x8a, 0xdd, 0x8a, 0xff, 0x92, 0xff, 0x92, 0x58, 0x72, 0x6c, 0x31, 0xa4, 0x08, 0xc5, 0x08,
    0xc6, 0x10, 0xa5, 0x08, 0xa5, 0x08, 0xa5, 0x08, 0xa4, 0x08, 0xa4, 0x08, 0xa4, 0x08, 0x84, 0x08,
    0x84, 0x08, 0x84, 0x08, 0x83, 0x08, 0x83, 0x08, 0x83, 0x08, 0x63, 0x08, 0x63, 0x08, 0x63, 0x08,
    0x63, 0x08, 0x63, 0x08, 0x63, 0x08, 0x62, 0x08, 0x62, 0x08, 0x62, 0x00, 0x42, 0x00, 0x42, 0x00,
    0x42, 0x00, 0x42, 0x00, 0x42, 0x00, 0x62, 0x00, 0x62, 0x08, 0x62, 0x08, 0x63, 0x08, 0x63, 0x08,
    0x63, 0x08, 0x63, 0x08, 0x63, 0x08, 0x63, 0x08, 0x83, 0x08, 0x83, 0x08, 0x83, 0x08, 0x84, 0x08,
    0x84, 0x08, 0x84, 0x08, 0xa4, 0x08, 0xa4, 0x08, 0xa5, 0x08, 0xa5, 0x08, 0xa5, 0x08, 0xc5, 0x08,
    0xc6, 0x10, 0xc6, 0x10, 0xa4, 0x08, 0xc5, 0x08, 0xcf, 0x31, 0xfa, 0x62, 0x7f, 0x7b, 0x7f, 0x7b,
    0x5e, 0x73, 0x3d, 0x73, 0x3d, 0x73, 0x3d, 0x73, 0x3d, 0x73, 0x3d, 0x73, 0x5d, 0x73, 0x5d, 0x73,
    0x5d, 0x73, 0x5d, 0x73, 0x5d, 0x73, 0x5d, 0x73, 0x5d, 0x73, 0x5d, 0x73, 0x5d, 0x73, 0x5d, 0x73,
    0x5d, 0x73, 0x3d, 0x73, 0x3d, 0x73, 0x3d, 0x73, 0x3d, 0x73, 0x3d, 0x73, 0x3d, 0x73, 0x3d, 0x73,
    0x3d, 0x73, 0x3d, 0x73, 0x3d, 0x73, 0x3d, 0x73, 0x3d, 0x73, 0x3d, 0x73, 0x3d, 0x73, 0x3d, 0x73,
    0x3d, 0x73, 0x3d, 0x73, 0x3d, 0x73, 0x3d, 0x73, 0x3d, 0x7b, 0x3d, 0x7b, 0x3d, 0x7b, 0x3d, 0x7b,
    0x3d, 0x7b, 0x3d, 0x7b, 0x3d, 0x7b, 0x3d, 0x7b, 0x3d, 0x7b, 0x3d, 0x7b, 0x3d, 0x7b, 0x3d, 0x7b,
    0x3d, 0x7b, 0x1d, 0x7b, 0x1d, 0x7b, 0x1d, 0x7b, 0x1d, 0x7b, 0x1d, 0x7b, 0x1d, 0x7b, 0x1d, 0x7b,
    0x1d, 0x7b, 0x1d, 0x7b, 0x1d, 0x7b, 0x1d, 0x7b, 0x1d, 0x7b, 0x1d, 0x7b, 0x1d, 0x7b, 0x1d, 0x7b,
    0x1d, 0x7b, 0x1d, 0x7b, 0x1d, 0x7b, 0x1d, 0x7b, 0x1d, 0x7b, 0x1d, 0x7b, 0x1d, 0x7b, 0x1d, 0x7b,
    0x1d, 0x7b, 0x1d, 0x7b, 0x1d, 0x7b, 0x1d, 0x7b, 0x1d, 0x7b, 0x1d, 0x7b, 0x1d, 0x7b, 0x1d, 0x83,
    0x1d, 0x83, 0x1d, 0x83, 0x1d, 0x83, 0x1d, 0x83, 0x1d, 0x83, 0x1d, 0x83, 0x1d, 0x83, 0xfd, 0x82,
    0xfd, 0x82, 0xfd, 0x82, 0xfd, 0x82, 0xfd, 0x82, 0xfd, 0x82, 0xfd, 0x82, 0xfc, 0x82, 0xfc, 0x82,
    0xfc, 0x82, 0xfc, 0x82, 0xfc, 0x82, 0xfc, 0x82, 0xfc, 0x82, 0xfc, 0x82, 0xfc, 0x82, 0xfc, 0x82,
    0xfc, 0x82, 0xfc, 0x82, 0xfc, 0x82, 0xfc, 0x82, 0xfc, 0x82, 0xfc, 0x82, 0xfc, 0x82, 0xfc, 0x82,
    0xfc, 0x82, 0xfc, 0x82, 0xfc, 0x82, 0xfc, 0x82, 0xfc, 0x82, 0xfc, 0x82, 0xfc, 0x82, 0xfc, 0x82,
    0xfc, 0x8a, 0xfc, 0x8a, 0x1c, 0x8b, 0x1c, 0x8b, 0x1c, 0x8b, 0x1c, 0x8b, 0xfc, 0x8a, 0xfc, 0x8a,
    0xfc, 0x8a, 0xfc, 0x8a, 0xdd, 0x8a, 0xdd, 0x8a, 0xdd, 0x8a, 0xdd, 0x8a, 0xdd, 0x8a, 0xde, 0x8a,
    0xff, 0x92, 0xff, 0x92, 0x9a, 0x7a, 0xaf, 0x41, 0xc5, 0x08, 0xa4, 0x08, 0xc6, 0x10, 0xc5, 0x10,
    0xc5, 0x08, 0xa5, 0x08, 0xa5, 0x08, 0xa5, 0x08, 0xa4, 0x08, 0xa4, 0x08, 0x84, 0x08, 0x84, 0x08,
    0x84, 0x08, 0x83, 0x08, 0x83, 0x08, 0x83, 0x08, 0x63, 0x08, 0x63, 0x08, 0x63, 0x08, 0x63, 0x08,
    0x63, 0x08, 0x63, 0x08, 0x62, 0x08, 0x62, 0x08, 0x62, 0x00, 0x42, 0x00, 0x42, 0x00, 0x42, 0x00,
    0x42, 0x00, 0x42, 0x00, 0x42, 0x00, 0x42, 0x00, 0x62, 0x00, 0x62, 0x08, 0x62, 0x08, 0x63, 0x08,
    0x63, 0x08, 0x63, 0x08, 0x63, 0x08, 0x63, 0x08, 0x63, 0x08, 0x83, 0x08, 0x83, 0x08, 0x84, 0x08,
    0x84, 0x08, 0x84, 0x08, 0x84, 0x08, 0xa4, 0x08, 0xa4, 0x08, 0xa5, 0x08, 0xa5, 0x08, 0xc5, 0x08,
    0xc5, 0x08, 0xc5, 0x10, 0xe6, 0x10, 0xe6, 0x10, 0xc4, 0x08, 0xe6, 0x10, 0x8d, 0x29, 0xb8, 0x5a,
    0x5f, 0x73, 0x7f, 0x7b, 0x5f, 0x73, 0x3e, 0x73, 0x3d, 0x73, 0x3d, 0x73, 0x3d, 0x73, 0x3d, 0x73,
    0x3d, 0x73, 0x5d, 0x73, 0x5d, 0x73, 0x5d, 0x73, 0x5d, 0x73, 0x5d, 0x73, 0x5c, 0x73, 0x5d, 0x7b,
    0x5d, 0x7b, 0x5c, 0x7b, 0x5c, 0x7b, 0x5c, 0x7b, 0x5c, 0x7b, 0x5c, 0x7b, 0x5d, 0x7b, 0x5d, 0x7b,
    0x5d, 0x7b, 0x5d, 0x7b, 0x5d, 0x7b, 0x5d, 0x7b, 0x5d, 0x7b, 0x5d, 0x7b, 0x5d, 0x7b, 0x5d, 0x7b,
    0x5d, 0x7b, 0x5d, 0x7b, 0x5d, 0x7b, 0x5d, 0x7b, 0x5d, 0x7b, 0x5d, 0x7b, 0x5d, 0x7b, 0x3d, 0x7b,
    0x3d, 0x7b, 0x3d, 0x7b, 0x3d, 0x7b, 0x3d, 0x7b, 0x3d, 0x7b, 0x3d, 0x7b, 0x3d, 0x7b, 0x3d, 0x7b,
    0x3d, 0x7b, 0x3d, 0x7b, 0x3d, 0x7b, 0x3d, 0x7b, 0x3c, 0x7b, 0x3c, 0x7b, 0x3c, 0x7b, 0x3c, 0x7b,
    0x3c, 0x7b, 0x3c, 0x7b, 0x3c, 0x7b, 0x3c, 0x7b, 0x3c, 0x7b, 0x3c, 0x7b, 0x3c, 0x7b, 0x3c, 0x7b,
    0x3c, 0x7b, 0x3c, 0x7b, 0x3c, 0x7b, 0x3c, 0x83, 0x3c, 0x83, 0x3c, 0x83, 0x3c, 0x83, 0x3c, 0x83,
    0x3c, 0x83, 0x3c, 0x83, 0x3c, 0x83, 0x3c, 0x83, 0x3c, 0x83, 0x3c, 0x83, 0x1c, 0x83, 0x1c, 0x83,
    0x1c, 0x83, 0x1c, 0x83, 0x1c, 0x83, 0x1c, 0x83, 0x1c, 0x83, 0x1c, 0x83, 0x1c, 0x83, 0x1c, 0x83,
    0x1c, 0x83, 0x1c, 0x83, 0x1c, 0x83, 0x1c, 0x83, 0x1c, 0x83, 0x1c, 0x83, 0x1c, 0x83, 0x1c, 0x83,
    0x1c, 0x83, 0x1c, 0x83, 0x1c, 0x83, 0x1c, 0x83, 0x1c, 0x83, 0x1c, 0x83, 0x1c, 0x83, 0x1c, 0x83,
    0x1c, 0x83, 0x1c, 0x83, 0x1c, 0x83, 0x1c, 0x83, 0x1c, 0x83, 0x1c, 0x83, 0x1c, 0x83, 0x1c, 0x83,
    0x1c, 0x83, 0x1c, 0x83, 0x1c, 0x8b, 0x1c, 0x8b, 0x1c, 0x8b, 0x1c, 0x8b, 0x1c, 0x8b, 0x1c, 0x8b,
    0x1c, 0x8b, 0x1c, 0x8b, 0x1c, 0x8b, 0xfc, 0x8a, 0xfc, 0x8a, 0xfc, 0x8a, 0xfc, 0x8a, 0xdc, 0x8a,
    0xdd, 0x8a, 0xdd, 0x8a, 0xdd, 0x8a, 0xdd, 0x8a, 0xdd, 0x8a, 0xfe, 0x8a, 0xff, 0x92, 0xde, 0x8a,
    0x78, 0x6a, 0x6d, 0x31, 0xe6, 0x10, 0xc4, 0x08, 0xe6, 0x10, 0xe6, 0x10, 0xc5, 0x10, 0xc5, 0x08,
    0xc5, 0x08, 0xa5, 0x08, 0xa5, 0x08, 0xa4, 0x08, 0xa4, 0x08, 0x84, 0x08, 0x84, 0x08, 0x84, 0x08,
    0x84, 0x08, 0x83, 0x08, 0x83, 0x08, 0x63, 0x08, 0x63, 0x08, 0x63, 0x08, 0x63, 0x08, 0x63, 0x08,
    0x63, 0x08, 0x62, 0x08, 0x62, 0x08, 0x62, 0x00, 0x42, 0x00, 0x42, 0x00, 0x42, 0x00, 0x42, 0x00,
    0x42, 0x00, 0x42, 0x00, 0x42, 0x00, 0x42, 0x00, 0x42, 0x00, 0x62, 0x00, 0x62, 0x08, 0x62, 0x08,
    0x63, 0x08, 0x63, 0x08, 0x63, 0x08, 0x63, 0x08, 0x63, 0x08, 0x83, 0x08, 0x83, 0x08, 0x83, 0x08,
    0x84, 0x08, 0x84, 0x08, 0x84, 0x08, 0xa4, 0x08, 0xa4, 0x08, 0xa4, 0x08, 0xa5, 0x08, 0xa5, 0x08,
    0xc5, 0x08, 0xc5, 0x10, 0xc5, 0x10, 0xc6, 0x10, 0xe6, 0x10, 0xe6, 0x10, 0xc5, 0x08, 0xe6, 0x08,
    0x6b, 0x21, 0x54, 0x4a, 0x1c, 0x6b, 0x7f, 0x7b, 0x7f, 0x7b, 0x5f, 0x7b, 0x3e, 0x73, 0x3d, 0x73,
    0x3d, 0x73, 0x3d, 0x73, 0x3d, 0x73, 0x3d, 0x73, 0x3d, 0x73, 0x3d, 0x73, 0x3d, 0x73, 0x5d, 0x73,
    0x5d, 0x73, 0x5d, 0x73, 0x5d, 0x73, 0x5c, 0x7b, 0x5d, 0x7b, 0x5d, 0x7b, 0x5d, 0x7b, 0x5d, 0x7b,
    0x5d, 0x7b, 0x5d, 0x7b, 0x5d, 0x7b, 0x5d, 0x7b, 0x5d, 0x7b, 0x5d, 0x7b, 0x5d, 0x7b, 0x5d, 0x7b,
    0x5d, 0x7b, 0x5d, 0x7b, 0x5d, 0x7b, 0x5d, 0x7b, 0x5d, 0x7b, 0x5d, 0x7b, 0x3d, 0x7b, 0x3d, 0x7b,
    0x3d, 0x7b, 0x3d, 0x7b, 0x3d, 0x7b, 0x3d, 0x7b, 0x3d, 0x7b, 0x3d, 0x7b, 0x3d, 0x7b, 0x3d, 0x7b,
    0x3d, 0x7b, 0x3d, 0x7b, 0x3d, 0x7b, 0x3c, 0x7b, 0x3c, 0x7b, 0x3c, 0x7b, 0x3c, 0x7b, 0x3c, 0x7b,
    0x3c, 0x7b, 0x3c, 0x7b, 0x3c, 0x7b, 0x3c, 0x7b, 0x3c, 0x7b, 0x3c, 0x7b, 0x3c, 0x7b, 0x3c, 0x7b,
    0x3c, 0x7b, 0x3c, 0x7b, 0x3c, 0x83, 0x3c, 0x83, 0x3c, 0x83, 0x3c, 0x83, 0x3c, 0x83, 0x3c, 0x83,
    0x3c, 0x83, 0x3c, 0x83, 0x3c, 0x83, 0x3c, 0x83, 0x3c, 0x83, 0x1c, 0x83, 0x1c, 0x83, 0x1c, 0x83,
    0x1c, 0x83, 0x1c, 0x83, 0x1c, 0x83, 0x1c, 0x83, 0x1c, 0x83, 0x1c, 0x83, 0x1c, 0x83, 0x1c, 0x83,
    0x1c, 0x83, 0x1c, 0x83, 0x1c, 0x83, 0x1c, 0x83, 0x1c, 0x83, 0x1c, 0x83, 0x1c, 0x83, 0x1c, 0x83,
    0x1c, 0x83, 0x1c, 0x83, 0x1c, 0x83, 0x1c, 0x83, 0x1c, 0x83, 0x1c, 0x83, 0x1c, 0x83, 0x1c, 0x83,
    0x1c, 0x83, 0x1c, 0x83, 0x1c, 0x83, 0x1c, 0x83, 0x1c, 0x83, 0x1c, 0x83, 0x1c, 0x83, 0x1c, 0x83,
    0x1c, 0x83, 0x1c, 0x8b, 0x1c, 0x8b, 0xfc, 0x8a, 0xfc, 0x8a, 0xfc, 0x8a, 0xfc, 0x8a, 0xfc, 0x8a,
    0xfc, 0x8a, 0xfc, 0x82, 0xfc, 0x82, 0xdd, 0x82, 0xdd, 0x8a, 0xdd, 0x8a, 0xdd, 0x82, 0xdd, 0x82,
    0xdd, 0x8a, 0xde, 0x8a, 0xff, 0x92, 0xff, 0x92, 0xff, 0x92, 0xbc, 0x82, 0x14, 0x52, 0x4b, 0x29,
    0xe6, 0x08, 0xc5, 0x08, 0xe6, 0x10, 0xe6, 0x10, 0xc6, 0x10, 0xc5, 0x10, 0xc5, 0x10, 0xc5, 0x08,
    0xa5, 0x08, 0xa5, 0x08, 0xa4, 0x08, 0xa4, 0x08, 0xa4, 0x08, 0x84, 0x08, 0x84, 0x08, 0x84, 0x08,
    0x83, 0x08, 0x83, 0x08, 0x83, 0x08, 0x63, 0x08, 0x63, 0x08, 0x63, 0x08, 0x63, 0x08, 0x63, 0x08,
    0x62, 0x08, 0x62, 0x08, 0x62, 0x00, 0x42, 0x00, 0x42, 0x00, 0x42, 0x00, 0x42, 0x00, 0x42, 0x00,
    0x42, 0x00, 0x42, 0x00, 0x42, 0x00, 0x42, 0x00, 0x42, 0x00, 0x42, 0x00, 0x62, 0x00, 0x62, 0x08,
    0x62, 0x08, 0x63, 0x08, 0x63, 0x08, 0x63, 0x08, 0x63, 0x08, 0x63, 0x08, 0x83, 0x08, 0x83, 0x08,
    0x83, 0x08, 0x84, 0x08, 0x84, 0x08, 0x84, 0x08, 0xa4, 0x08, 0xa4, 0x08, 0xa5, 0x08, 0xa5, 0x08,
    0xc5, 0x08, 0xc5, 0x08, 0xc5, 0x10, 0xc6, 0x10, 0xe6, 0x10, 0xe6, 0x10, 0xe7, 0x10, 0x07, 0x11,
    0xe6, 0x10, 0xe5, 0x08, 0x28, 0x19, 0xce, 0x31, 0x76, 0x52, 0xfb, 0x6a, 0x5f, 0x7b, 0x7f, 0x7b,
    0x7f, 0x7b, 0x5f, 0x7b, 0x3e, 0x73, 0x3d, 0x73, 0x3d, 0x73, 0x1d, 0x73, 0x3d, 0x73, 0x3d, 0x73,
    0x3d, 0x73, 0x3d, 0x73, 0x3d, 0x73, 0x3d, 0x73, 0x3d, 0x73, 0x3d, 0x73, 0x3d, 0x73, 0x3d, 0x73,
    0x3d, 0x73, 0x3d, 0x73, 0x3d, 0x73, 0x3d, 0x73, 0x3d, 0x73, 0x3d, 0x73, 0x3d, 0x73, 0x3d, 0x73,
    0x3d, 0x73, 0x3d, 0x7b, 0x3d, 0x7b, 0x3d, 0x7b, 0x3d, 0x7b, 0x3d, 0x7b, 0x3d, 0x7b, 0x3d, 0x7b,
    0x3d, 0x7b, 0x3d, 0x7b, 0x3d, 0x7b, 0x3d, 0x7b, 0x3d, 0x7b, 0x3d, 0x7b, 0x1d, 0x7b, 0x1d, 0x7b,
    0x1d, 0x7b, 0x1d, 0x7b, 0x1d, 0x7b, 0x1d, 0x7b, 0x1d, 0x7b, 0x1d, 0x7b, 0x1d, 0x7b, 0x1d, 0x7b,
    0x1d, 0x7b, 0x1d, 0x7b, 0x1d, 0x7b, 0x1d, 0x7b, 0x1d, 0x7b, 0x1d, 0x7b, 0x1d, 0x7b, 0x1d, 0x7b,
    0x1d, 0x7b, 0x1d, 0x7b, 0x1d, 0x7b, 0x1d, 0x7b, 0x1d, 0x7b, 0x1d, 0x7b, 0x1d, 0x7b, 0x1d, 0x7b,
    0x1d, 0x7b, 0x1d, 0x7b, 0x1d, 0x7b, 0x1d, 0x7b, 0x1d, 0x83, 0x1d, 0x83, 0x1d, 0x83, 0x1d, 0x83,
    0x1d, 0x83, 0x1d, 0x83, 0x1d, 0x83, 0x1d, 0x83, 0xfd, 0x82, 0xfd, 0x82, 0xfd, 0x82, 0xfd, 0x82,
    0xfd, 0x82, 0xfd, 0x82, 0xfd, 0x82, 0xfc, 0x82, 0xfc, 0x82, 0xfc, 0x82, 0xfc, 0x82, 0xfc, 0x82,
    0xfc, 0x82, 0xfc, 0x82, 0xfc, 0x82, 0xfc, 0x82, 0xfc, 0x82, 0xfc, 0x82, 0xfc, 0x82, 0xfc, 0x82,
    0xfc, 0x82, 0xfc, 0x82, 0xfc, 0x82, 0xfc, 0x82, 0xfc, 0x82, 0xfc, 0x82, 0xfc, 0x82, 0xfc, 0x82,
    0xfc, 0x82, 0xfc, 0x82, 0xfc, 0x82, 0xfd, 0x82, 0xfd, 0x82, 0xfd, 0x82, 0xdd, 0x82, 0xdd, 0x82,
    0xdd, 0x82, 0xdd, 0x82, 0xdd, 0x82, 0xdd, 0x82, 0xdd, 0x8a, 0xde, 0x8a, 0xfe, 0x8a, 0xff, 0x92,
    0xff, 0x92, 0xff, 0x92, 0xbb, 0x7a, 0x36, 0x62, 0xae, 0x39, 0x28, 0x19, 0xe5, 0x08, 0xe6, 0x08,
    0x07, 0x11, 0xe7, 0x10, 0xe6, 0x10, 0xe6, 0x10, 0xc6, 0x10, 0xc5, 0x10, 0xc5, 0x08, 0xc5, 0x08,
    0xa5, 0x08, 0xa5, 0x08, 0xa4, 0x08, 0xa4, 0x08, 0x84, 0x08, 0x84, 0x08, 0x84, 0x08, 0x83, 0x08,
    0x83, 0x08, 0x83, 0x08, 0x63, 0x08, 0x63, 0x08, 0x63, 0x08, 0x63, 0x08, 0x63, 0x08, 0x62, 0x08,
    0x62, 0x08, 0x62, 0x00, 0x42, 0x00, 0x42, 0x00, 0x42, 0x00, 0x42, 0x00, 0x42, 0x00, 0x42, 0x00,
    0x42, 0x00, 0x42, 0x00, 0x42, 0x00, 0x42, 0x00, 0x42, 0x00, 0x42, 0x00, 0x42, 0x00, 0x62, 0x00,
    0x62, 0x08, 0x62, 0x08, 0x63, 0x08, 0x63, 0x08, 0x63, 0x08, 0x63, 0x08, 0x63, 0x08, 0x83, 0x08,
    0x83, 0x08, 0x84, 0x08, 0x84, 0x08, 0x84, 0x08, 0xa4, 0x08, 0xa4, 0x08, 0xa4, 0x08, 0xa5, 0x08,
    0xa5, 0x08, 0xc5, 0x08, 0xc5, 0x10, 0xc5, 0x10, 0xc6, 0x10, 0xe6, 0x10, 0xe6, 0x10, 0xe6, 0x10,
    0x07, 0x11, 0x07, 0x11, 0x07, 0x11, 0xe6, 0x10, 0x06, 0x11, 0x28, 0x19, 0x8d, 0x29, 0x32, 0x42,
    0x97, 0x5a, 0x1c, 0x6b, 0x3d, 0x73, 0x5f, 0x7b, 0x5f, 0x7b, 0x5f, 0x7b, 0x5f, 0x7b, 0x5f, 0x7b,
    0x3e, 0x73, 0x3e, 0x73, 0x3e, 0x73, 0x3e, 0x73, 0x3d, 0x73, 0x3d, 0x73, 0x3d, 0x73, 0x3d, 0x73,
    0x3d, 0x73, 0x3d, 0x73, 0x3d, 0x73, 0x1d, 0x73, 0x1d, 0x73, 0x1d, 0x73, 0x1d, 0x73, 0x1d, 0x73,
    0x1d, 0x7b, 0x1d, 0x7b, 0x1d, 0x7b, 0x1d, 0x7b, 0x1d, 0x7b, 0x1d, 0x7b, 0x1d, 0x7b, 0x1d, 0x7b,
    0x1d, 0x7b, 0x1d, 0x7b, 0x1d, 0x7b, 0x1d, 0x7b, 0x1d, 0x7b, 0x1d, 0x7b, 0x1d, 0x7b, 0x1d, 0x7b,
    0x1d, 0x7b, 0x1d, 0x7b, 0x1d, 0x7b, 0x1d, 0x7b, 0x1d, 0x7b, 0x1d, 0x7b, 0x1d, 0x7b, 0x1d, 0x7b,
    0x1d, 0x7b, 0x1d, 0x7b, 0x1d, 0x7b, 0x1d, 0x7b, 0x1d, 0x7b, 0x1d, 0x7b, 0x1d, 0x7b, 0x1d, 0x7b,
    0x1d, 0x7b, 0x1d, 0x7b, 0x1d, 0x7b, 0x1d, 0x7b, 0x1d, 0x7b, 0x1d, 0x7b, 0x1d, 0x7b, 0x1d, 0x7b,
    0x1d, 0x7b, 0x1d, 0x7b, 0xfd, 0x82, 0xfd, 0x82, 0xfd, 0x82, 0xfd, 0x82, 0xfd, 0x82, 0xfd, 0x82,
    0xfd, 0x82, 0xfd, 0x82, 0xfd, 0x82, 0xfd, 0x82, 0xfd, 0x82, 0xfd, 0x82, 0xfd, 0x82, 0xfd, 0x82,
    0xfd, 0x82, 0xfd, 0x82, 0xfd, 0x82, 0xfd, 0x82, 0xfd, 0x82, 0xfd, 0x82, 0xfd, 0x82, 0xfd, 0x82,
    0xfd, 0x82, 0xfd, 0x82, 0xfd, 0x82, 0xfd, 0x82, 0xfd, 0x82, 0xfd, 0x82, 0xfd, 0x82, 0xfd, 0x82,
    0xfd, 0x82, 0xfd, 0x82, 0xfd, 0x82, 0xfd, 0x82, 0xfd, 0x82, 0xfd, 0x82, 0xfd, 0x82, 0xfd, 0x82,
    0xdd, 0x82, 0xdd, 0x82, 0xdd, 0x82, 0xdd, 0x82, 0xdd, 0x8a, 0xdd, 0x8a, 0xdd, 0x8a, 0xfe, 0x8a,
    0xfe, 0x8a, 0xfe, 0x8a, 0xff, 0x92, 0xff, 0x92, 0xff, 0x8a, 0xdd, 0x82, 0xbc, 0x7a, 0x57, 0x62,
    0xf2, 0x49, 0x8d, 0x29, 0x28, 0x19, 0x06, 0x09, 0x06, 0x09, 0x07, 0x11, 0x07, 0x11, 0x07, 0x11,
    0xe6, 0x10, 0xe6, 0x10, 0xe6, 0x10, 0xc6, 0x10, 0xc5, 0x10, 0xc5, 0x10, 0xc5, 0x08, 0xa5, 0x08,
    0xa5, 0x08, 0xa4, 0x08, 0xa4, 0x08, 0xa4, 0x08, 0x84, 0x08, 0x84, 0x08, 0x84, 0x08, 0x83, 0x08,
    0x83, 0x08, 0x63, 0x08, 0x63, 0x08, 0x63, 0x08, 0x63, 0x08, 0x63, 0x08, 0x62, 0x08, 0x62, 0x08,
    0x62, 0x00, 0x42, 0x00, 0x42, 0x00, 0x42, 0x00, 0x42, 0x00, 0x42, 0x00, 0x42, 0x00, 0x42, 0x00,
    0x42, 0x00, 0x42, 0x00, 0x42, 0x00, 0x42, 0x00, 0x42, 0x00, 0x42, 0x00, 0x42, 0x00, 0x62, 0x00,
    0x62, 0x00, 0x62, 0x08, 0x63, 0x08, 0x63, 0x08, 0x63, 0x08, 0x63, 0x08, 0x63, 0x08, 0x83, 0x08,
    0x83, 0x08, 0x83, 0x08, 0x84, 0x08, 0x84, 0x08, 0xa4, 0x08, 0xa4, 0x08, 0xa4, 0x08, 0xa5, 0x08,
    0xa5, 0x08, 0xc5, 0x08, 0xc5, 0x08, 0xc5, 0x10, 0xc6, 0x10, 0xe6, 0x10, 0xe6, 0x10, 0xe6, 0x10,
    0xe7, 0x10, 0x07, 0x11, 0x07, 0x11, 0x28, 0x11, 0x28, 0x19, 0x28, 0x11, 0x07, 0x11, 0x07, 0x11,
    0x28, 0x11, 0x4a, 0x19, 0x8c, 0x21, 0xf0, 0x31, 0x54, 0x4a, 0x75, 0x4a, 0xfa, 0x62, 0xfa, 0x62,
    0x1c, 0x6b, 0x3f, 0x7b, 0x3e, 0x7b, 0x3e, 0x7b, 0x3e, 0x7b, 0x3e, 0x7b, 0x3e, 0x7b, 0x3e, 0x7b,
    0x3e, 0x7b, 0x3e, 0x7b, 0x3e, 0x7b, 0x3e, 0x7b, 0x3e, 0x7b, 0x3e, 0x7b, 0x3e, 0x7b, 0x3e, 0x7b,
    0x3e, 0x7b, 0x3e, 0x7b, 0x3e, 0x7b, 0x3e, 0x7b, 0x3e, 0x7b, 0x3e, 0x7b, 0x3e, 0x7b, 0x3e, 0x7b,
    0x3e, 0x7b, 0x3e, 0x7b, 0x3e, 0x7b, 0x3e, 0x7b, 0x3e, 0x7b, 0x1e, 0x7b, 0x1e, 0x7b, 0x1e, 0x7b,
    0x1e, 0x7b, 0x1e, 0x7b, 0x1e, 0x7b, 0x1e, 0x7b, 0x1e, 0x7b, 0x1e, 0x7b, 0x1e, 0x7b, 0x1e, 0x7b,
    0x1e, 0x7b, 0x1e, 0x7b, 0x1e, 0x7b, 0x1e, 0x7b, 0x1e, 0x7b, 0x1e, 0x7b, 0x1e, 0x7b, 0x1e, 0x83,
    0x1e, 0x83, 0x1e, 0x83, 0x1e, 0x83, 0x1e, 0x83, 0x1e, 0x83, 0x1e, 0x83, 0x1e, 0x83, 0x1e, 0x83,
    0x1e, 0x83, 0x1e, 0x83, 0x1e, 0x83, 0x1e, 0x83, 0x1e, 0x83, 0x1e, 0x83, 0x1e, 0x83, 0x1e, 0x83,
    0x1e, 0x83, 0x1e, 0x83, 0x1e, 0x83, 0xfe, 0x82, 0xfe, 0x82, 0xfe, 0x82, 0xfe, 0x82, 0xfe, 0x82,
    0xfe, 0x82, 0xfe, 0x82, 0xfe, 0x82, 0xfe, 0x82, 0xfe, 0x82, 0xfe, 0x82, 0xfe, 0x82, 0xfe, 0x82,
    0xfe, 0x82, 0xfe, 0x82, 0xfe, 0x82, 0xfe, 0x82, 0xfe, 0x82, 0xfe, 0x82, 0xfe, 0x82, 0xfe, 0x82,
    0xfe, 0x82, 0xfe, 0x8a, 0xfe, 0x8a, 0xfe, 0x8a, 0xfe, 0x8a, 0xfe, 0x8a, 0xfe, 0x8a, 0xfe, 0x8a,
    0xfe, 0x8a, 0xfe, 0x8a, 0xfe, 0x8a, 0xfe, 0x8a, 0xfe, 0x8a, 0xfe, 0x8a, 0xfe, 0x8a, 0xdc, 0x82,
    0x9a, 0x72, 0x9a, 0x72, 0x55, 0x5a, 0x34, 0x52, 0xd0, 0x39, 0x8c, 0x29, 0x4a, 0x19, 0x28, 0x11,
    0x07, 0x09, 0x07, 0x11, 0x28, 0x11, 0x28, 0x19, 0x28, 0x11, 0x07, 0x11, 0x07, 0x11, 0xe7, 0x10,
    0xe6, 0x10, 0xe6, 0x10, 0xe6, 0x10, 0xc6, 0x10, 0xc5, 0x10, 0xc5, 0x08, 0xc5, 0x08, 0xa5, 0x08,
    0xa5, 0x08, 0xa4, 0x08, 0xa4, 0x08, 0xa4, 0x08, 0x84, 0x08, 0x84, 0x08, 0x83, 0x08, 0x83, 0x08,
    0x83, 0x08, 0x63, 0x08, 0x63, 0x08, 0x63, 0x08, 0x63, 0x08, 0x63, 0x08, 0x62, 0x08, 0x62, 0x00,
    0x62, 0x00, 0x42, 0x00, 0x42, 0x00, 0x42, 0x00, 0x42, 0x00, 0x42, 0x00, 0x42, 0x00, 0x42, 0x00,
};

const lv_image_dsc_t icon_xiaozhi = {
    .header.cf    = LV_COLOR_FORMAT_RGB565,
    .header.magic = LV_IMAGE_HEADER_MAGIC,
    .header.w     = 200,
    .header.h     = 200,
    .data_size    = 80000,
    .data         = icon_xiaozhi_map,
};
